-- LMS Al Azhar SMP SQL dump
-- Generated from Laravel SQLite database on 2026-07-23 03:13:10 +00:00
SET SQL_MODE = "NO_AUTO_VALUE_ON_ZERO";
SET time_zone = "+00:00";
SET FOREIGN_KEY_CHECKS=0;
SET NAMES utf8mb4;

DROP TABLE IF EXISTS `administrasi_guru_checklists`;
CREATE TABLE `administrasi_guru_checklists` (
  `id` bigint unsigned NOT NULL AUTO_INCREMENT,
  `guru_id` bigint unsigned NOT NULL,
  `dokumen` varchar(255) NOT NULL,
  `status` varchar(255) NOT NULL DEFAULT 'belum_lengkap',
  `tanggal_dilengkapi` date NULL,
  `reviewed_by` int NULL,
  `reviewed_at` datetime NULL,
  `catatan_reviewer` text NULL,
  `tahun_ajaran` varchar(255) NOT NULL DEFAULT '2026/2027',
  `semester` varchar(255) NOT NULL DEFAULT 'Ganjil',
  `created_at` datetime NULL,
  `updated_at` datetime NULL,
  PRIMARY KEY (`id`),
  KEY `administrasi_guru_checklists_semester_index` (`semester`),
  KEY `administrasi_guru_checklists_tahun_ajaran_index` (`tahun_ajaran`),
  KEY `administrasi_guru_checklists_status_index` (`status`),
  UNIQUE KEY `administrasi_guru_unique` (`guru_id`, `dokumen`, `tahun_ajaran`, `semester`)
) ENGINE=InnoDB DEFAULT CHARSET=utf8mb4 COLLATE=utf8mb4_unicode_ci;

INSERT INTO `administrasi_guru_checklists` (`id`, `guru_id`, `dokumen`, `status`, `tanggal_dilengkapi`, `reviewed_by`, `reviewed_at`, `catatan_reviewer`, `tahun_ajaran`, `semester`, `created_at`, `updated_at`) VALUES
('1', '12', 'Cover', 'lengkap', '2026-07-20 00:00:00', '78', '2026-07-23 10:11:33', 'Checklist Demo.', '2026/2027', 'Ganjil', '2026-07-23 10:11:33', '2026-07-23 10:11:33'),
('2', '12', 'Kalender Pendidikan', 'lengkap', '2026-07-20 00:00:00', '78', '2026-07-23 10:11:33', 'Checklist Demo.', '2026/2027', 'Ganjil', '2026-07-23 10:11:33', '2026-07-23 10:11:33'),
('3', '12', 'Silabus', 'lengkap', '2026-07-20 00:00:00', '78', '2026-07-23 10:11:33', 'Checklist Demo.', '2026/2027', 'Ganjil', '2026-07-23 10:11:33', '2026-07-23 10:11:33'),
('4', '12', 'Program Tahunan', 'lengkap', '2026-07-20 00:00:00', '78', '2026-07-23 10:11:33', 'Checklist Demo.', '2026/2027', 'Ganjil', '2026-07-23 10:11:33', '2026-07-23 10:11:33'),
('5', '12', 'Program Semester 1', 'lengkap', '2026-07-20 00:00:00', '78', '2026-07-23 10:11:33', 'Checklist Demo.', '2026/2027', 'Ganjil', '2026-07-23 10:11:33', '2026-07-23 10:11:33'),
('6', '12', 'RPP Semester 1', 'lengkap', '2026-07-20 00:00:00', '78', '2026-07-23 10:11:33', 'Checklist Demo.', '2026/2027', 'Ganjil', '2026-07-23 10:11:33', '2026-07-23 10:11:33'),
('7', '12', 'Remedial dan Pengayaan', 'lengkap', '2026-07-20 00:00:00', '78', '2026-07-23 10:11:33', 'Checklist Demo.', '2026/2027', 'Ganjil', '2026-07-23 10:11:33', '2026-07-23 10:11:33');

DROP TABLE IF EXISTS `badges`;
CREATE TABLE `badges` (
  `id` bigint unsigned NOT NULL AUTO_INCREMENT,
  `nama` varchar(255) NOT NULL,
  `deskripsi` varchar(255) NOT NULL,
  `icon` varchar(255) NOT NULL DEFAULT '⭐',
  `created_at` datetime NULL,
  `updated_at` datetime NULL,
  PRIMARY KEY (`id`)
) ENGINE=InnoDB DEFAULT CHARSET=utf8mb4 COLLATE=utf8mb4_unicode_ci;

INSERT INTO `badges` (`id`, `nama`, `deskripsi`, `icon`, `created_at`, `updated_at`) VALUES
('1', 'Demo Rajin Belajar', 'Badge Demo untuk akun siswa dummy.', '*', '2026-07-23 10:11:33', '2026-07-23 10:11:33'),
('2', 'Rajin Belajar', 'Aktif 30 hari berturut-turut', '⭐', '2026-07-23 10:11:36', '2026-07-23 10:11:36'),
('3', 'Juara Quiz', 'Nilai quiz di atas 90', '🎯', '2026-07-23 10:11:36', '2026-07-23 10:11:36'),
('4', 'Pembaca Aktif', 'Baca 20 materi', '📖', '2026-07-23 10:11:36', '2026-07-23 10:11:36'),
('5', 'Hafidz Cilik', 'Hafal 1 juz Al-Qur''an', '📿', '2026-07-23 10:11:36', '2026-07-23 10:11:36');

DROP TABLE IF EXISTS `banding_nilai`;
CREATE TABLE `banding_nilai` (
  `id` bigint unsigned NOT NULL AUTO_INCREMENT,
  `nilai_id` bigint unsigned NOT NULL,
  `siswa_id` bigint unsigned NOT NULL,
  `alasan_siswa` text NOT NULL,
  `status` varchar(255) NOT NULL DEFAULT 'pending',
  `catatan_guru` text NULL,
  `created_at` datetime NULL,
  `updated_at` datetime NULL,
  PRIMARY KEY (`id`)
) ENGINE=InnoDB DEFAULT CHARSET=utf8mb4 COLLATE=utf8mb4_unicode_ci;

DROP TABLE IF EXISTS `cache`;
CREATE TABLE `cache` (
  `key` varchar(255) NOT NULL,
  `value` text NOT NULL,
  `expiration` int NOT NULL,
  PRIMARY KEY (`key`),
  KEY `cache_expiration_index` (`expiration`)
) ENGINE=InnoDB DEFAULT CHARSET=utf8mb4 COLLATE=utf8mb4_unicode_ci;

DROP TABLE IF EXISTS `cache_locks`;
CREATE TABLE `cache_locks` (
  `key` varchar(255) NOT NULL,
  `owner` varchar(255) NOT NULL,
  `expiration` int NOT NULL,
  PRIMARY KEY (`key`),
  KEY `cache_locks_expiration_index` (`expiration`)
) ENGINE=InnoDB DEFAULT CHARSET=utf8mb4 COLLATE=utf8mb4_unicode_ci;

DROP TABLE IF EXISTS `catatan_wali`;
CREATE TABLE `catatan_wali` (
  `id` bigint unsigned NOT NULL AUTO_INCREMENT,
  `siswa_id` bigint unsigned NOT NULL,
  `semester` varchar(255) NOT NULL DEFAULT 'Genap 2025/2026',
  `catatan` text NOT NULL,
  `created_by` int NOT NULL,
  `created_at` datetime NULL,
  `updated_at` datetime NULL,
  PRIMARY KEY (`id`)
) ENGINE=InnoDB DEFAULT CHARSET=utf8mb4 COLLATE=utf8mb4_unicode_ci;

INSERT INTO `catatan_wali` (`id`, `siswa_id`, `semester`, `catatan`, `created_by`, `created_at`, `updated_at`) VALUES
('1', '67', 'Ganjil 2026/2027', 'Catatan wali Demo: Ananda aktif mengikuti pembelajaran.', '12', '2026-07-23 10:11:33', '2026-07-23 10:11:33'),
('2', '1', 'Genap 2025/2026', 'Ananda aktif dalam kegiatan kelas, namun perlu lebih teliti.', '3', '2026-07-23 10:11:35', '2026-07-23 10:11:35'),
('3', '2', 'Genap 2025/2026', 'Ananda aktif dalam kegiatan kelas, namun perlu lebih teliti.', '2', '2026-07-23 10:11:35', '2026-07-23 10:11:35'),
('4', '3', 'Genap 2025/2026', 'Ananda aktif dalam kegiatan kelas, namun perlu lebih teliti.', '2', '2026-07-23 10:11:35', '2026-07-23 10:11:35'),
('5', '4', 'Genap 2025/2026', 'Ananda aktif dalam kegiatan kelas, namun perlu lebih teliti.', '12', '2026-07-23 10:11:35', '2026-07-23 10:11:35'),
('6', '5', 'Genap 2025/2026', 'Ananda aktif dalam kegiatan kelas, namun perlu lebih teliti.', '1', '2026-07-23 10:11:35', '2026-07-23 10:11:35'),
('7', '6', 'Genap 2025/2026', 'Ananda aktif dalam kegiatan kelas, namun perlu lebih teliti.', '1', '2026-07-23 10:11:35', '2026-07-23 10:11:35'),
('8', '7', 'Genap 2025/2026', 'Ananda aktif dalam kegiatan kelas, namun perlu lebih teliti.', '5', '2026-07-23 10:11:35', '2026-07-23 10:11:35'),
('9', '8', 'Genap 2025/2026', 'Ananda adalah siswa yang rajin dan memiliki semangat belajar tinggi.', '2', '2026-07-23 10:11:35', '2026-07-23 10:11:35'),
('10', '9', 'Genap 2025/2026', 'Ananda aktif dalam kegiatan kelas, namun perlu lebih teliti.', '5', '2026-07-23 10:11:35', '2026-07-23 10:11:35'),
('11', '10', 'Genap 2025/2026', 'Ananda memiliki potensi besar di bidang agama. Pertahankan!', '6', '2026-07-23 10:11:35', '2026-07-23 10:11:35');

DROP TABLE IF EXISTS `cbt_exams`;
CREATE TABLE `cbt_exams` (
  `id` bigint unsigned NOT NULL AUTO_INCREMENT,
  `judul` varchar(255) NOT NULL,
  `deskripsi` text NULL,
  `mapel_id` bigint unsigned NOT NULL,
  `kelas_id` bigint unsigned NULL,
  `guru_id` bigint unsigned NOT NULL,
  `durasi` int NOT NULL,
  `jumlah_soal` int NOT NULL DEFAULT '0',
  `status` varchar(255) NOT NULL DEFAULT 'draft',
  `approved_by` int NULL,
  `approved_at` datetime NULL,
  `catatan_reject` text NULL,
  `created_at` datetime NULL,
  `updated_at` datetime NULL,
  `tipe` varchar(255) NOT NULL DEFAULT 'ulangan',
  `metode` varchar(255) NOT NULL DEFAULT 'online',
  PRIMARY KEY (`id`)
) ENGINE=InnoDB DEFAULT CHARSET=utf8mb4 COLLATE=utf8mb4_unicode_ci;

DROP TABLE IF EXISTS `cbt_jawabans`;
CREATE TABLE `cbt_jawabans` (
  `id` bigint unsigned NOT NULL AUTO_INCREMENT,
  `cbt_exam_id` bigint unsigned NOT NULL,
  `cbt_soal_id` bigint unsigned NOT NULL,
  `siswa_id` bigint unsigned NOT NULL,
  `jawaban` text NULL,
  `nilai` decimal(10,2) NULL,
  `dinilai` tinyint NOT NULL DEFAULT '0',
  `created_at` datetime NULL,
  `updated_at` datetime NULL,
  PRIMARY KEY (`id`),
  UNIQUE KEY `cbt_jawabans_cbt_soal_id_siswa_id_unique` (`cbt_soal_id`, `siswa_id`)
) ENGINE=InnoDB DEFAULT CHARSET=utf8mb4 COLLATE=utf8mb4_unicode_ci;

DROP TABLE IF EXISTS `cbt_soals`;
CREATE TABLE `cbt_soals` (
  `id` bigint unsigned NOT NULL AUTO_INCREMENT,
  `cbt_exam_id` bigint unsigned NOT NULL,
  `nomor` int NOT NULL,
  `soal` text NOT NULL,
  `tipe` varchar(255) NOT NULL DEFAULT 'pg',
  `pilihan_a` text NULL,
  `pilihan_b` text NULL,
  `pilihan_c` text NULL,
  `pilihan_d` text NULL,
  `jawaban_benar` varchar(255) NULL,
  `bobot` int NOT NULL DEFAULT '1',
  `created_at` datetime NULL,
  `updated_at` datetime NULL,
  `kesulitan` varchar(255) NOT NULL DEFAULT 'sedang',
  PRIMARY KEY (`id`)
) ENGINE=InnoDB DEFAULT CHARSET=utf8mb4 COLLATE=utf8mb4_unicode_ci;

DROP TABLE IF EXISTS `failed_jobs`;
CREATE TABLE `failed_jobs` (
  `id` bigint unsigned NOT NULL AUTO_INCREMENT,
  `uuid` varchar(255) NOT NULL,
  `connection` varchar(255) NOT NULL,
  `queue` varchar(255) NOT NULL,
  `payload` text NOT NULL,
  `exception` text NOT NULL,
  `failed_at` datetime NOT NULL DEFAULT CURRENT_TIMESTAMP,
  PRIMARY KEY (`id`),
  UNIQUE KEY `failed_jobs_uuid_unique` (`uuid`),
  KEY `failed_jobs_connection_queue_failed_at_index` (`connection`, `queue`, `failed_at`)
) ENGINE=InnoDB DEFAULT CHARSET=utf8mb4 COLLATE=utf8mb4_unicode_ci;

DROP TABLE IF EXISTS `guru`;
CREATE TABLE `guru` (
  `id` bigint unsigned NOT NULL AUTO_INCREMENT,
  `user_id` bigint unsigned NOT NULL,
  `nip` varchar(255) NOT NULL,
  `nama` varchar(255) NOT NULL,
  `alamat` text NULL,
  `no_telp` varchar(255) NULL,
  `status` varchar(255) NOT NULL DEFAULT 'aktif',
  `created_at` datetime NULL,
  `updated_at` datetime NULL,
  `mapel_id` bigint unsigned NULL,
  PRIMARY KEY (`id`),
  UNIQUE KEY `guru_nip_unique` (`nip`)
) ENGINE=InnoDB DEFAULT CHARSET=utf8mb4 COLLATE=utf8mb4_unicode_ci;

INSERT INTO `guru` (`id`, `user_id`, `nip`, `nama`, `alamat`, `no_telp`, `status`, `created_at`, `updated_at`, `mapel_id`) VALUES
('1', '1', '1001', 'Sahrial Pulungan, M.Pd', NULL, NULL, 'aktif', '2026-07-23 10:11:17', '2026-07-23 10:11:17', '18'),
('2', '2', '1002', 'Riva Riana, S.Pd', NULL, NULL, 'aktif', '2026-07-23 10:11:18', '2026-07-23 10:11:18', '13'),
('3', '3', '1003', 'Adinda Oktavhiani S.Pd', NULL, NULL, 'aktif', '2026-07-23 10:11:18', '2026-07-23 10:11:18', '4'),
('4', '4', '1004', 'Intan Kusuma Dera, S.Ag', NULL, NULL, 'aktif', '2026-07-23 10:11:18', '2026-07-23 10:11:18', '9'),
('5', '5', '1005', 'Vika Wati Dzulciha, S.Ag', NULL, NULL, 'aktif', '2026-07-23 10:11:18', '2026-07-23 10:11:18', '16'),
('6', '6', '1006', 'Irnika Widiyan Dini, S.Li', NULL, NULL, 'aktif', '2026-07-23 10:11:18', '2026-07-23 10:11:18', '3'),
('7', '7', '1007', 'Ajeng Putyri Aryantika, S.Pd', NULL, NULL, 'aktif', '2026-07-23 10:11:19', '2026-07-23 10:11:19', '1'),
('8', '8', '1008', 'Nurhayati, S.Ag', NULL, NULL, 'aktif', '2026-07-23 10:11:19', '2026-07-23 10:11:19', '10'),
('9', '9', '1009', 'Sri Wanti Maulani, S.Pd', NULL, NULL, 'aktif', '2026-07-23 10:11:19', '2026-07-23 10:11:19', '6'),
('10', '10', '1010', 'Khoirunnisa, S.Ag', NULL, NULL, 'aktif', '2026-07-23 10:11:19', '2026-07-23 10:11:19', NULL),
('11', '11', '1011', 'Ai Sunariah, S.Pd', NULL, NULL, 'aktif', '2026-07-23 10:11:19', '2026-07-23 10:11:19', '43'),
('12', '78', 'GURU-DEMO-001', 'Guru Demo SMPIT', NULL, NULL, 'aktif', '2026-07-23 10:11:32', '2026-07-23 10:11:32', '1');

DROP TABLE IF EXISTS `guru_mapel`;
CREATE TABLE `guru_mapel` (
  `id` bigint unsigned NOT NULL AUTO_INCREMENT,
  `guru_id` bigint unsigned NOT NULL,
  `mapel_id` bigint unsigned NOT NULL,
  `created_at` datetime NULL,
  `updated_at` datetime NULL,
  PRIMARY KEY (`id`)
) ENGINE=InnoDB DEFAULT CHARSET=utf8mb4 COLLATE=utf8mb4_unicode_ci;

INSERT INTO `guru_mapel` (`id`, `guru_id`, `mapel_id`, `created_at`, `updated_at`) VALUES
('1', '1', '18', NULL, NULL),
('2', '1', '17', NULL, NULL),
('3', '2', '13', NULL, NULL),
('4', '2', '5', NULL, NULL),
('5', '2', '12', NULL, NULL),
('6', '3', '4', NULL, NULL),
('7', '3', '2', NULL, NULL),
('8', '3', '20', NULL, NULL),
('9', '3', '8', NULL, NULL),
('10', '4', '9', NULL, NULL),
('11', '5', '16', NULL, NULL),
('12', '6', '3', NULL, NULL),
('13', '7', '1', NULL, NULL),
('14', '8', '10', NULL, NULL),
('15', '8', '39', NULL, NULL),
('16', '8', '7', NULL, NULL),
('17', '8', '11', NULL, NULL),
('18', '9', '6', NULL, NULL),
('19', '9', '41', NULL, NULL),
('20', '9', '21', NULL, NULL),
('21', '11', '43', NULL, NULL),
('22', '11', '14', NULL, NULL),
('23', '11', '15', NULL, NULL),
('24', '12', '1', NULL, NULL),
('25', '12', '3', NULL, NULL),
('26', '12', '9', NULL, NULL);

DROP TABLE IF EXISTS `jadwal`;
CREATE TABLE `jadwal` (
  `id` bigint unsigned NOT NULL AUTO_INCREMENT,
  `kelas_id` bigint unsigned NOT NULL,
  `mapel_id` bigint unsigned NOT NULL,
  `guru_id` bigint unsigned NOT NULL,
  `hari` varchar(255) NOT NULL,
  `jam_mulai` varchar(255) NOT NULL,
  `jam_selesai` varchar(255) NULL,
  `created_at` datetime NULL,
  `updated_at` datetime NULL,
  PRIMARY KEY (`id`)
) ENGINE=InnoDB DEFAULT CHARSET=utf8mb4 COLLATE=utf8mb4_unicode_ci;

INSERT INTO `jadwal` (`id`, `kelas_id`, `mapel_id`, `guru_id`, `hari`, `jam_mulai`, `jam_selesai`, `created_at`, `updated_at`) VALUES
('1', '1', '30', '9', 'Senin', '07:00', '07:30', '2026-07-23 10:11:31', '2026-07-23 10:11:31'),
('2', '1', '25', '9', 'Senin', '07:30', '08:15', '2026-07-23 10:11:31', '2026-07-23 10:11:31'),
('3', '1', '12', '2', 'Senin', '08:15', '08:55', '2026-07-23 10:11:31', '2026-07-23 10:11:31'),
('4', '1', '12', '2', 'Senin', '08:55', '09:35', '2026-07-23 10:11:31', '2026-07-23 10:11:31'),
('5', '1', '22', '9', 'Senin', '09:35', '09:50', '2026-07-23 10:11:31', '2026-07-23 10:11:31'),
('6', '1', '9', '4', 'Senin', '09:50', '10:30', '2026-07-23 10:11:31', '2026-07-23 10:11:31'),
('7', '1', '9', '4', 'Senin', '10:30', '11:10', '2026-07-23 10:11:31', '2026-07-23 10:11:31'),
('8', '1', '3', '6', 'Senin', '11:10', '11:50', '2026-07-23 10:11:31', '2026-07-23 10:11:31'),
('9', '1', '23', '9', 'Senin', '11:50', '12:30', '2026-07-23 10:11:31', '2026-07-23 10:11:31'),
('10', '1', '22', '9', 'Senin', '12:30', '13:00', '2026-07-23 10:11:31', '2026-07-23 10:11:31'),
('11', '1', '3', '6', 'Senin', '13:00', '13:40', '2026-07-23 10:11:31', '2026-07-23 10:11:31'),
('12', '1', '6', '9', 'Senin', '13:40', '14:20', '2026-07-23 10:11:31', '2026-07-23 10:11:31'),
('13', '1', '6', '9', 'Senin', '14:20', '15:00', '2026-07-23 10:11:31', '2026-07-23 10:11:31'),
('14', '1', '20', '3', 'Senin', '15:00', '15:20', '2026-07-23 10:11:31', '2026-07-23 10:11:31'),
('15', '1', '24', '9', 'Senin', '15:20', '15:30', '2026-07-23 10:11:31', '2026-07-23 10:11:31'),
('16', '1', '30', '9', 'Selasa', '07:00', '07:30', '2026-07-23 10:11:31', '2026-07-23 10:11:31'),
('17', '1', '9', '4', 'Selasa', '07:30', '08:10', '2026-07-23 10:11:31', '2026-07-23 10:11:31'),
('18', '1', '9', '4', 'Selasa', '08:10', '08:50', '2026-07-23 10:11:31', '2026-07-23 10:11:31'),
('19', '1', '22', '9', 'Selasa', '08:50', '09:05', '2026-07-23 10:11:31', '2026-07-23 10:11:31'),
('20', '1', '10', '8', 'Selasa', '09:05', '09:45', '2026-07-23 10:11:31', '2026-07-23 10:11:31'),
('21', '1', '10', '8', 'Selasa', '09:45', '10:25', '2026-07-23 10:11:31', '2026-07-23 10:11:31'),
('22', '1', '1', '7', 'Selasa', '10:25', '11:05', '2026-07-23 10:11:31', '2026-07-23 10:11:31'),
('23', '1', '1', '7', 'Selasa', '11:05', '11:45', '2026-07-23 10:11:31', '2026-07-23 10:11:31'),
('24', '1', '23', '9', 'Selasa', '11:45', '12:30', '2026-07-23 10:11:31', '2026-07-23 10:11:31'),
('25', '1', '22', '9', 'Selasa', '12:30', '13:00', '2026-07-23 10:11:31', '2026-07-23 10:11:31'),
('26', '1', '3', '6', 'Selasa', '13:00', '13:40', '2026-07-23 10:11:31', '2026-07-23 10:11:31'),
('27', '1', '2', '3', 'Selasa', '13:40', '14:20', '2026-07-23 10:11:31', '2026-07-23 10:11:31'),
('28', '1', '2', '3', 'Selasa', '14:20', '15:00', '2026-07-23 10:11:31', '2026-07-23 10:11:31'),
('29', '1', '20', '3', 'Selasa', '15:00', '15:20', '2026-07-23 10:11:31', '2026-07-23 10:11:31'),
('30', '1', '24', '9', 'Selasa', '15:20', '15:30', '2026-07-23 10:11:31', '2026-07-23 10:11:31'),
('31', '1', '30', '9', 'Rabu', '07:00', '07:30', '2026-07-23 10:11:31', '2026-07-23 10:11:31'),
('32', '1', '21', '9', 'Rabu', '07:30', '09:00', '2026-07-23 10:11:31', '2026-07-23 10:11:31'),
('33', '1', '22', '9', 'Rabu', '09:00', '09:15', '2026-07-23 10:11:31', '2026-07-23 10:11:31'),
('34', '1', '9', '4', 'Rabu', '09:15', '09:55', '2026-07-23 10:11:31', '2026-07-23 10:11:31'),
('35', '1', '9', '4', 'Rabu', '09:55', '10:35', '2026-07-23 10:11:31', '2026-07-23 10:11:31'),
('36', '1', '4', '3', 'Rabu', '10:35', '11:15', '2026-07-23 10:11:31', '2026-07-23 10:11:31'),
('37', '1', '4', '3', 'Rabu', '11:15', '11:55', '2026-07-23 10:11:31', '2026-07-23 10:11:31'),
('38', '1', '23', '9', 'Rabu', '11:55', '12:30', '2026-07-23 10:11:31', '2026-07-23 10:11:31'),
('39', '1', '22', '9', 'Rabu', '12:30', '13:00', '2026-07-23 10:11:31', '2026-07-23 10:11:31'),
('40', '1', '5', '2', 'Rabu', '13:00', '13:40', '2026-07-23 10:11:31', '2026-07-23 10:11:31'),
('41', '1', '16', '5', 'Rabu', '13:40', '14:20', '2026-07-23 10:11:31', '2026-07-23 10:11:31'),
('42', '1', '16', '5', 'Rabu', '14:20', '15:00', '2026-07-23 10:11:31', '2026-07-23 10:11:31'),
('43', '1', '20', '3', 'Rabu', '15:00', '15:20', '2026-07-23 10:11:31', '2026-07-23 10:11:31'),
('44', '1', '24', '9', 'Rabu', '15:20', '15:30', '2026-07-23 10:11:31', '2026-07-23 10:11:31'),
('45', '1', '30', '9', 'Kamis', '07:00', '07:30', '2026-07-23 10:11:31', '2026-07-23 10:11:31'),
('46', '1', '5', '2', 'Kamis', '07:30', '08:10', '2026-07-23 10:11:31', '2026-07-23 10:11:31'),
('47', '1', '5', '2', 'Kamis', '08:10', '08:50', '2026-07-23 10:11:31', '2026-07-23 10:11:31'),
('48', '1', '22', '9', 'Kamis', '08:50', '09:05', '2026-07-23 10:11:31', '2026-07-23 10:11:31'),
('49', '1', '9', '4', 'Kamis', '09:05', '09:45', '2026-07-23 10:11:31', '2026-07-23 10:11:31'),
('50', '1', '9', '4', 'Kamis', '09:45', '10:25', '2026-07-23 10:11:31', '2026-07-23 10:11:31'),
('51', '1', '11', '8', 'Kamis', '10:25', '11:05', '2026-07-23 10:11:31', '2026-07-23 10:11:31'),
('52', '1', '11', '8', 'Kamis', '11:05', '11:45', '2026-07-23 10:11:31', '2026-07-23 10:11:31'),
('53', '1', '23', '9', 'Kamis', '11:45', '12:30', '2026-07-23 10:11:31', '2026-07-23 10:11:31'),
('54', '1', '22', '9', 'Kamis', '12:30', '13:00', '2026-07-23 10:11:31', '2026-07-23 10:11:31'),
('55', '1', '3', '6', 'Kamis', '13:00', '13:40', '2026-07-23 10:11:31', '2026-07-23 10:11:31'),
('56', '1', '2', '3', 'Kamis', '13:40', '14:20', '2026-07-23 10:11:31', '2026-07-23 10:11:31'),
('57', '1', '2', '3', 'Kamis', '14:20', '15:00', '2026-07-23 10:11:31', '2026-07-23 10:11:31'),
('58', '1', '20', '3', 'Kamis', '15:00', '15:20', '2026-07-23 10:11:31', '2026-07-23 10:11:31'),
('59', '1', '24', '9', 'Kamis', '15:20', '15:30', '2026-07-23 10:11:31', '2026-07-23 10:11:31'),
('60', '1', '30', '9', 'Jumat', '07:00', '07:30', '2026-07-23 10:11:31', '2026-07-23 10:11:31'),
('61', '1', '19', '9', 'Jumat', '07:30', '08:30', '2026-07-23 10:11:31', '2026-07-23 10:11:31'),
('62', '1', '1', '7', 'Jumat', '08:30', '09:10', '2026-07-23 10:11:31', '2026-07-23 10:11:31'),
('63', '1', '1', '7', 'Jumat', '09:10', '09:50', '2026-07-23 10:11:31', '2026-07-23 10:11:31'),
('64', '1', '22', '9', 'Jumat', '09:50', '10:05', '2026-07-23 10:11:31', '2026-07-23 10:11:31'),
('65', '1', '9', '4', 'Jumat', '10:05', '10:45', '2026-07-23 10:11:31', '2026-07-23 10:11:31'),
('66', '1', '9', '4', 'Jumat', '10:45', '11:15', '2026-07-23 10:11:31', '2026-07-23 10:11:31'),
('67', '1', '23', '9', 'Jumat', '11:15', '11:30', '2026-07-23 10:11:31', '2026-07-23 10:11:31'),
('68', '1', '22', '9', 'Jumat', '11:30', '13:00', '2026-07-23 10:11:31', '2026-07-23 10:11:31'),
('69', '1', '13', '2', 'Jumat', '13:00', '13:40', '2026-07-23 10:11:31', '2026-07-23 10:11:31'),
('70', '1', '13', '2', 'Jumat', '13:40', '14:20', '2026-07-23 10:11:31', '2026-07-23 10:11:31'),
('71', '2', '30', '9', 'Senin', '07:00', '07:30', '2026-07-23 10:11:31', '2026-07-23 10:11:31'),
('72', '2', '25', '9', 'Senin', '07:30', '08:15', '2026-07-23 10:11:31', '2026-07-23 10:11:31'),
('73', '2', '1', '7', 'Senin', '08:15', '08:55', '2026-07-23 10:11:31', '2026-07-23 10:11:31'),
('74', '2', '1', '7', 'Senin', '08:55', '09:35', '2026-07-23 10:11:31', '2026-07-23 10:11:31'),
('75', '2', '22', '9', 'Senin', '09:35', '09:50', '2026-07-23 10:11:31', '2026-07-23 10:11:31'),
('76', '2', '12', '2', 'Senin', '09:50', '10:30', '2026-07-23 10:11:31', '2026-07-23 10:11:31'),
('77', '2', '12', '2', 'Senin', '10:30', '11:10', '2026-07-23 10:11:31', '2026-07-23 10:11:31'),
('78', '2', '9', '4', 'Senin', '11:10', '11:50', '2026-07-23 10:11:31', '2026-07-23 10:11:31'),
('79', '2', '23', '9', 'Senin', '11:50', '12:30', '2026-07-23 10:11:31', '2026-07-23 10:11:31'),
('80', '2', '22', '9', 'Senin', '12:30', '13:00', '2026-07-23 10:11:31', '2026-07-23 10:11:31'),
('81', '2', '9', '4', 'Senin', '13:00', '13:40', '2026-07-23 10:11:31', '2026-07-23 10:11:31'),
('82', '2', '13', '2', 'Senin', '13:40', '14:20', '2026-07-23 10:11:31', '2026-07-23 10:11:31'),
('83', '2', '13', '2', 'Senin', '14:20', '15:00', '2026-07-23 10:11:31', '2026-07-23 10:11:31'),
('84', '2', '20', '3', 'Senin', '15:00', '15:20', '2026-07-23 10:11:31', '2026-07-23 10:11:31'),
('85', '2', '24', '9', 'Senin', '15:20', '15:30', '2026-07-23 10:11:31', '2026-07-23 10:11:31'),
('86', '2', '30', '9', 'Selasa', '07:00', '07:30', '2026-07-23 10:11:31', '2026-07-23 10:11:31'),
('87', '2', '5', '2', 'Selasa', '07:30', '08:10', '2026-07-23 10:11:31', '2026-07-23 10:11:31'),
('88', '2', '5', '2', 'Selasa', '08:10', '08:50', '2026-07-23 10:11:31', '2026-07-23 10:11:31'),
('89', '2', '22', '9', 'Selasa', '08:50', '09:05', '2026-07-23 10:11:31', '2026-07-23 10:11:31'),
('90', '2', '16', '5', 'Selasa', '09:05', '09:45', '2026-07-23 10:11:31', '2026-07-23 10:11:31'),
('91', '2', '16', '5', 'Selasa', '09:45', '10:25', '2026-07-23 10:11:31', '2026-07-23 10:11:31'),
('92', '2', '9', '4', 'Selasa', '10:25', '11:05', '2026-07-23 10:11:31', '2026-07-23 10:11:31'),
('93', '2', '9', '4', 'Selasa', '11:05', '11:45', '2026-07-23 10:11:31', '2026-07-23 10:11:31'),
('94', '2', '23', '9', 'Selasa', '11:45', '12:30', '2026-07-23 10:11:31', '2026-07-23 10:11:31'),
('95', '2', '22', '9', 'Selasa', '12:30', '13:00', '2026-07-23 10:11:31', '2026-07-23 10:11:31'),
('96', '2', '2', '3', 'Selasa', '13:00', '13:40', '2026-07-23 10:11:31', '2026-07-23 10:11:31'),
('97', '2', '6', '9', 'Selasa', '13:40', '14:20', '2026-07-23 10:11:31', '2026-07-23 10:11:31'),
('98', '2', '6', '9', 'Selasa', '14:20', '15:00', '2026-07-23 10:11:31', '2026-07-23 10:11:31'),
('99', '2', '20', '3', 'Selasa', '15:00', '15:20', '2026-07-23 10:11:31', '2026-07-23 10:11:31'),
('100', '2', '24', '9', 'Selasa', '15:20', '15:30', '2026-07-23 10:11:31', '2026-07-23 10:11:31');
INSERT INTO `jadwal` (`id`, `kelas_id`, `mapel_id`, `guru_id`, `hari`, `jam_mulai`, `jam_selesai`, `created_at`, `updated_at`) VALUES
('101', '2', '30', '9', 'Rabu', '07:00', '07:30', '2026-07-23 10:11:31', '2026-07-23 10:11:31'),
('102', '2', '21', '9', 'Rabu', '07:30', '09:00', '2026-07-23 10:11:31', '2026-07-23 10:11:31'),
('103', '2', '22', '9', 'Rabu', '09:00', '09:15', '2026-07-23 10:11:31', '2026-07-23 10:11:31'),
('104', '2', '2', '3', 'Rabu', '09:15', '09:55', '2026-07-23 10:11:31', '2026-07-23 10:11:31'),
('105', '2', '2', '3', 'Rabu', '09:55', '10:35', '2026-07-23 10:11:31', '2026-07-23 10:11:31'),
('106', '2', '3', '6', 'Rabu', '10:35', '11:15', '2026-07-23 10:11:31', '2026-07-23 10:11:31'),
('107', '2', '3', '6', 'Rabu', '11:15', '11:55', '2026-07-23 10:11:31', '2026-07-23 10:11:31'),
('108', '2', '23', '9', 'Rabu', '11:55', '12:30', '2026-07-23 10:11:31', '2026-07-23 10:11:31'),
('109', '2', '22', '9', 'Rabu', '12:30', '13:00', '2026-07-23 10:11:31', '2026-07-23 10:11:31'),
('110', '2', '2', '3', 'Rabu', '13:00', '13:40', '2026-07-23 10:11:31', '2026-07-23 10:11:31'),
('111', '2', '9', '4', 'Rabu', '13:40', '14:20', '2026-07-23 10:11:31', '2026-07-23 10:11:31'),
('112', '2', '9', '4', 'Rabu', '14:20', '15:00', '2026-07-23 10:11:31', '2026-07-23 10:11:31'),
('113', '2', '20', '3', 'Rabu', '15:00', '15:20', '2026-07-23 10:11:31', '2026-07-23 10:11:31'),
('114', '2', '24', '9', 'Rabu', '15:20', '15:30', '2026-07-23 10:11:31', '2026-07-23 10:11:31'),
('115', '2', '30', '9', 'Kamis', '07:00', '07:30', '2026-07-23 10:11:31', '2026-07-23 10:11:31'),
('116', '2', '9', '4', 'Kamis', '07:30', '08:10', '2026-07-23 10:11:31', '2026-07-23 10:11:31'),
('117', '2', '9', '4', 'Kamis', '08:10', '08:50', '2026-07-23 10:11:31', '2026-07-23 10:11:31'),
('118', '2', '22', '9', 'Kamis', '08:50', '09:05', '2026-07-23 10:11:31', '2026-07-23 10:11:31'),
('119', '2', '1', '7', 'Kamis', '09:05', '09:45', '2026-07-23 10:11:31', '2026-07-23 10:11:31'),
('120', '2', '1', '7', 'Kamis', '09:45', '10:25', '2026-07-23 10:11:31', '2026-07-23 10:11:31'),
('121', '2', '4', '3', 'Kamis', '10:25', '11:05', '2026-07-23 10:11:31', '2026-07-23 10:11:31'),
('122', '2', '4', '3', 'Kamis', '11:05', '11:45', '2026-07-23 10:11:31', '2026-07-23 10:11:31'),
('123', '2', '23', '9', 'Kamis', '11:45', '12:30', '2026-07-23 10:11:31', '2026-07-23 10:11:31'),
('124', '2', '22', '9', 'Kamis', '12:30', '13:00', '2026-07-23 10:11:31', '2026-07-23 10:11:31'),
('125', '2', '5', '2', 'Kamis', '13:00', '13:40', '2026-07-23 10:11:31', '2026-07-23 10:11:31'),
('126', '2', '10', '8', 'Kamis', '13:40', '14:20', '2026-07-23 10:11:31', '2026-07-23 10:11:31'),
('127', '2', '10', '8', 'Kamis', '14:20', '15:00', '2026-07-23 10:11:31', '2026-07-23 10:11:31'),
('128', '2', '20', '3', 'Kamis', '15:00', '15:20', '2026-07-23 10:11:31', '2026-07-23 10:11:31'),
('129', '2', '24', '9', 'Kamis', '15:20', '15:30', '2026-07-23 10:11:31', '2026-07-23 10:11:31'),
('130', '2', '30', '9', 'Jumat', '07:00', '07:30', '2026-07-23 10:11:31', '2026-07-23 10:11:31'),
('131', '2', '19', '9', 'Jumat', '07:30', '08:30', '2026-07-23 10:11:31', '2026-07-23 10:11:31'),
('132', '2', '9', '4', 'Jumat', '08:30', '09:10', '2026-07-23 10:11:31', '2026-07-23 10:11:31'),
('133', '2', '9', '4', 'Jumat', '09:10', '09:50', '2026-07-23 10:11:31', '2026-07-23 10:11:31'),
('134', '2', '22', '9', 'Jumat', '09:50', '10:05', '2026-07-23 10:11:31', '2026-07-23 10:11:31'),
('135', '2', '11', '8', 'Jumat', '10:05', '10:45', '2026-07-23 10:11:31', '2026-07-23 10:11:31'),
('136', '2', '11', '8', 'Jumat', '10:45', '11:15', '2026-07-23 10:11:31', '2026-07-23 10:11:31'),
('137', '2', '23', '9', 'Jumat', '11:15', '11:30', '2026-07-23 10:11:31', '2026-07-23 10:11:31'),
('138', '2', '22', '9', 'Jumat', '11:30', '13:00', '2026-07-23 10:11:31', '2026-07-23 10:11:31'),
('139', '2', '3', '6', 'Jumat', '13:00', '13:40', '2026-07-23 10:11:31', '2026-07-23 10:11:31'),
('140', '2', '3', '6', 'Jumat', '13:40', '14:20', '2026-07-23 10:11:31', '2026-07-23 10:11:31'),
('141', '3', '30', '9', 'Senin', '07:00', '07:30', '2026-07-23 10:11:31', '2026-07-23 10:11:31'),
('142', '3', '25', '9', 'Senin', '07:30', '08:15', '2026-07-23 10:11:31', '2026-07-23 10:11:31'),
('143', '3', '9', '4', 'Senin', '08:15', '08:55', '2026-07-23 10:11:31', '2026-07-23 10:11:31'),
('144', '3', '9', '4', 'Senin', '08:55', '09:35', '2026-07-23 10:11:31', '2026-07-23 10:11:31'),
('145', '3', '22', '9', 'Senin', '09:35', '09:50', '2026-07-23 10:11:31', '2026-07-23 10:11:31'),
('146', '3', '3', '6', 'Senin', '09:50', '10:30', '2026-07-23 10:11:31', '2026-07-23 10:11:31'),
('147', '3', '3', '6', 'Senin', '10:30', '11:10', '2026-07-23 10:11:31', '2026-07-23 10:11:31'),
('148', '3', '11', '8', 'Senin', '11:10', '11:50', '2026-07-23 10:11:31', '2026-07-23 10:11:31'),
('149', '3', '23', '9', 'Senin', '11:50', '12:30', '2026-07-23 10:11:31', '2026-07-23 10:11:31'),
('150', '3', '22', '9', 'Senin', '12:30', '13:00', '2026-07-23 10:11:31', '2026-07-23 10:11:31'),
('151', '3', '11', '8', 'Senin', '13:00', '13:40', '2026-07-23 10:11:31', '2026-07-23 10:11:31'),
('152', '3', '12', '2', 'Senin', '13:40', '14:20', '2026-07-23 10:11:31', '2026-07-23 10:11:31'),
('153', '3', '12', '2', 'Senin', '14:20', '15:00', '2026-07-23 10:11:31', '2026-07-23 10:11:31'),
('154', '3', '20', '3', 'Senin', '15:00', '15:20', '2026-07-23 10:11:31', '2026-07-23 10:11:31'),
('155', '3', '24', '9', 'Senin', '15:20', '15:30', '2026-07-23 10:11:31', '2026-07-23 10:11:31'),
('156', '3', '30', '9', 'Selasa', '07:00', '07:30', '2026-07-23 10:11:31', '2026-07-23 10:11:31'),
('157', '3', '16', '5', 'Selasa', '07:30', '08:10', '2026-07-23 10:11:31', '2026-07-23 10:11:31'),
('158', '3', '16', '5', 'Selasa', '08:10', '08:50', '2026-07-23 10:11:31', '2026-07-23 10:11:31'),
('159', '3', '22', '9', 'Selasa', '08:50', '09:05', '2026-07-23 10:11:31', '2026-07-23 10:11:31'),
('160', '3', '6', '9', 'Selasa', '09:05', '09:45', '2026-07-23 10:11:31', '2026-07-23 10:11:31'),
('161', '3', '6', '9', 'Selasa', '09:45', '10:25', '2026-07-23 10:11:31', '2026-07-23 10:11:31'),
('162', '3', '2', '3', 'Selasa', '10:25', '11:05', '2026-07-23 10:11:31', '2026-07-23 10:11:31'),
('163', '3', '2', '3', 'Selasa', '11:05', '11:45', '2026-07-23 10:11:31', '2026-07-23 10:11:31'),
('164', '3', '23', '9', 'Selasa', '11:45', '12:30', '2026-07-23 10:11:31', '2026-07-23 10:11:31'),
('165', '3', '22', '9', 'Selasa', '12:30', '13:00', '2026-07-23 10:11:31', '2026-07-23 10:11:31'),
('166', '3', '10', '8', 'Selasa', '13:00', '13:40', '2026-07-23 10:11:31', '2026-07-23 10:11:31'),
('167', '3', '9', '4', 'Selasa', '13:40', '14:20', '2026-07-23 10:11:31', '2026-07-23 10:11:31'),
('168', '3', '9', '4', 'Selasa', '14:20', '15:00', '2026-07-23 10:11:31', '2026-07-23 10:11:31'),
('169', '3', '20', '3', 'Selasa', '15:00', '15:20', '2026-07-23 10:11:31', '2026-07-23 10:11:31'),
('170', '3', '24', '9', 'Selasa', '15:20', '15:30', '2026-07-23 10:11:31', '2026-07-23 10:11:31'),
('171', '3', '30', '9', 'Rabu', '07:00', '07:30', '2026-07-23 10:11:31', '2026-07-23 10:11:31'),
('172', '3', '21', '9', 'Rabu', '07:30', '09:00', '2026-07-23 10:11:31', '2026-07-23 10:11:31'),
('173', '3', '22', '9', 'Rabu', '09:00', '09:15', '2026-07-23 10:11:31', '2026-07-23 10:11:31'),
('174', '3', '5', '2', 'Rabu', '09:15', '09:55', '2026-07-23 10:11:31', '2026-07-23 10:11:31'),
('175', '3', '5', '2', 'Rabu', '09:55', '10:35', '2026-07-23 10:11:31', '2026-07-23 10:11:31'),
('176', '3', '9', '4', 'Rabu', '10:35', '11:15', '2026-07-23 10:11:31', '2026-07-23 10:11:31'),
('177', '3', '9', '4', 'Rabu', '11:15', '11:55', '2026-07-23 10:11:31', '2026-07-23 10:11:31'),
('178', '3', '23', '9', 'Rabu', '11:55', '12:30', '2026-07-23 10:11:31', '2026-07-23 10:11:31'),
('179', '3', '22', '9', 'Rabu', '12:30', '13:00', '2026-07-23 10:11:31', '2026-07-23 10:11:31'),
('180', '3', '1', '7', 'Rabu', '13:00', '13:40', '2026-07-23 10:11:31', '2026-07-23 10:11:31'),
('181', '3', '1', '7', 'Rabu', '13:40', '14:20', '2026-07-23 10:11:31', '2026-07-23 10:11:31'),
('182', '3', '10', '8', 'Rabu', '14:20', '15:00', '2026-07-23 10:11:31', '2026-07-23 10:11:31'),
('183', '3', '20', '3', 'Rabu', '15:00', '15:20', '2026-07-23 10:11:31', '2026-07-23 10:11:31'),
('184', '3', '24', '9', 'Rabu', '15:20', '15:30', '2026-07-23 10:11:31', '2026-07-23 10:11:31'),
('185', '3', '30', '9', 'Kamis', '07:00', '07:30', '2026-07-23 10:11:31', '2026-07-23 10:11:31'),
('186', '3', '2', '3', 'Kamis', '07:30', '08:10', '2026-07-23 10:11:31', '2026-07-23 10:11:31'),
('187', '3', '2', '3', 'Kamis', '08:10', '08:50', '2026-07-23 10:11:31', '2026-07-23 10:11:31'),
('188', '3', '22', '9', 'Kamis', '08:50', '09:05', '2026-07-23 10:11:31', '2026-07-23 10:11:31'),
('189', '3', '3', '6', 'Kamis', '09:05', '09:45', '2026-07-23 10:11:31', '2026-07-23 10:11:31'),
('190', '3', '3', '6', 'Kamis', '09:45', '10:25', '2026-07-23 10:11:31', '2026-07-23 10:11:31'),
('191', '3', '5', '2', 'Kamis', '10:25', '11:05', '2026-07-23 10:11:31', '2026-07-23 10:11:31'),
('192', '3', '9', '4', 'Kamis', '11:05', '11:45', '2026-07-23 10:11:31', '2026-07-23 10:11:31'),
('193', '3', '23', '9', 'Kamis', '11:45', '12:30', '2026-07-23 10:11:32', '2026-07-23 10:11:32'),
('194', '3', '22', '9', 'Kamis', '12:30', '13:00', '2026-07-23 10:11:32', '2026-07-23 10:11:32'),
('195', '3', '9', '4', 'Kamis', '13:00', '13:40', '2026-07-23 10:11:32', '2026-07-23 10:11:32'),
('196', '3', '13', '2', 'Kamis', '13:40', '14:20', '2026-07-23 10:11:32', '2026-07-23 10:11:32'),
('197', '3', '13', '2', 'Kamis', '14:20', '15:00', '2026-07-23 10:11:32', '2026-07-23 10:11:32'),
('198', '3', '20', '3', 'Kamis', '15:00', '15:20', '2026-07-23 10:11:32', '2026-07-23 10:11:32'),
('199', '3', '24', '9', 'Kamis', '15:20', '15:30', '2026-07-23 10:11:32', '2026-07-23 10:11:32'),
('200', '3', '30', '9', 'Jumat', '07:00', '07:30', '2026-07-23 10:11:32', '2026-07-23 10:11:32');
INSERT INTO `jadwal` (`id`, `kelas_id`, `mapel_id`, `guru_id`, `hari`, `jam_mulai`, `jam_selesai`, `created_at`, `updated_at`) VALUES
('201', '3', '19', '9', 'Jumat', '07:30', '08:30', '2026-07-23 10:11:32', '2026-07-23 10:11:32'),
('202', '3', '4', '3', 'Jumat', '08:30', '09:10', '2026-07-23 10:11:32', '2026-07-23 10:11:32'),
('203', '3', '4', '3', 'Jumat', '09:10', '09:50', '2026-07-23 10:11:32', '2026-07-23 10:11:32'),
('204', '3', '22', '9', 'Jumat', '09:50', '10:05', '2026-07-23 10:11:32', '2026-07-23 10:11:32'),
('205', '3', '1', '7', 'Jumat', '10:05', '10:45', '2026-07-23 10:11:32', '2026-07-23 10:11:32'),
('206', '3', '1', '7', 'Jumat', '10:45', '11:15', '2026-07-23 10:11:32', '2026-07-23 10:11:32'),
('207', '3', '23', '9', 'Jumat', '11:15', '11:30', '2026-07-23 10:11:32', '2026-07-23 10:11:32'),
('208', '3', '22', '9', 'Jumat', '11:30', '13:00', '2026-07-23 10:11:32', '2026-07-23 10:11:32'),
('209', '3', '9', '4', 'Jumat', '13:00', '13:40', '2026-07-23 10:11:32', '2026-07-23 10:11:32'),
('210', '3', '9', '4', 'Jumat', '13:40', '14:20', '2026-07-23 10:11:32', '2026-07-23 10:11:32'),
('211', '4', '30', '9', 'Senin', '07:00', '07:30', '2026-07-23 10:11:32', '2026-07-23 10:11:32'),
('212', '4', '25', '9', 'Senin', '07:30', '08:15', '2026-07-23 10:11:32', '2026-07-23 10:11:32'),
('213', '4', '5', '2', 'Senin', '08:15', '08:55', '2026-07-23 10:11:32', '2026-07-23 10:11:32'),
('214', '4', '5', '2', 'Senin', '08:55', '09:35', '2026-07-23 10:11:32', '2026-07-23 10:11:32'),
('215', '4', '22', '9', 'Senin', '09:35', '09:50', '2026-07-23 10:11:32', '2026-07-23 10:11:32'),
('216', '4', '6', '9', 'Senin', '09:50', '10:30', '2026-07-23 10:11:32', '2026-07-23 10:11:32'),
('217', '4', '6', '9', 'Senin', '10:30', '11:10', '2026-07-23 10:11:32', '2026-07-23 10:11:32'),
('218', '4', '9', '4', 'Senin', '11:10', '11:50', '2026-07-23 10:11:32', '2026-07-23 10:11:32'),
('219', '4', '23', '9', 'Senin', '11:50', '12:30', '2026-07-23 10:11:32', '2026-07-23 10:11:32'),
('220', '4', '22', '9', 'Senin', '12:30', '13:00', '2026-07-23 10:11:32', '2026-07-23 10:11:32'),
('221', '4', '9', '4', 'Senin', '13:00', '13:40', '2026-07-23 10:11:32', '2026-07-23 10:11:32'),
('222', '4', '2', '3', 'Senin', '13:40', '14:20', '2026-07-23 10:11:32', '2026-07-23 10:11:32'),
('223', '4', '2', '3', 'Senin', '14:20', '15:00', '2026-07-23 10:11:32', '2026-07-23 10:11:32'),
('224', '4', '20', '3', 'Senin', '15:00', '15:20', '2026-07-23 10:11:32', '2026-07-23 10:11:32'),
('225', '4', '24', '9', 'Senin', '15:20', '15:30', '2026-07-23 10:11:32', '2026-07-23 10:11:32'),
('226', '4', '30', '9', 'Selasa', '07:00', '07:30', '2026-07-23 10:11:32', '2026-07-23 10:11:32'),
('227', '4', '1', '7', 'Selasa', '07:30', '08:10', '2026-07-23 10:11:32', '2026-07-23 10:11:32'),
('228', '4', '1', '7', 'Selasa', '08:10', '08:50', '2026-07-23 10:11:32', '2026-07-23 10:11:32'),
('229', '4', '22', '9', 'Selasa', '08:50', '09:05', '2026-07-23 10:11:32', '2026-07-23 10:11:32'),
('230', '4', '2', '3', 'Selasa', '09:05', '09:45', '2026-07-23 10:11:32', '2026-07-23 10:11:32'),
('231', '4', '2', '3', 'Selasa', '09:45', '10:25', '2026-07-23 10:11:32', '2026-07-23 10:11:32'),
('232', '4', '9', '4', 'Selasa', '10:25', '11:05', '2026-07-23 10:11:32', '2026-07-23 10:11:32'),
('233', '4', '9', '4', 'Selasa', '11:05', '11:45', '2026-07-23 10:11:32', '2026-07-23 10:11:32'),
('234', '4', '23', '9', 'Selasa', '11:45', '12:30', '2026-07-23 10:11:32', '2026-07-23 10:11:32'),
('235', '4', '22', '9', 'Selasa', '12:30', '13:00', '2026-07-23 10:11:32', '2026-07-23 10:11:32'),
('236', '4', '18', '1', 'Selasa', '13:00', '13:40', '2026-07-23 10:11:32', '2026-07-23 10:11:32'),
('237', '4', '18', '1', 'Selasa', '13:40', '14:20', '2026-07-23 10:11:32', '2026-07-23 10:11:32'),
('238', '4', '3', '6', 'Selasa', '14:20', '15:00', '2026-07-23 10:11:32', '2026-07-23 10:11:32'),
('239', '4', '20', '3', 'Selasa', '15:00', '15:20', '2026-07-23 10:11:32', '2026-07-23 10:11:32'),
('240', '4', '24', '9', 'Selasa', '15:20', '15:30', '2026-07-23 10:11:32', '2026-07-23 10:11:32'),
('241', '4', '30', '9', 'Rabu', '07:00', '07:30', '2026-07-23 10:11:32', '2026-07-23 10:11:32'),
('242', '4', '21', '9', 'Rabu', '07:30', '09:00', '2026-07-23 10:11:32', '2026-07-23 10:11:32'),
('243', '4', '22', '9', 'Rabu', '09:00', '09:15', '2026-07-23 10:11:32', '2026-07-23 10:11:32'),
('244', '4', '12', '2', 'Rabu', '09:15', '09:55', '2026-07-23 10:11:32', '2026-07-23 10:11:32'),
('245', '4', '12', '2', 'Rabu', '09:55', '10:35', '2026-07-23 10:11:32', '2026-07-23 10:11:32'),
('246', '4', '13', '2', 'Rabu', '10:35', '11:15', '2026-07-23 10:11:32', '2026-07-23 10:11:32'),
('247', '4', '13', '2', 'Rabu', '11:15', '11:55', '2026-07-23 10:11:32', '2026-07-23 10:11:32'),
('248', '4', '23', '9', 'Rabu', '11:55', '12:30', '2026-07-23 10:11:32', '2026-07-23 10:11:32'),
('249', '4', '22', '9', 'Rabu', '12:30', '13:00', '2026-07-23 10:11:32', '2026-07-23 10:11:32'),
('250', '4', '3', '6', 'Rabu', '13:00', '13:40', '2026-07-23 10:11:32', '2026-07-23 10:11:32'),
('251', '4', '9', '4', 'Rabu', '13:40', '14:20', '2026-07-23 10:11:32', '2026-07-23 10:11:32'),
('252', '4', '9', '4', 'Rabu', '14:20', '15:00', '2026-07-23 10:11:32', '2026-07-23 10:11:32'),
('253', '4', '20', '3', 'Rabu', '15:00', '15:20', '2026-07-23 10:11:32', '2026-07-23 10:11:32'),
('254', '4', '24', '9', 'Rabu', '15:20', '15:30', '2026-07-23 10:11:32', '2026-07-23 10:11:32'),
('255', '4', '30', '9', 'Kamis', '07:00', '07:30', '2026-07-23 10:11:32', '2026-07-23 10:11:32'),
('256', '4', '9', '4', 'Kamis', '07:30', '08:10', '2026-07-23 10:11:32', '2026-07-23 10:11:32'),
('257', '4', '9', '4', 'Kamis', '08:10', '08:50', '2026-07-23 10:11:32', '2026-07-23 10:11:32'),
('258', '4', '22', '9', 'Kamis', '08:50', '09:05', '2026-07-23 10:11:32', '2026-07-23 10:11:32'),
('259', '4', '7', '8', 'Kamis', '09:05', '09:45', '2026-07-23 10:11:32', '2026-07-23 10:11:32'),
('260', '4', '7', '8', 'Kamis', '09:45', '10:25', '2026-07-23 10:11:32', '2026-07-23 10:11:32'),
('261', '4', '1', '7', 'Kamis', '10:25', '11:05', '2026-07-23 10:11:32', '2026-07-23 10:11:32'),
('262', '4', '1', '7', 'Kamis', '11:05', '11:45', '2026-07-23 10:11:32', '2026-07-23 10:11:32'),
('263', '4', '23', '9', 'Kamis', '11:45', '12:30', '2026-07-23 10:11:32', '2026-07-23 10:11:32'),
('264', '4', '22', '9', 'Kamis', '12:30', '13:00', '2026-07-23 10:11:32', '2026-07-23 10:11:32'),
('265', '4', '17', '1', 'Kamis', '13:00', '13:40', '2026-07-23 10:11:32', '2026-07-23 10:11:32'),
('266', '4', '3', '6', 'Kamis', '13:40', '14:20', '2026-07-23 10:11:32', '2026-07-23 10:11:32'),
('267', '4', '3', '6', 'Kamis', '14:20', '15:00', '2026-07-23 10:11:32', '2026-07-23 10:11:32'),
('268', '4', '20', '3', 'Kamis', '15:00', '15:20', '2026-07-23 10:11:32', '2026-07-23 10:11:32'),
('269', '4', '24', '9', 'Kamis', '15:20', '15:30', '2026-07-23 10:11:32', '2026-07-23 10:11:32'),
('270', '4', '30', '9', 'Jumat', '07:00', '07:30', '2026-07-23 10:11:32', '2026-07-23 10:11:32'),
('271', '4', '19', '9', 'Jumat', '07:30', '08:30', '2026-07-23 10:11:32', '2026-07-23 10:11:32'),
('272', '4', '9', '4', 'Jumat', '08:30', '09:10', '2026-07-23 10:11:32', '2026-07-23 10:11:32'),
('273', '4', '9', '4', 'Jumat', '09:10', '09:50', '2026-07-23 10:11:32', '2026-07-23 10:11:32'),
('274', '4', '22', '9', 'Jumat', '09:50', '10:05', '2026-07-23 10:11:32', '2026-07-23 10:11:32'),
('275', '4', '3', '6', 'Jumat', '10:05', '10:45', '2026-07-23 10:11:32', '2026-07-23 10:11:32'),
('276', '4', '3', '6', 'Jumat', '10:45', '11:15', '2026-07-23 10:11:32', '2026-07-23 10:11:32'),
('277', '4', '23', '9', 'Jumat', '11:15', '11:30', '2026-07-23 10:11:32', '2026-07-23 10:11:32'),
('278', '4', '22', '9', 'Jumat', '11:30', '13:00', '2026-07-23 10:11:32', '2026-07-23 10:11:32'),
('279', '4', '4', '3', 'Jumat', '13:00', '13:40', '2026-07-23 10:11:32', '2026-07-23 10:11:32'),
('280', '4', '4', '3', 'Jumat', '13:40', '14:20', '2026-07-23 10:11:32', '2026-07-23 10:11:32'),
('281', '5', '30', '9', 'Senin', '07:00', '07:30', '2026-07-23 10:11:32', '2026-07-23 10:11:32'),
('282', '5', '25', '9', 'Senin', '07:30', '08:15', '2026-07-23 10:11:32', '2026-07-23 10:11:32'),
('283', '5', '9', '4', 'Senin', '08:15', '08:55', '2026-07-23 10:11:32', '2026-07-23 10:11:32'),
('284', '5', '9', '4', 'Senin', '08:55', '09:35', '2026-07-23 10:11:32', '2026-07-23 10:11:32'),
('285', '5', '22', '9', 'Senin', '09:35', '09:50', '2026-07-23 10:11:32', '2026-07-23 10:11:32'),
('286', '5', '5', '2', 'Senin', '09:50', '10:30', '2026-07-23 10:11:32', '2026-07-23 10:11:32'),
('287', '5', '5', '2', 'Senin', '10:30', '11:10', '2026-07-23 10:11:32', '2026-07-23 10:11:32'),
('288', '5', '2', '3', 'Senin', '11:10', '11:50', '2026-07-23 10:11:32', '2026-07-23 10:11:32'),
('289', '5', '23', '9', 'Senin', '11:50', '12:30', '2026-07-23 10:11:32', '2026-07-23 10:11:32'),
('290', '5', '22', '9', 'Senin', '12:30', '13:00', '2026-07-23 10:11:32', '2026-07-23 10:11:32'),
('291', '5', '2', '3', 'Senin', '13:00', '13:40', '2026-07-23 10:11:32', '2026-07-23 10:11:32'),
('292', '5', '7', '8', 'Senin', '13:40', '14:20', '2026-07-23 10:11:32', '2026-07-23 10:11:32'),
('293', '5', '7', '8', 'Senin', '14:20', '15:00', '2026-07-23 10:11:32', '2026-07-23 10:11:32'),
('294', '5', '20', '3', 'Senin', '15:00', '15:20', '2026-07-23 10:11:32', '2026-07-23 10:11:32'),
('295', '5', '24', '9', 'Senin', '15:20', '15:30', '2026-07-23 10:11:32', '2026-07-23 10:11:32'),
('296', '5', '30', '9', 'Selasa', '07:00', '07:30', '2026-07-23 10:11:32', '2026-07-23 10:11:32'),
('297', '5', '4', '3', 'Selasa', '07:30', '08:10', '2026-07-23 10:11:32', '2026-07-23 10:11:32'),
('298', '5', '4', '3', 'Selasa', '08:10', '08:50', '2026-07-23 10:11:32', '2026-07-23 10:11:32'),
('299', '5', '22', '9', 'Selasa', '08:50', '09:05', '2026-07-23 10:11:32', '2026-07-23 10:11:32'),
('300', '5', '1', '7', 'Selasa', '09:05', '09:45', '2026-07-23 10:11:32', '2026-07-23 10:11:32');
INSERT INTO `jadwal` (`id`, `kelas_id`, `mapel_id`, `guru_id`, `hari`, `jam_mulai`, `jam_selesai`, `created_at`, `updated_at`) VALUES
('301', '5', '1', '7', 'Selasa', '09:45', '10:25', '2026-07-23 10:11:32', '2026-07-23 10:11:32'),
('302', '5', '3', '6', 'Selasa', '10:25', '11:05', '2026-07-23 10:11:32', '2026-07-23 10:11:32'),
('303', '5', '6', '9', 'Selasa', '11:05', '11:45', '2026-07-23 10:11:32', '2026-07-23 10:11:32'),
('304', '5', '23', '9', 'Selasa', '11:45', '12:30', '2026-07-23 10:11:32', '2026-07-23 10:11:32'),
('305', '5', '22', '9', 'Selasa', '12:30', '13:00', '2026-07-23 10:11:32', '2026-07-23 10:11:32'),
('306', '5', '6', '9', 'Selasa', '13:00', '13:40', '2026-07-23 10:11:32', '2026-07-23 10:11:32'),
('307', '5', '9', '4', 'Selasa', '13:40', '14:20', '2026-07-23 10:11:32', '2026-07-23 10:11:32'),
('308', '5', '9', '4', 'Selasa', '14:20', '15:00', '2026-07-23 10:11:32', '2026-07-23 10:11:32'),
('309', '5', '20', '3', 'Selasa', '15:00', '15:20', '2026-07-23 10:11:32', '2026-07-23 10:11:32'),
('310', '5', '24', '9', 'Selasa', '15:20', '15:30', '2026-07-23 10:11:32', '2026-07-23 10:11:32'),
('311', '5', '30', '9', 'Rabu', '07:00', '07:30', '2026-07-23 10:11:32', '2026-07-23 10:11:32'),
('312', '5', '21', '9', 'Rabu', '07:30', '09:00', '2026-07-23 10:11:32', '2026-07-23 10:11:32'),
('313', '5', '22', '9', 'Rabu', '09:00', '09:15', '2026-07-23 10:11:32', '2026-07-23 10:11:32'),
('314', '5', '3', '6', 'Rabu', '09:15', '09:55', '2026-07-23 10:11:32', '2026-07-23 10:11:32'),
('315', '5', '3', '6', 'Rabu', '09:55', '10:35', '2026-07-23 10:11:32', '2026-07-23 10:11:32'),
('316', '5', '9', '4', 'Rabu', '10:35', '11:15', '2026-07-23 10:11:32', '2026-07-23 10:11:32'),
('317', '5', '9', '4', 'Rabu', '11:15', '11:55', '2026-07-23 10:11:32', '2026-07-23 10:11:32'),
('318', '5', '23', '9', 'Rabu', '11:55', '12:30', '2026-07-23 10:11:32', '2026-07-23 10:11:32'),
('319', '5', '22', '9', 'Rabu', '12:30', '13:00', '2026-07-23 10:11:32', '2026-07-23 10:11:32'),
('320', '5', '17', '1', 'Rabu', '13:00', '13:40', '2026-07-23 10:11:32', '2026-07-23 10:11:32'),
('321', '5', '12', '2', 'Rabu', '13:40', '14:20', '2026-07-23 10:11:32', '2026-07-23 10:11:32'),
('322', '5', '12', '2', 'Rabu', '14:20', '15:00', '2026-07-23 10:11:32', '2026-07-23 10:11:32'),
('323', '5', '20', '3', 'Rabu', '15:00', '15:20', '2026-07-23 10:11:32', '2026-07-23 10:11:32'),
('324', '5', '24', '9', 'Rabu', '15:20', '15:30', '2026-07-23 10:11:32', '2026-07-23 10:11:32'),
('325', '5', '30', '9', 'Kamis', '07:00', '07:30', '2026-07-23 10:11:32', '2026-07-23 10:11:32'),
('326', '5', '1', '7', 'Kamis', '07:30', '08:10', '2026-07-23 10:11:32', '2026-07-23 10:11:32'),
('327', '5', '1', '7', 'Kamis', '08:10', '08:50', '2026-07-23 10:11:32', '2026-07-23 10:11:32'),
('328', '5', '22', '9', 'Kamis', '08:50', '09:05', '2026-07-23 10:11:32', '2026-07-23 10:11:32'),
('329', '5', '2', '3', 'Kamis', '09:05', '09:45', '2026-07-23 10:11:32', '2026-07-23 10:11:32'),
('330', '5', '2', '3', 'Kamis', '09:45', '10:25', '2026-07-23 10:11:32', '2026-07-23 10:11:32'),
('331', '5', '3', '6', 'Kamis', '10:25', '11:05', '2026-07-23 10:11:32', '2026-07-23 10:11:32'),
('332', '5', '9', '4', 'Kamis', '11:05', '11:45', '2026-07-23 10:11:32', '2026-07-23 10:11:32'),
('333', '5', '23', '9', 'Kamis', '11:45', '12:30', '2026-07-23 10:11:32', '2026-07-23 10:11:32'),
('334', '5', '22', '9', 'Kamis', '12:30', '13:00', '2026-07-23 10:11:32', '2026-07-23 10:11:32'),
('335', '5', '9', '4', 'Kamis', '13:00', '13:40', '2026-07-23 10:11:32', '2026-07-23 10:11:32'),
('336', '5', '18', '1', 'Kamis', '13:40', '14:20', '2026-07-23 10:11:32', '2026-07-23 10:11:32'),
('337', '5', '18', '1', 'Kamis', '14:20', '15:00', '2026-07-23 10:11:32', '2026-07-23 10:11:32'),
('338', '5', '20', '3', 'Kamis', '15:00', '15:20', '2026-07-23 10:11:32', '2026-07-23 10:11:32'),
('339', '5', '24', '9', 'Kamis', '15:20', '15:30', '2026-07-23 10:11:32', '2026-07-23 10:11:32'),
('340', '5', '30', '9', 'Jumat', '07:00', '07:30', '2026-07-23 10:11:32', '2026-07-23 10:11:32'),
('341', '5', '19', '9', 'Jumat', '07:30', '08:30', '2026-07-23 10:11:32', '2026-07-23 10:11:32'),
('342', '5', '3', '6', 'Jumat', '08:30', '09:10', '2026-07-23 10:11:32', '2026-07-23 10:11:32'),
('343', '5', '3', '6', 'Jumat', '09:10', '09:50', '2026-07-23 10:11:32', '2026-07-23 10:11:32'),
('344', '5', '22', '9', 'Jumat', '09:50', '10:05', '2026-07-23 10:11:32', '2026-07-23 10:11:32'),
('345', '5', '13', '2', 'Jumat', '10:05', '10:45', '2026-07-23 10:11:32', '2026-07-23 10:11:32'),
('346', '5', '13', '2', 'Jumat', '10:45', '11:15', '2026-07-23 10:11:32', '2026-07-23 10:11:32'),
('347', '5', '23', '9', 'Jumat', '11:15', '11:30', '2026-07-23 10:11:32', '2026-07-23 10:11:32'),
('348', '5', '22', '9', 'Jumat', '11:30', '13:00', '2026-07-23 10:11:32', '2026-07-23 10:11:32'),
('349', '5', '9', '4', 'Jumat', '13:00', '13:40', '2026-07-23 10:11:32', '2026-07-23 10:11:32'),
('350', '5', '9', '4', 'Jumat', '13:40', '14:20', '2026-07-23 10:11:32', '2026-07-23 10:11:32'),
('351', '6', '1', '12', 'Senin', '07:30', '08:10', '2026-07-23 10:11:32', '2026-07-23 10:11:32'),
('352', '6', '3', '12', 'Selasa', '09:00', '09:40', '2026-07-23 10:11:32', '2026-07-23 10:11:32'),
('353', '6', '9', '12', 'Rabu', '10:00', '10:40', '2026-07-23 10:11:32', '2026-07-23 10:11:32');

DROP TABLE IF EXISTS `job_batches`;
CREATE TABLE `job_batches` (
  `id` bigint unsigned NOT NULL AUTO_INCREMENT,
  `name` varchar(255) NOT NULL,
  `total_jobs` int NOT NULL,
  `pending_jobs` int NOT NULL,
  `failed_jobs` int NOT NULL,
  `failed_job_ids` text NOT NULL,
  `options` text NULL,
  `cancelled_at` int NULL,
  `created_at` int NOT NULL,
  `finished_at` int NULL,
  PRIMARY KEY (`id`)
) ENGINE=InnoDB DEFAULT CHARSET=utf8mb4 COLLATE=utf8mb4_unicode_ci;

DROP TABLE IF EXISTS `jobs`;
CREATE TABLE `jobs` (
  `id` bigint unsigned NOT NULL AUTO_INCREMENT,
  `queue` varchar(255) NOT NULL,
  `payload` text NOT NULL,
  `attempts` int NOT NULL,
  `reserved_at` int NULL,
  `available_at` int NOT NULL,
  `created_at` int NOT NULL,
  PRIMARY KEY (`id`),
  KEY `jobs_queue_index` (`queue`)
) ENGINE=InnoDB DEFAULT CHARSET=utf8mb4 COLLATE=utf8mb4_unicode_ci;

DROP TABLE IF EXISTS `jurnal_sikaps`;
CREATE TABLE `jurnal_sikaps` (
  `id` bigint unsigned NOT NULL AUTO_INCREMENT,
  `siswa_id` bigint unsigned NOT NULL,
  `kelas_id` bigint unsigned NULL,
  `guru_id` bigint unsigned NULL,
  `tanggal` date NOT NULL,
  `kejadian` text NOT NULL,
  `tindakan` text NULL,
  `paraf` varchar(255) NULL,
  `tahun_ajaran` varchar(255) NOT NULL DEFAULT '2026/2027',
  `semester` varchar(255) NOT NULL DEFAULT 'Ganjil',
  `created_at` datetime NULL,
  `updated_at` datetime NULL,
  PRIMARY KEY (`id`),
  KEY `jurnal_sikaps_semester_index` (`semester`),
  KEY `jurnal_sikaps_tahun_ajaran_index` (`tahun_ajaran`),
  KEY `jurnal_sikaps_tanggal_index` (`tanggal`),
  KEY `jurnal_sikaps_guru_id_tanggal_index` (`guru_id`, `tanggal`),
  KEY `jurnal_sikaps_kelas_id_tanggal_index` (`kelas_id`, `tanggal`)
) ENGINE=InnoDB DEFAULT CHARSET=utf8mb4 COLLATE=utf8mb4_unicode_ci;

INSERT INTO `jurnal_sikaps` (`id`, `siswa_id`, `kelas_id`, `guru_id`, `tanggal`, `kejadian`, `tindakan`, `paraf`, `tahun_ajaran`, `semester`, `created_at`, `updated_at`) VALUES
('1', '67', '6', '12', '2026-07-10 00:00:00', 'Demo membantu teman memahami tugas.', 'Diberi apresiasi.', 'GD', '2026/2027', 'Ganjil', '2026-07-23 10:11:33', '2026-07-23 10:11:33');

DROP TABLE IF EXISTS `kehadiran`;
CREATE TABLE `kehadiran` (
  `id` bigint unsigned NOT NULL AUTO_INCREMENT,
  `siswa_id` bigint unsigned NOT NULL,
  `tanggal` date NOT NULL,
  `status` varchar(255) NOT NULL,
  `keterangan` text NULL,
  `created_at` datetime NULL,
  `updated_at` datetime NULL,
  `kelas_id` bigint unsigned NULL,
  `mapel_id` bigint unsigned NULL,
  `guru_id` bigint unsigned NULL,
  `pertemuan` varchar(255) NULL,
  `tahun_ajaran` varchar(255) NOT NULL DEFAULT '2026/2027',
  `semester` varchar(255) NOT NULL DEFAULT 'Ganjil',
  PRIMARY KEY (`id`),
  KEY `kehadiran_semester_index` (`semester`),
  KEY `kehadiran_tahun_ajaran_index` (`tahun_ajaran`),
  KEY `kehadiran_guru_id_tanggal_index` (`guru_id`, `tanggal`),
  KEY `kehadiran_kelas_id_tanggal_status_index` (`kelas_id`, `tanggal`, `status`),
  UNIQUE KEY `kehadiran_siswa_pertemuan_unique` (`siswa_id`, `tanggal`, `mapel_id`, `pertemuan`)
) ENGINE=InnoDB DEFAULT CHARSET=utf8mb4 COLLATE=utf8mb4_unicode_ci;

INSERT INTO `kehadiran` (`id`, `siswa_id`, `tanggal`, `status`, `keterangan`, `created_at`, `updated_at`, `kelas_id`, `mapel_id`, `guru_id`, `pertemuan`, `tahun_ajaran`, `semester`) VALUES
('1', '67', '2026-07-01 00:00:00', 'hadir', 'Hadir Demo', '2026-07-23 10:11:32', '2026-07-23 10:11:32', '6', '1', '12', 'Demo', '2026/2027', 'Ganjil'),
('2', '67', '2026-07-02 00:00:00', 'hadir', 'Hadir Demo', '2026-07-23 10:11:32', '2026-07-23 10:11:32', '6', '1', '12', 'Demo', '2026/2027', 'Ganjil'),
('3', '67', '2026-07-03 00:00:00', 'alpha', 'Alpha Demo', '2026-07-23 10:11:32', '2026-07-23 10:11:32', '6', '1', '12', 'Demo', '2026/2027', 'Ganjil'),
('4', '67', '2026-07-06 00:00:00', 'hadir', 'Hadir Demo', '2026-07-23 10:11:32', '2026-07-23 10:11:32', '6', '1', '12', 'Demo', '2026/2027', 'Ganjil'),
('5', '67', '2026-07-07 00:00:00', 'hadir', 'Hadir Demo', '2026-07-23 10:11:33', '2026-07-23 10:11:33', '6', '1', '12', 'Demo', '2026/2027', 'Ganjil'),
('6', '67', '2026-07-08 00:00:00', 'sakit', 'Sakit Demo', '2026-07-23 10:11:33', '2026-07-23 10:11:33', '6', '1', '12', 'Demo', '2026/2027', 'Ganjil'),
('7', '67', '2026-07-09 00:00:00', 'hadir', 'Hadir Demo', '2026-07-23 10:11:33', '2026-07-23 10:11:33', '6', '1', '12', 'Demo', '2026/2027', 'Ganjil'),
('8', '67', '2026-07-10 00:00:00', 'hadir', 'Hadir Demo', '2026-07-23 10:11:33', '2026-07-23 10:11:33', '6', '1', '12', 'Demo', '2026/2027', 'Ganjil'),
('9', '67', '2026-07-13 00:00:00', 'hadir', 'Hadir Demo', '2026-07-23 10:11:33', '2026-07-23 10:11:33', '6', '1', '12', 'Demo', '2026/2027', 'Ganjil'),
('10', '67', '2026-07-14 00:00:00', 'izin', 'Izin Demo', '2026-07-23 10:11:33', '2026-07-23 10:11:33', '6', '1', '12', 'Demo', '2026/2027', 'Ganjil'),
('11', '67', '2026-07-15 00:00:00', 'hadir', 'Hadir Demo', '2026-07-23 10:11:33', '2026-07-23 10:11:33', '6', '1', '12', 'Demo', '2026/2027', 'Ganjil'),
('12', '67', '2026-07-16 00:00:00', 'hadir', 'Hadir Demo', '2026-07-23 10:11:33', '2026-07-23 10:11:33', '6', '1', '12', 'Demo', '2026/2027', 'Ganjil'),
('13', '67', '2026-07-17 00:00:00', 'hadir', 'Hadir Demo', '2026-07-23 10:11:33', '2026-07-23 10:11:33', '6', '1', '12', 'Demo', '2026/2027', 'Ganjil'),
('14', '67', '2026-07-20 00:00:00', 'alpha', 'Alpha Demo', '2026-07-23 10:11:33', '2026-07-23 10:11:33', '6', '1', '12', 'Demo', '2026/2027', 'Ganjil'),
('15', '67', '2026-07-21 00:00:00', 'hadir', 'Hadir Demo', '2026-07-23 10:11:33', '2026-07-23 10:11:33', '6', '1', '12', 'Demo', '2026/2027', 'Ganjil'),
('16', '67', '2026-07-22 00:00:00', 'hadir', 'Hadir Demo', '2026-07-23 10:11:33', '2026-07-23 10:11:33', '6', '1', '12', 'Demo', '2026/2027', 'Ganjil'),
('17', '67', '2026-07-23 00:00:00', 'hadir', 'Hadir Demo', '2026-07-23 10:11:33', '2026-07-23 10:11:33', '6', '1', '12', 'Demo', '2026/2027', 'Ganjil'),
('18', '67', '2026-07-24 00:00:00', 'hadir', 'Hadir Demo', '2026-07-23 10:11:33', '2026-07-23 10:11:33', '6', '1', '12', 'Demo', '2026/2027', 'Ganjil'),
('19', '1', '2026-03-02 00:00:00', 'hadir', NULL, '2026-07-23 10:11:35', '2026-07-23 10:11:35', NULL, NULL, NULL, NULL, '2026/2027', 'Ganjil'),
('20', '2', '2026-03-02 00:00:00', 'hadir', NULL, '2026-07-23 10:11:35', '2026-07-23 10:11:35', NULL, NULL, NULL, NULL, '2026/2027', 'Ganjil'),
('21', '3', '2026-03-02 00:00:00', 'hadir', NULL, '2026-07-23 10:11:35', '2026-07-23 10:11:35', NULL, NULL, NULL, NULL, '2026/2027', 'Ganjil'),
('22', '4', '2026-03-02 00:00:00', 'hadir', NULL, '2026-07-23 10:11:35', '2026-07-23 10:11:35', NULL, NULL, NULL, NULL, '2026/2027', 'Ganjil'),
('23', '5', '2026-03-02 00:00:00', 'hadir', NULL, '2026-07-23 10:11:35', '2026-07-23 10:11:35', NULL, NULL, NULL, NULL, '2026/2027', 'Ganjil'),
('24', '6', '2026-03-02 00:00:00', 'hadir', NULL, '2026-07-23 10:11:35', '2026-07-23 10:11:35', NULL, NULL, NULL, NULL, '2026/2027', 'Ganjil'),
('25', '7', '2026-03-02 00:00:00', 'hadir', NULL, '2026-07-23 10:11:35', '2026-07-23 10:11:35', NULL, NULL, NULL, NULL, '2026/2027', 'Ganjil'),
('26', '8', '2026-03-02 00:00:00', 'hadir', NULL, '2026-07-23 10:11:35', '2026-07-23 10:11:35', NULL, NULL, NULL, NULL, '2026/2027', 'Ganjil'),
('27', '9', '2026-03-02 00:00:00', 'alpha', NULL, '2026-07-23 10:11:35', '2026-07-23 10:11:35', NULL, NULL, NULL, NULL, '2026/2027', 'Ganjil'),
('28', '10', '2026-03-02 00:00:00', 'hadir', NULL, '2026-07-23 10:11:35', '2026-07-23 10:11:35', NULL, NULL, NULL, NULL, '2026/2027', 'Ganjil'),
('29', '1', '2026-03-03 00:00:00', 'hadir', NULL, '2026-07-23 10:11:35', '2026-07-23 10:11:35', NULL, NULL, NULL, NULL, '2026/2027', 'Ganjil'),
('30', '2', '2026-03-03 00:00:00', 'alpha', NULL, '2026-07-23 10:11:35', '2026-07-23 10:11:35', NULL, NULL, NULL, NULL, '2026/2027', 'Ganjil'),
('31', '3', '2026-03-03 00:00:00', 'sakit', NULL, '2026-07-23 10:11:35', '2026-07-23 10:11:35', NULL, NULL, NULL, NULL, '2026/2027', 'Ganjil'),
('32', '4', '2026-03-03 00:00:00', 'hadir', NULL, '2026-07-23 10:11:35', '2026-07-23 10:11:35', NULL, NULL, NULL, NULL, '2026/2027', 'Ganjil'),
('33', '5', '2026-03-03 00:00:00', 'hadir', NULL, '2026-07-23 10:11:35', '2026-07-23 10:11:35', NULL, NULL, NULL, NULL, '2026/2027', 'Ganjil'),
('34', '6', '2026-03-03 00:00:00', 'hadir', NULL, '2026-07-23 10:11:35', '2026-07-23 10:11:35', NULL, NULL, NULL, NULL, '2026/2027', 'Ganjil'),
('35', '7', '2026-03-03 00:00:00', 'hadir', NULL, '2026-07-23 10:11:35', '2026-07-23 10:11:35', NULL, NULL, NULL, NULL, '2026/2027', 'Ganjil'),
('36', '8', '2026-03-03 00:00:00', 'hadir', NULL, '2026-07-23 10:11:35', '2026-07-23 10:11:35', NULL, NULL, NULL, NULL, '2026/2027', 'Ganjil'),
('37', '9', '2026-03-03 00:00:00', 'hadir', NULL, '2026-07-23 10:11:35', '2026-07-23 10:11:35', NULL, NULL, NULL, NULL, '2026/2027', 'Ganjil'),
('38', '10', '2026-03-03 00:00:00', 'sakit', NULL, '2026-07-23 10:11:35', '2026-07-23 10:11:35', NULL, NULL, NULL, NULL, '2026/2027', 'Ganjil'),
('39', '1', '2026-03-04 00:00:00', 'hadir', NULL, '2026-07-23 10:11:35', '2026-07-23 10:11:35', NULL, NULL, NULL, NULL, '2026/2027', 'Ganjil'),
('40', '2', '2026-03-04 00:00:00', 'hadir', NULL, '2026-07-23 10:11:35', '2026-07-23 10:11:35', NULL, NULL, NULL, NULL, '2026/2027', 'Ganjil'),
('41', '3', '2026-03-04 00:00:00', 'hadir', NULL, '2026-07-23 10:11:35', '2026-07-23 10:11:35', NULL, NULL, NULL, NULL, '2026/2027', 'Ganjil'),
('42', '4', '2026-03-04 00:00:00', 'hadir', NULL, '2026-07-23 10:11:35', '2026-07-23 10:11:35', NULL, NULL, NULL, NULL, '2026/2027', 'Ganjil'),
('43', '5', '2026-03-04 00:00:00', 'hadir', NULL, '2026-07-23 10:11:35', '2026-07-23 10:11:35', NULL, NULL, NULL, NULL, '2026/2027', 'Ganjil'),
('44', '6', '2026-03-04 00:00:00', 'hadir', NULL, '2026-07-23 10:11:35', '2026-07-23 10:11:35', NULL, NULL, NULL, NULL, '2026/2027', 'Ganjil'),
('45', '7', '2026-03-04 00:00:00', 'hadir', NULL, '2026-07-23 10:11:35', '2026-07-23 10:11:35', NULL, NULL, NULL, NULL, '2026/2027', 'Ganjil'),
('46', '8', '2026-03-04 00:00:00', 'hadir', NULL, '2026-07-23 10:11:35', '2026-07-23 10:11:35', NULL, NULL, NULL, NULL, '2026/2027', 'Ganjil'),
('47', '9', '2026-03-04 00:00:00', 'hadir', NULL, '2026-07-23 10:11:35', '2026-07-23 10:11:35', NULL, NULL, NULL, NULL, '2026/2027', 'Ganjil'),
('48', '10', '2026-03-04 00:00:00', 'hadir', NULL, '2026-07-23 10:11:35', '2026-07-23 10:11:35', NULL, NULL, NULL, NULL, '2026/2027', 'Ganjil'),
('49', '1', '2026-03-05 00:00:00', 'hadir', NULL, '2026-07-23 10:11:35', '2026-07-23 10:11:35', NULL, NULL, NULL, NULL, '2026/2027', 'Ganjil'),
('50', '2', '2026-03-05 00:00:00', 'hadir', NULL, '2026-07-23 10:11:35', '2026-07-23 10:11:35', NULL, NULL, NULL, NULL, '2026/2027', 'Ganjil'),
('51', '3', '2026-03-05 00:00:00', 'hadir', NULL, '2026-07-23 10:11:35', '2026-07-23 10:11:35', NULL, NULL, NULL, NULL, '2026/2027', 'Ganjil'),
('52', '4', '2026-03-05 00:00:00', 'hadir', NULL, '2026-07-23 10:11:35', '2026-07-23 10:11:35', NULL, NULL, NULL, NULL, '2026/2027', 'Ganjil'),
('53', '5', '2026-03-05 00:00:00', 'hadir', NULL, '2026-07-23 10:11:35', '2026-07-23 10:11:35', NULL, NULL, NULL, NULL, '2026/2027', 'Ganjil'),
('54', '6', '2026-03-05 00:00:00', 'alpha', NULL, '2026-07-23 10:11:35', '2026-07-23 10:11:35', NULL, NULL, NULL, NULL, '2026/2027', 'Ganjil'),
('55', '7', '2026-03-05 00:00:00', 'hadir', NULL, '2026-07-23 10:11:35', '2026-07-23 10:11:35', NULL, NULL, NULL, NULL, '2026/2027', 'Ganjil'),
('56', '8', '2026-03-05 00:00:00', 'hadir', NULL, '2026-07-23 10:11:35', '2026-07-23 10:11:35', NULL, NULL, NULL, NULL, '2026/2027', 'Ganjil'),
('57', '9', '2026-03-05 00:00:00', 'hadir', NULL, '2026-07-23 10:11:35', '2026-07-23 10:11:35', NULL, NULL, NULL, NULL, '2026/2027', 'Ganjil'),
('58', '10', '2026-03-05 00:00:00', 'hadir', NULL, '2026-07-23 10:11:35', '2026-07-23 10:11:35', NULL, NULL, NULL, NULL, '2026/2027', 'Ganjil'),
('59', '1', '2026-03-06 00:00:00', 'hadir', NULL, '2026-07-23 10:11:35', '2026-07-23 10:11:35', NULL, NULL, NULL, NULL, '2026/2027', 'Ganjil'),
('60', '2', '2026-03-06 00:00:00', 'izin', NULL, '2026-07-23 10:11:35', '2026-07-23 10:11:35', NULL, NULL, NULL, NULL, '2026/2027', 'Ganjil'),
('61', '3', '2026-03-06 00:00:00', 'hadir', NULL, '2026-07-23 10:11:35', '2026-07-23 10:11:35', NULL, NULL, NULL, NULL, '2026/2027', 'Ganjil'),
('62', '4', '2026-03-06 00:00:00', 'hadir', NULL, '2026-07-23 10:11:35', '2026-07-23 10:11:35', NULL, NULL, NULL, NULL, '2026/2027', 'Ganjil'),
('63', '5', '2026-03-06 00:00:00', 'hadir', NULL, '2026-07-23 10:11:35', '2026-07-23 10:11:35', NULL, NULL, NULL, NULL, '2026/2027', 'Ganjil'),
('64', '6', '2026-03-06 00:00:00', 'hadir', NULL, '2026-07-23 10:11:35', '2026-07-23 10:11:35', NULL, NULL, NULL, NULL, '2026/2027', 'Ganjil'),
('65', '7', '2026-03-06 00:00:00', 'hadir', NULL, '2026-07-23 10:11:35', '2026-07-23 10:11:35', NULL, NULL, NULL, NULL, '2026/2027', 'Ganjil'),
('66', '8', '2026-03-06 00:00:00', 'hadir', NULL, '2026-07-23 10:11:35', '2026-07-23 10:11:35', NULL, NULL, NULL, NULL, '2026/2027', 'Ganjil'),
('67', '9', '2026-03-06 00:00:00', 'hadir', NULL, '2026-07-23 10:11:35', '2026-07-23 10:11:35', NULL, NULL, NULL, NULL, '2026/2027', 'Ganjil'),
('68', '10', '2026-03-06 00:00:00', 'hadir', NULL, '2026-07-23 10:11:35', '2026-07-23 10:11:35', NULL, NULL, NULL, NULL, '2026/2027', 'Ganjil'),
('69', '1', '2026-03-09 00:00:00', 'alpha', NULL, '2026-07-23 10:11:35', '2026-07-23 10:11:35', NULL, NULL, NULL, NULL, '2026/2027', 'Ganjil'),
('70', '2', '2026-03-09 00:00:00', 'hadir', NULL, '2026-07-23 10:11:35', '2026-07-23 10:11:35', NULL, NULL, NULL, NULL, '2026/2027', 'Ganjil'),
('71', '3', '2026-03-09 00:00:00', 'hadir', NULL, '2026-07-23 10:11:35', '2026-07-23 10:11:35', NULL, NULL, NULL, NULL, '2026/2027', 'Ganjil'),
('72', '4', '2026-03-09 00:00:00', 'hadir', NULL, '2026-07-23 10:11:35', '2026-07-23 10:11:35', NULL, NULL, NULL, NULL, '2026/2027', 'Ganjil'),
('73', '5', '2026-03-09 00:00:00', 'hadir', NULL, '2026-07-23 10:11:35', '2026-07-23 10:11:35', NULL, NULL, NULL, NULL, '2026/2027', 'Ganjil'),
('74', '6', '2026-03-09 00:00:00', 'izin', NULL, '2026-07-23 10:11:35', '2026-07-23 10:11:35', NULL, NULL, NULL, NULL, '2026/2027', 'Ganjil'),
('75', '7', '2026-03-09 00:00:00', 'hadir', NULL, '2026-07-23 10:11:35', '2026-07-23 10:11:35', NULL, NULL, NULL, NULL, '2026/2027', 'Ganjil'),
('76', '8', '2026-03-09 00:00:00', 'hadir', NULL, '2026-07-23 10:11:35', '2026-07-23 10:11:35', NULL, NULL, NULL, NULL, '2026/2027', 'Ganjil'),
('77', '9', '2026-03-09 00:00:00', 'hadir', NULL, '2026-07-23 10:11:35', '2026-07-23 10:11:35', NULL, NULL, NULL, NULL, '2026/2027', 'Ganjil'),
('78', '10', '2026-03-09 00:00:00', 'hadir', NULL, '2026-07-23 10:11:35', '2026-07-23 10:11:35', NULL, NULL, NULL, NULL, '2026/2027', 'Ganjil'),
('79', '1', '2026-03-10 00:00:00', 'hadir', NULL, '2026-07-23 10:11:35', '2026-07-23 10:11:35', NULL, NULL, NULL, NULL, '2026/2027', 'Ganjil'),
('80', '2', '2026-03-10 00:00:00', 'hadir', NULL, '2026-07-23 10:11:35', '2026-07-23 10:11:35', NULL, NULL, NULL, NULL, '2026/2027', 'Ganjil'),
('81', '3', '2026-03-10 00:00:00', 'hadir', NULL, '2026-07-23 10:11:35', '2026-07-23 10:11:35', NULL, NULL, NULL, NULL, '2026/2027', 'Ganjil'),
('82', '4', '2026-03-10 00:00:00', 'hadir', NULL, '2026-07-23 10:11:35', '2026-07-23 10:11:35', NULL, NULL, NULL, NULL, '2026/2027', 'Ganjil'),
('83', '5', '2026-03-10 00:00:00', 'hadir', NULL, '2026-07-23 10:11:35', '2026-07-23 10:11:35', NULL, NULL, NULL, NULL, '2026/2027', 'Ganjil'),
('84', '6', '2026-03-10 00:00:00', 'hadir', NULL, '2026-07-23 10:11:35', '2026-07-23 10:11:35', NULL, NULL, NULL, NULL, '2026/2027', 'Ganjil'),
('85', '7', '2026-03-10 00:00:00', 'hadir', NULL, '2026-07-23 10:11:35', '2026-07-23 10:11:35', NULL, NULL, NULL, NULL, '2026/2027', 'Ganjil'),
('86', '8', '2026-03-10 00:00:00', 'hadir', NULL, '2026-07-23 10:11:35', '2026-07-23 10:11:35', NULL, NULL, NULL, NULL, '2026/2027', 'Ganjil'),
('87', '9', '2026-03-10 00:00:00', 'hadir', NULL, '2026-07-23 10:11:35', '2026-07-23 10:11:35', NULL, NULL, NULL, NULL, '2026/2027', 'Ganjil'),
('88', '10', '2026-03-10 00:00:00', 'hadir', NULL, '2026-07-23 10:11:35', '2026-07-23 10:11:35', NULL, NULL, NULL, NULL, '2026/2027', 'Ganjil');

DROP TABLE IF EXISTS `kehadiran_gurus`;
CREATE TABLE `kehadiran_gurus` (
  `id` bigint unsigned NOT NULL AUTO_INCREMENT,
  `guru_id` bigint unsigned NOT NULL,
  `tanggal` date NOT NULL,
  `waktu_masuk` varchar(255) NULL,
  `waktu_pulang` varchar(255) NULL,
  `status` varchar(255) NOT NULL DEFAULT 'belum_absen',
  `keterangan` text NULL,
  `created_at` datetime NULL,
  `updated_at` datetime NULL,
  PRIMARY KEY (`id`),
  UNIQUE KEY `kehadiran_gurus_guru_id_tanggal_unique` (`guru_id`, `tanggal`)
) ENGINE=InnoDB DEFAULT CHARSET=utf8mb4 COLLATE=utf8mb4_unicode_ci;

DROP TABLE IF EXISTS `kelas`;
CREATE TABLE `kelas` (
  `id` bigint unsigned NOT NULL AUTO_INCREMENT,
  `kode_kelas` varchar(255) NOT NULL,
  `nama_kelas` varchar(255) NOT NULL,
  `jenjang` varchar(255) NOT NULL,
  `created_at` datetime NULL,
  `updated_at` datetime NULL,
  `guru_id` bigint unsigned NULL,
  PRIMARY KEY (`id`)
) ENGINE=InnoDB DEFAULT CHARSET=utf8mb4 COLLATE=utf8mb4_unicode_ci;

INSERT INTO `kelas` (`id`, `kode_kelas`, `nama_kelas`, `jenjang`, `created_at`, `updated_at`, `guru_id`) VALUES
('1', '7', 'Abu Bakar Ar Razi', 'SMP', '2026-07-23 10:11:19', '2026-07-23 10:11:19', '5'),
('2', '8A', 'Ibnu Al Haytam', 'SMP', '2026-07-23 10:11:19', '2026-07-23 10:11:19', NULL),
('3', '8B', 'Maryam Al Ijliyah', 'SMP', '2026-07-23 10:11:19', '2026-07-23 10:11:19', NULL),
('4', '9A', 'Al Khawarizmi', 'SMP', '2026-07-23 10:11:19', '2026-07-23 10:11:19', NULL),
('5', '9B', 'Fatimah Al Fihri', 'SMP', '2026-07-23 10:11:19', '2026-07-23 10:11:19', NULL),
('6', '7-DEMO', 'Kelas 7 Demo', 'SMP', '2026-07-23 10:11:32', '2026-07-23 10:11:32', '12');

DROP TABLE IF EXISTS `kelas_quran`;
CREATE TABLE `kelas_quran` (
  `id` bigint unsigned NOT NULL AUTO_INCREMENT,
  `nama_kelas` varchar(255) NOT NULL,
  `jenjang` varchar(255) NOT NULL,
  `kategori` varchar(255) NOT NULL,
  `tingkat` varchar(255) NOT NULL,
  `created_at` datetime NULL,
  `updated_at` datetime NULL,
  PRIMARY KEY (`id`)
) ENGINE=InnoDB DEFAULT CHARSET=utf8mb4 COLLATE=utf8mb4_unicode_ci;

INSERT INTO `kelas_quran` (`id`, `nama_kelas`, `jenjang`, `kategori`, `tingkat`, `created_at`, `updated_at`) VALUES
('1', 'Imam Nafi’ bin Abdurrahman', 'SMP', 'Ikhwan', 'Kelas 8-9', '2026-07-23 10:11:19', '2026-07-23 10:11:19'),
('2', 'Imam Abdullah bin Katsir', 'SMP', 'Ikhwan', 'Kelas 8-9', '2026-07-23 10:11:19', '2026-07-23 10:11:19'),
('3', 'Imam Ashim bin Abi Al-Najud', 'SMP', 'Ikhwan', 'Kelas 7', '2026-07-23 10:11:19', '2026-07-23 10:11:19'),
('4', 'Sutayta Al Mahamali', 'SMP', 'Akhwat', 'Kelas 8-9', '2026-07-23 10:11:19', '2026-07-23 10:11:19'),
('5', 'Zainab binti Ahmad', 'SMP', 'Akhwat', 'Kelas 8-9', '2026-07-23 10:11:19', '2026-07-23 10:11:19'),
('6', 'Bina Shaheen Siddiqui', 'SMP', 'Akhwat', 'Kelas 7', '2026-07-23 10:11:19', '2026-07-23 10:11:19'),
('7', 'Kelas Quran Demo SMPIT', 'SMP', 'Ikhwan', 'Demo', '2026-07-23 10:11:32', '2026-07-23 10:11:32');

DROP TABLE IF EXISTS `kondisi_kelas`;
CREATE TABLE `kondisi_kelas` (
  `id` bigint unsigned NOT NULL AUTO_INCREMENT,
  `siswa_id` bigint unsigned NOT NULL,
  `kelas_id` bigint unsigned NOT NULL,
  `hubungan_guru_siswa` int NOT NULL,
  `siswa_nyaman` int NOT NULL,
  `siswa_minta_bantuan` int NOT NULL,
  `tanggal` date NOT NULL,
  `created_at` datetime NULL,
  `updated_at` datetime NULL,
  PRIMARY KEY (`id`),
  UNIQUE KEY `siswa_tanggal_unique` (`siswa_id`, `tanggal`)
) ENGINE=InnoDB DEFAULT CHARSET=utf8mb4 COLLATE=utf8mb4_unicode_ci;

DROP TABLE IF EXISTS `kti_bimbingans`;
CREATE TABLE `kti_bimbingans` (
  `id` bigint unsigned NOT NULL AUTO_INCREMENT,
  `siswa_id` bigint unsigned NOT NULL,
  `bab` varchar(255) NOT NULL,
  `file_draft` varchar(255) NOT NULL,
  `catatan_siswa` text NULL,
  `status` varchar(255) NOT NULL DEFAULT 'pending',
  `catatan_guru` text NULL,
  `created_at` datetime NULL,
  `updated_at` datetime NULL,
  PRIMARY KEY (`id`)
) ENGINE=InnoDB DEFAULT CHARSET=utf8mb4 COLLATE=utf8mb4_unicode_ci;

DROP TABLE IF EXISTS `laporan_mengajars`;
CREATE TABLE `laporan_mengajars` (
  `id` bigint unsigned NOT NULL AUTO_INCREMENT,
  `guru_id` bigint unsigned NOT NULL,
  `tipe` varchar(255) NOT NULL,
  `tanggal` date NOT NULL,
  `isi` text NOT NULL,
  `created_at` datetime NULL,
  `updated_at` datetime NULL,
  `mapel_id` bigint unsigned NULL,
  `kelas_id` bigint unsigned NULL,
  `hari` varchar(255) NULL,
  `jam_ke` varchar(255) NULL,
  `bahasan_materi` text NULL,
  `keterangan` text NULL,
  `tahun_ajaran` varchar(255) NOT NULL DEFAULT '2026/2027',
  `semester` varchar(255) NOT NULL DEFAULT 'Ganjil',
  PRIMARY KEY (`id`),
  KEY `laporan_mengajars_semester_index` (`semester`),
  KEY `laporan_mengajars_tahun_ajaran_index` (`tahun_ajaran`),
  KEY `laporan_mengajars_kelas_id_tanggal_index` (`kelas_id`, `tanggal`),
  KEY `laporan_mengajars_guru_id_tahun_ajaran_semester_tipe_index` (`guru_id`, `tahun_ajaran`, `semester`, `tipe`)
) ENGINE=InnoDB DEFAULT CHARSET=utf8mb4 COLLATE=utf8mb4_unicode_ci;

DROP TABLE IF EXISTS `log_aktivitas`;
CREATE TABLE `log_aktivitas` (
  `id` bigint unsigned NOT NULL AUTO_INCREMENT,
  `user_id` bigint unsigned NULL,
  `tipe` varchar(255) NOT NULL,
  `deskripsi` text NOT NULL,
  `status` varchar(255) NULL,
  `created_at` datetime NULL,
  `updated_at` datetime NULL,
  PRIMARY KEY (`id`)
) ENGINE=InnoDB DEFAULT CHARSET=utf8mb4 COLLATE=utf8mb4_unicode_ci;

INSERT INTO `log_aktivitas` (`id`, `user_id`, `tipe`, `deskripsi`, `status`, `created_at`, `updated_at`) VALUES
('1', '82', 'User', 'Login admin dashboard', NULL, '2026-07-23 10:11:36', '2026-07-23 10:11:36');

DROP TABLE IF EXISTS `mapel`;
CREATE TABLE `mapel` (
  `id` bigint unsigned NOT NULL AUTO_INCREMENT,
  `nama_mapel` varchar(255) NOT NULL,
  `kode` varchar(255) NULL,
  `created_at` datetime NULL,
  `updated_at` datetime NULL,
  PRIMARY KEY (`id`)
) ENGINE=InnoDB DEFAULT CHARSET=utf8mb4 COLLATE=utf8mb4_unicode_ci;

INSERT INTO `mapel` (`id`, `nama_mapel`, `kode`, `created_at`, `updated_at`) VALUES
('1', 'Matematika', 'MTK', '2026-07-23 10:11:17', '2026-07-23 10:11:17'),
('2', 'Bahasa Indonesia', 'B.IND', '2026-07-23 10:11:17', '2026-07-23 10:11:17'),
('3', 'Bahasa Inggris', 'ING', '2026-07-23 10:11:17', '2026-07-23 10:11:17'),
('4', 'Bahasa Arab', 'ARB', '2026-07-23 10:11:17', '2026-07-23 10:11:17'),
('5', 'Ilmu Pengetahuan Alam', 'IPA', '2026-07-23 10:11:17', '2026-07-23 10:11:17'),
('6', 'Ilmu Pengetahuan Sosial', 'IPS', '2026-07-23 10:11:17', '2026-07-23 10:11:17'),
('7', 'Pendidikan Agama Islam', 'PAI', '2026-07-23 10:11:17', '2026-07-23 10:11:17'),
('8', 'Al Quran Hadits', 'AQH', '2026-07-23 10:11:17', '2026-07-23 10:11:17'),
('9', 'Tahfidzul Qur''an', 'TAH', '2026-07-23 10:11:17', '2026-07-23 10:11:17'),
('10', 'Aqidah', 'AQD', '2026-07-23 10:11:17', '2026-07-23 10:11:17'),
('11', 'Fiqh', 'FQH', '2026-07-23 10:11:17', '2026-07-23 10:11:17'),
('12', 'PJOK', 'PJOK', '2026-07-23 10:11:17', '2026-07-23 10:11:17'),
('13', 'Teknologi Digital', 'TKD', '2026-07-23 10:11:17', '2026-07-23 10:11:17'),
('14', 'Seni Rupa', 'SNR', '2026-07-23 10:11:17', '2026-07-23 10:11:17'),
('15', 'Seni Budaya dan Prakarya', 'SBP', '2026-07-23 10:11:17', '2026-07-23 10:11:17'),
('16', 'Project Based Learning', 'PBL', '2026-07-23 10:11:17', '2026-07-23 10:11:17'),
('17', 'Karya Tulis', 'KT', '2026-07-23 10:11:17', '2026-07-23 10:11:17'),
('18', 'Karya Tulis Ilmiah', 'KTI', '2026-07-23 10:11:17', '2026-07-23 10:11:17'),
('19', 'BPI', 'BPI', '2026-07-23 10:11:17', '2026-07-23 10:11:17'),
('20', 'Baca Tulis Quran', 'BTQ', '2026-07-23 10:11:17', '2026-07-23 10:11:17'),
('21', 'Pramuka', 'PRM', '2026-07-23 10:11:17', '2026-07-23 10:11:17'),
('22', 'Istirahat', 'IST', '2026-07-23 10:11:17', '2026-07-23 10:11:17'),
('23', 'Dzuhur Time', 'DZH', '2026-07-23 10:11:17', '2026-07-23 10:11:17'),
('24', 'Ashar Time', 'ASHR_SMP', '2026-07-23 10:11:17', '2026-07-23 10:11:17'),
('25', 'Upacara / Flash', 'UPCR_SMP', '2026-07-23 10:11:17', '2026-07-23 10:11:17'),
('26', 'Upacara / PAS Mantap', 'UPCR_PAS', '2026-07-23 10:11:17', '2026-07-23 10:11:17'),
('27', 'Apel, Dhuha & Muroja''ah', 'ADM', '2026-07-23 10:11:17', '2026-07-23 10:11:17'),
('28', 'Shalat Ashar dan Dzikir', 'ASHR_DZK', '2026-07-23 10:11:17', '2026-07-23 10:11:17'),
('29', 'Ekskul', 'EKS', '2026-07-23 10:11:17', '2026-07-23 10:11:17'),
('30', 'Dhuha Time', 'DHUHA', '2026-07-23 10:11:17', '2026-07-23 10:11:17'),
('31', 'Upacara / Pentas Seni', 'UPCR', '2026-07-23 10:11:17', '2026-07-23 10:11:17'),
('32', 'Qailullah', 'QAIL', '2026-07-23 10:11:17', '2026-07-23 10:11:17'),
('33', 'Sholat dan Makan', 'ISHOMA', '2026-07-23 10:11:17', '2026-07-23 10:11:17'),
('34', 'Pulang / Penjemputan Orang Tua', 'PLG', '2026-07-23 10:11:17', '2026-07-23 10:11:17'),
('35', 'Snack Time', 'SNCK', '2026-07-23 10:11:17', '2026-07-23 10:11:17'),
('36', 'IPAS', 'IPAS', '2026-07-23 10:11:17', '2026-07-23 10:11:17'),
('37', 'Qadhaya Rawa''i', 'QRW', '2026-07-23 10:11:17', '2026-07-23 10:11:17'),
('38', 'Transisi / Pindah ke Kelas', 'TRNS', '2026-07-23 10:11:17', '2026-07-23 10:11:17'),
('39', 'Aqidah/Akhlak', 'AKHLAK', '2026-07-23 10:11:17', '2026-07-23 10:11:17'),
('40', 'Kegiatan Pramuka', 'KPRM', '2026-07-23 10:11:17', '2026-07-23 10:11:17'),
('41', 'Bina Pribadi Islam', 'BPI', '2026-07-23 10:11:17', '2026-07-23 10:11:17'),
('42', 'TIK', 'TIK', '2026-07-23 10:11:17', '2026-07-23 10:11:17'),
('43', 'Pendidikan Kewarganegaraan', 'PKN', '2026-07-23 10:11:17', '2026-07-23 10:11:17'),
('44', 'Shalat Ashar', 'ASHR', '2026-07-23 10:11:17', '2026-07-23 10:11:17');

DROP TABLE IF EXISTS `materi`;
CREATE TABLE `materi` (
  `id` bigint unsigned NOT NULL AUTO_INCREMENT,
  `judul` varchar(255) NOT NULL,
  `deskripsi` text NULL,
  `file_path` varchar(255) NOT NULL,
  `tipe` varchar(255) NOT NULL DEFAULT 'materi',
  `mapel_id` bigint unsigned NOT NULL,
  `kelas_id` bigint unsigned NULL,
  `guru_id` bigint unsigned NOT NULL,
  `created_at` datetime NULL,
  `updated_at` datetime NULL,
  `status` varchar(255) NOT NULL DEFAULT 'draft',
  `skor_kauniyah` int NULL,
  `skor_bilingual` int NULL,
  `skor_ai` int NULL,
  `kategori` varchar(255) NOT NULL DEFAULT 'kompetensi_inti',
  `kode` varchar(255) NULL,
  `isi` text NULL,
  `tahun_ajaran` varchar(255) NOT NULL DEFAULT '2026/2027',
  `semester` varchar(255) NOT NULL DEFAULT 'Ganjil',
  `versi` int NOT NULL DEFAULT '1',
  `submitted_at` datetime NULL,
  `reviewed_at` datetime NULL,
  `reviewed_by` int NULL,
  `catatan_reviewer` text NULL,
  PRIMARY KEY (`id`),
  KEY `materi_reviewed_at_index` (`reviewed_at`),
  KEY `materi_submitted_at_index` (`submitted_at`),
  KEY `materi_semester_index` (`semester`),
  KEY `materi_tahun_ajaran_index` (`tahun_ajaran`),
  KEY `materi_kategori_index` (`kategori`),
  KEY `materi_kelas_id_mapel_id_status_index` (`kelas_id`, `mapel_id`, `status`),
  KEY `materi_guru_id_kategori_status_index` (`guru_id`, `kategori`, `status`)
) ENGINE=InnoDB DEFAULT CHARSET=utf8mb4 COLLATE=utf8mb4_unicode_ci;

INSERT INTO `materi` (`id`, `judul`, `deskripsi`, `file_path`, `tipe`, `mapel_id`, `kelas_id`, `guru_id`, `created_at`, `updated_at`, `status`, `skor_kauniyah`, `skor_bilingual`, `skor_ai`, `kategori`, `kode`, `isi`, `tahun_ajaran`, `semester`, `versi`, `submitted_at`, `reviewed_at`, `reviewed_by`, `catatan_reviewer`) VALUES
('1', 'Kompetensi Inti Demo Matematika', 'Dokumen Demo untuk Kompetensi Inti Demo Matematika tahun ajaran 2026/2027.', 'demo/bahan-ajar-demo.pdf', 'bahan_ajar', '1', '6', '12', '2026-07-23 10:11:32', '2026-07-23 10:11:32', 'draft', NULL, NULL, NULL, 'kompetensi_inti', 'KI-DEMO-01', 'Isi ringkas Demo yang dapat direview oleh Kepala Sekolah.', '2026/2027', 'Ganjil', '1', NULL, NULL, NULL, NULL),
('2', 'Kompetensi Dasar Demo Matematika', 'Dokumen Demo untuk Kompetensi Dasar Demo Matematika tahun ajaran 2026/2027.', 'demo/bahan-ajar-demo.pdf', 'bahan_ajar', '1', '6', '12', '2026-07-23 10:11:32', '2026-07-23 10:11:32', 'pending', NULL, NULL, NULL, 'kompetensi_dasar', 'KD-DEMO-01', 'Isi ringkas Demo yang dapat direview oleh Kepala Sekolah.', '2026/2027', 'Ganjil', '1', '2026-07-23 10:11:32', NULL, NULL, NULL),
('3', 'Alur Tahapan Pembelajaran Demo Matematika', 'Dokumen Demo untuk Alur Tahapan Pembelajaran Demo Matematika tahun ajaran 2026/2027.', 'demo/bahan-ajar-demo.pdf', 'bahan_ajar', '1', '6', '12', '2026-07-23 10:11:32', '2026-07-23 10:11:32', 'approved', NULL, NULL, NULL, 'alur_tahapan_pembelajaran', 'ATP-DEMO-01', 'Isi ringkas Demo yang dapat direview oleh Kepala Sekolah.', '2026/2027', 'Ganjil', '1', '2026-07-23 10:11:32', '2026-07-23 10:11:32', '78', 'Demo approved untuk publikasi.'),
('4', 'AKIDAH AKHLAK KELAS 7', 'Dokumen pembelajaran SMP final untuk Abu Bakar Ar Razi. File asli: AKIDAH AKHLAK KELAS 7.docx. Kategori: Alur Tujuan Pembelajaran. Checksum SHA-256: 4affedb0755aed4f126225b3528bc4b0fddd2b294608f93a666868a0973c2a76. Catatan: Mata pelajaran dari nama file berbeda dengan isi awal; klasifikasi memakai nama file eksplisit.', 'materi-smp/kelas-7/AKIDAH AKHLAK KELAS 7.docx', 'dokumen_pembelajaran_smp', '39', '1', '8', '2026-07-23 10:11:33', '2026-07-23 10:11:33', 'approved', NULL, NULL, NULL, 'alur_tujuan_pembelajaran', 'SMPDOC-4AFFEDB0755A-7', 'Dokumen asli dari folder MATERI SMP AL AZHAR. File tidak dikonversi dan tidak diubah.', '2026/2027', 'Ganjil & Genap', '1', '2026-07-23 10:11:33', '2026-07-23 10:11:33', '83', 'Import otomatis dokumen pembelajaran SMP final.'),
('5', 'AKIDAH AKHLAK KELAS 7', 'Dokumen pembelajaran SMP final untuk Kelas 7 Demo. File asli: AKIDAH AKHLAK KELAS 7.docx. Kategori: Alur Tujuan Pembelajaran. Checksum SHA-256: 4affedb0755aed4f126225b3528bc4b0fddd2b294608f93a666868a0973c2a76. Catatan: Mata pelajaran dari nama file berbeda dengan isi awal; klasifikasi memakai nama file eksplisit.', 'materi-smp/kelas-7/AKIDAH AKHLAK KELAS 7.docx', 'dokumen_pembelajaran_smp', '39', '6', '8', '2026-07-23 10:11:33', '2026-07-23 10:11:33', 'approved', NULL, NULL, NULL, 'alur_tujuan_pembelajaran', 'SMPDOC-4AFFEDB0755A-7-DEMO', 'Dokumen asli dari folder MATERI SMP AL AZHAR. File tidak dikonversi dan tidak diubah.', '2026/2027', 'Ganjil & Genap', '1', '2026-07-23 10:11:33', '2026-07-23 10:11:33', '83', 'Import otomatis dokumen pembelajaran SMP final.'),
('6', 'AKIDAH AKHLAK KELAS 8', 'Dokumen pembelajaran SMP final untuk Ibnu Al Haytam. File asli: AKIDAH AKHLAK KELAS 8.docx. Kategori: Alur Tujuan Pembelajaran. Checksum SHA-256: 542c7ff476b017dfca338699a5a8cfc12feee7a02a8480101ffc6161ea7146bd.', 'materi-smp/kelas-8/AKIDAH AKHLAK KELAS 8.docx', 'dokumen_pembelajaran_smp', '39', '2', '8', '2026-07-23 10:11:33', '2026-07-23 10:11:33', 'approved', NULL, NULL, NULL, 'alur_tujuan_pembelajaran', 'SMPDOC-542C7FF476B0-8A', 'Dokumen asli dari folder MATERI SMP AL AZHAR. File tidak dikonversi dan tidak diubah.', '2026/2027', 'Ganjil & Genap', '1', '2026-07-23 10:11:33', '2026-07-23 10:11:33', '83', 'Import otomatis dokumen pembelajaran SMP final.'),
('7', 'AKIDAH AKHLAK KELAS 8', 'Dokumen pembelajaran SMP final untuk Maryam Al Ijliyah. File asli: AKIDAH AKHLAK KELAS 8.docx. Kategori: Alur Tujuan Pembelajaran. Checksum SHA-256: 542c7ff476b017dfca338699a5a8cfc12feee7a02a8480101ffc6161ea7146bd.', 'materi-smp/kelas-8/AKIDAH AKHLAK KELAS 8.docx', 'dokumen_pembelajaran_smp', '39', '3', '8', '2026-07-23 10:11:33', '2026-07-23 10:11:33', 'approved', NULL, NULL, NULL, 'alur_tujuan_pembelajaran', 'SMPDOC-542C7FF476B0-8B', 'Dokumen asli dari folder MATERI SMP AL AZHAR. File tidak dikonversi dan tidak diubah.', '2026/2027', 'Ganjil & Genap', '1', '2026-07-23 10:11:33', '2026-07-23 10:11:33', '83', 'Import otomatis dokumen pembelajaran SMP final.'),
('8', 'AKIDAH AKHLAK KELAS 9', 'Dokumen pembelajaran SMP final untuk Al Khawarizmi. File asli: AKIDAH AKHLAK KELAS 9.docx. Kategori: Alur Tujuan Pembelajaran. Checksum SHA-256: 4e2119ef2dbb87bf576b9ebea7ce20632c8a04eddac0ba95051541d5faf63969.', 'materi-smp/kelas-9/AKIDAH AKHLAK KELAS 9.docx', 'dokumen_pembelajaran_smp', '39', '4', '8', '2026-07-23 10:11:33', '2026-07-23 10:11:33', 'approved', NULL, NULL, NULL, 'alur_tujuan_pembelajaran', 'SMPDOC-4E2119EF2DBB-9A', 'Dokumen asli dari folder MATERI SMP AL AZHAR. File tidak dikonversi dan tidak diubah.', '2026/2027', 'Ganjil & Genap', '1', '2026-07-23 10:11:33', '2026-07-23 10:11:33', '83', 'Import otomatis dokumen pembelajaran SMP final.'),
('9', 'AKIDAH AKHLAK KELAS 9', 'Dokumen pembelajaran SMP final untuk Fatimah Al Fihri. File asli: AKIDAH AKHLAK KELAS 9.docx. Kategori: Alur Tujuan Pembelajaran. Checksum SHA-256: 4e2119ef2dbb87bf576b9ebea7ce20632c8a04eddac0ba95051541d5faf63969.', 'materi-smp/kelas-9/AKIDAH AKHLAK KELAS 9.docx', 'dokumen_pembelajaran_smp', '39', '5', '8', '2026-07-23 10:11:33', '2026-07-23 10:11:33', 'approved', NULL, NULL, NULL, 'alur_tujuan_pembelajaran', 'SMPDOC-4E2119EF2DBB-9B', 'Dokumen asli dari folder MATERI SMP AL AZHAR. File tidak dikonversi dan tidak diubah.', '2026/2027', 'Ganjil & Genap', '1', '2026-07-23 10:11:33', '2026-07-23 10:11:33', '83', 'Import otomatis dokumen pembelajaran SMP final.'),
('10', 'AL QURAN HADIST KELAS 7', 'Dokumen pembelajaran SMP final untuk Abu Bakar Ar Razi. File asli: AL QURAN HADIST KELAS 7.docx. Kategori: Alur Tujuan Pembelajaran. Checksum SHA-256: 7a1371410550f4731e473237733470b644847704c2dd7ea8dc4cd5906197693b.', 'materi-smp/kelas-7/AL QURAN HADIST KELAS 7.docx', 'dokumen_pembelajaran_smp', '8', '1', '3', '2026-07-23 10:11:33', '2026-07-23 10:11:33', 'approved', NULL, NULL, NULL, 'alur_tujuan_pembelajaran', 'SMPDOC-7A1371410550-7', 'Dokumen asli dari folder MATERI SMP AL AZHAR. File tidak dikonversi dan tidak diubah.', '2026/2027', 'Ganjil & Genap', '1', '2026-07-23 10:11:33', '2026-07-23 10:11:33', '83', 'Import otomatis dokumen pembelajaran SMP final.'),
('11', 'AL QURAN HADIST KELAS 7', 'Dokumen pembelajaran SMP final untuk Kelas 7 Demo. File asli: AL QURAN HADIST KELAS 7.docx. Kategori: Alur Tujuan Pembelajaran. Checksum SHA-256: 7a1371410550f4731e473237733470b644847704c2dd7ea8dc4cd5906197693b.', 'materi-smp/kelas-7/AL QURAN HADIST KELAS 7.docx', 'dokumen_pembelajaran_smp', '8', '6', '3', '2026-07-23 10:11:34', '2026-07-23 10:11:34', 'approved', NULL, NULL, NULL, 'alur_tujuan_pembelajaran', 'SMPDOC-7A1371410550-7-DEMO', 'Dokumen asli dari folder MATERI SMP AL AZHAR. File tidak dikonversi dan tidak diubah.', '2026/2027', 'Ganjil & Genap', '1', '2026-07-23 10:11:34', '2026-07-23 10:11:34', '83', 'Import otomatis dokumen pembelajaran SMP final.'),
('12', 'AL QURAN HADIST KELAS 8', 'Dokumen pembelajaran SMP final untuk Ibnu Al Haytam. File asli: AL QURAN HADIST KELAS 8.docx. Kategori: Alur Tujuan Pembelajaran. Checksum SHA-256: a1c3762990ebd65f0ecb3f393e9a206d30a979cd0b5b66800277d6dfedd3c342.', 'materi-smp/kelas-8/AL QURAN HADIST KELAS 8.docx', 'dokumen_pembelajaran_smp', '8', '2', '3', '2026-07-23 10:11:34', '2026-07-23 10:11:34', 'approved', NULL, NULL, NULL, 'alur_tujuan_pembelajaran', 'SMPDOC-A1C3762990EB-8A', 'Dokumen asli dari folder MATERI SMP AL AZHAR. File tidak dikonversi dan tidak diubah.', '2026/2027', 'Ganjil & Genap', '1', '2026-07-23 10:11:34', '2026-07-23 10:11:34', '83', 'Import otomatis dokumen pembelajaran SMP final.'),
('13', 'AL QURAN HADIST KELAS 8', 'Dokumen pembelajaran SMP final untuk Maryam Al Ijliyah. File asli: AL QURAN HADIST KELAS 8.docx. Kategori: Alur Tujuan Pembelajaran. Checksum SHA-256: a1c3762990ebd65f0ecb3f393e9a206d30a979cd0b5b66800277d6dfedd3c342.', 'materi-smp/kelas-8/AL QURAN HADIST KELAS 8.docx', 'dokumen_pembelajaran_smp', '8', '3', '3', '2026-07-23 10:11:34', '2026-07-23 10:11:34', 'approved', NULL, NULL, NULL, 'alur_tujuan_pembelajaran', 'SMPDOC-A1C3762990EB-8B', 'Dokumen asli dari folder MATERI SMP AL AZHAR. File tidak dikonversi dan tidak diubah.', '2026/2027', 'Ganjil & Genap', '1', '2026-07-23 10:11:34', '2026-07-23 10:11:34', '83', 'Import otomatis dokumen pembelajaran SMP final.'),
('14', 'AL QURAN HADIST KELAS 9', 'Dokumen pembelajaran SMP final untuk Al Khawarizmi. File asli: AL QURAN HADIST KELAS 9.docx. Kategori: Alur Tujuan Pembelajaran. Checksum SHA-256: c1146eeba692753707cd53feb91de218cdf85818ca5145a8a4be7cfe7b4e976b.', 'materi-smp/kelas-9/AL QURAN HADIST KELAS 9.docx', 'dokumen_pembelajaran_smp', '8', '4', '3', '2026-07-23 10:11:34', '2026-07-23 10:11:34', 'approved', NULL, NULL, NULL, 'alur_tujuan_pembelajaran', 'SMPDOC-C1146EEBA692-9A', 'Dokumen asli dari folder MATERI SMP AL AZHAR. File tidak dikonversi dan tidak diubah.', '2026/2027', 'Ganjil', '1', '2026-07-23 10:11:34', '2026-07-23 10:11:34', '83', 'Import otomatis dokumen pembelajaran SMP final.'),
('15', 'AL QURAN HADIST KELAS 9', 'Dokumen pembelajaran SMP final untuk Fatimah Al Fihri. File asli: AL QURAN HADIST KELAS 9.docx. Kategori: Alur Tujuan Pembelajaran. Checksum SHA-256: c1146eeba692753707cd53feb91de218cdf85818ca5145a8a4be7cfe7b4e976b.', 'materi-smp/kelas-9/AL QURAN HADIST KELAS 9.docx', 'dokumen_pembelajaran_smp', '8', '5', '3', '2026-07-23 10:11:34', '2026-07-23 10:11:34', 'approved', NULL, NULL, NULL, 'alur_tujuan_pembelajaran', 'SMPDOC-C1146EEBA692-9B', 'Dokumen asli dari folder MATERI SMP AL AZHAR. File tidak dikonversi dan tidak diubah.', '2026/2027', 'Ganjil', '1', '2026-07-23 10:11:34', '2026-07-23 10:11:34', '83', 'Import otomatis dokumen pembelajaran SMP final.'),
('16', 'FIQIH KELAS 7', 'Dokumen pembelajaran SMP final untuk Abu Bakar Ar Razi. File asli: FIQIH KELAS 7.docx. Kategori: Alur Tujuan Pembelajaran. Checksum SHA-256: c30fa4558967e08781e0a43ec6e1a483be79436e6f806b00f0516f1fbde8067b.', 'materi-smp/kelas-7/FIQIH KELAS 7.docx', 'dokumen_pembelajaran_smp', '11', '1', '8', '2026-07-23 10:11:34', '2026-07-23 10:11:34', 'approved', NULL, NULL, NULL, 'alur_tujuan_pembelajaran', 'SMPDOC-C30FA4558967-7', 'Dokumen asli dari folder MATERI SMP AL AZHAR. File tidak dikonversi dan tidak diubah.', '2026/2027', 'Ganjil & Genap', '1', '2026-07-23 10:11:34', '2026-07-23 10:11:34', '83', 'Import otomatis dokumen pembelajaran SMP final.'),
('17', 'FIQIH KELAS 7', 'Dokumen pembelajaran SMP final untuk Kelas 7 Demo. File asli: FIQIH KELAS 7.docx. Kategori: Alur Tujuan Pembelajaran. Checksum SHA-256: c30fa4558967e08781e0a43ec6e1a483be79436e6f806b00f0516f1fbde8067b.', 'materi-smp/kelas-7/FIQIH KELAS 7.docx', 'dokumen_pembelajaran_smp', '11', '6', '8', '2026-07-23 10:11:34', '2026-07-23 10:11:34', 'approved', NULL, NULL, NULL, 'alur_tujuan_pembelajaran', 'SMPDOC-C30FA4558967-7-DEMO', 'Dokumen asli dari folder MATERI SMP AL AZHAR. File tidak dikonversi dan tidak diubah.', '2026/2027', 'Ganjil & Genap', '1', '2026-07-23 10:11:34', '2026-07-23 10:11:34', '83', 'Import otomatis dokumen pembelajaran SMP final.'),
('18', 'FIQIH KELAS 8', 'Dokumen pembelajaran SMP final untuk Ibnu Al Haytam. File asli: FIQIH KELAS 8.docx. Kategori: Alur Tujuan Pembelajaran. Checksum SHA-256: ac0b6234afdb0cd6d0f895672b8d45664ea7ce6438b8574d54da86d39e32f4a7. Catatan: Isi dokumen menyebut SD/MI atau kelas SD; perlu validasi sebelum dipakai di SMP. Kelas dari nama file berbeda dengan isi; klasifikasi memakai nama file eksplisit.', 'materi-smp/kelas-8/FIQIH KELAS 8.docx', 'dokumen_pembelajaran_smp', '11', '2', '8', '2026-07-23 10:11:34', '2026-07-23 10:11:34', 'approved', NULL, NULL, NULL, 'alur_tujuan_pembelajaran', 'SMPDOC-AC0B6234AFDB-8A', 'Dokumen asli dari folder MATERI SMP AL AZHAR. File tidak dikonversi dan tidak diubah.', '2026/2027', 'Ganjil & Genap', '1', '2026-07-23 10:11:34', '2026-07-23 10:11:34', '83', 'Import otomatis dokumen pembelajaran SMP final.'),
('19', 'FIQIH KELAS 8', 'Dokumen pembelajaran SMP final untuk Maryam Al Ijliyah. File asli: FIQIH KELAS 8.docx. Kategori: Alur Tujuan Pembelajaran. Checksum SHA-256: ac0b6234afdb0cd6d0f895672b8d45664ea7ce6438b8574d54da86d39e32f4a7. Catatan: Isi dokumen menyebut SD/MI atau kelas SD; perlu validasi sebelum dipakai di SMP. Kelas dari nama file berbeda dengan isi; klasifikasi memakai nama file eksplisit.', 'materi-smp/kelas-8/FIQIH KELAS 8.docx', 'dokumen_pembelajaran_smp', '11', '3', '8', '2026-07-23 10:11:34', '2026-07-23 10:11:34', 'approved', NULL, NULL, NULL, 'alur_tujuan_pembelajaran', 'SMPDOC-AC0B6234AFDB-8B', 'Dokumen asli dari folder MATERI SMP AL AZHAR. File tidak dikonversi dan tidak diubah.', '2026/2027', 'Ganjil & Genap', '1', '2026-07-23 10:11:34', '2026-07-23 10:11:34', '83', 'Import otomatis dokumen pembelajaran SMP final.'),
('20', 'FIQIH KELAS 9', 'Dokumen pembelajaran SMP final untuk Al Khawarizmi. File asli: FIQIH KELAS 9.docx. Kategori: Alur Tujuan Pembelajaran. Checksum SHA-256: 405cfa46f7fb9e6489686379305196eebd2de2b2134ff189cc020b149482e3d9. Catatan: Mata pelajaran dari nama file berbeda dengan isi awal; klasifikasi memakai nama file eksplisit.', 'materi-smp/kelas-9/FIQIH KELAS 9.docx', 'dokumen_pembelajaran_smp', '11', '4', '8', '2026-07-23 10:11:34', '2026-07-23 10:11:34', 'approved', NULL, NULL, NULL, 'alur_tujuan_pembelajaran', 'SMPDOC-405CFA46F7FB-9A', 'Dokumen asli dari folder MATERI SMP AL AZHAR. File tidak dikonversi dan tidak diubah.', '2026/2027', 'Ganjil & Genap', '1', '2026-07-23 10:11:34', '2026-07-23 10:11:34', '83', 'Import otomatis dokumen pembelajaran SMP final.'),
('21', 'FIQIH KELAS 9', 'Dokumen pembelajaran SMP final untuk Fatimah Al Fihri. File asli: FIQIH KELAS 9.docx. Kategori: Alur Tujuan Pembelajaran. Checksum SHA-256: 405cfa46f7fb9e6489686379305196eebd2de2b2134ff189cc020b149482e3d9. Catatan: Mata pelajaran dari nama file berbeda dengan isi awal; klasifikasi memakai nama file eksplisit.', 'materi-smp/kelas-9/FIQIH KELAS 9.docx', 'dokumen_pembelajaran_smp', '11', '5', '8', '2026-07-23 10:11:34', '2026-07-23 10:11:34', 'approved', NULL, NULL, NULL, 'alur_tujuan_pembelajaran', 'SMPDOC-405CFA46F7FB-9B', 'Dokumen asli dari folder MATERI SMP AL AZHAR. File tidak dikonversi dan tidak diubah.', '2026/2027', 'Ganjil & Genap', '1', '2026-07-23 10:11:34', '2026-07-23 10:11:34', '83', 'Import otomatis dokumen pembelajaran SMP final.'),
('22', 'KELAS 7 CP B.INDO', 'Dokumen pembelajaran SMP final untuk Abu Bakar Ar Razi. File asli: KELAS 7 CP B.INDO.docx. Kategori: Capaian Pembelajaran. Checksum SHA-256: 610efdc97efe337739c89644d3ea27daf68b4e0c28d07365e47d263622a3a989.', 'materi-smp/kelas-7/KELAS 7 CP B.INDO.docx', 'dokumen_pembelajaran_smp', '2', '1', '3', '2026-07-23 10:11:34', '2026-07-23 10:11:34', 'approved', NULL, NULL, NULL, 'capaian_pembelajaran', 'SMPDOC-610EFDC97EFE-7', 'Dokumen asli dari folder MATERI SMP AL AZHAR. File tidak dikonversi dan tidak diubah.', '2026/2027', 'Ganjil & Genap', '1', '2026-07-23 10:11:34', '2026-07-23 10:11:34', '83', 'Import otomatis dokumen pembelajaran SMP final.'),
('23', 'KELAS 7 CP B.INDO', 'Dokumen pembelajaran SMP final untuk Kelas 7 Demo. File asli: KELAS 7 CP B.INDO.docx. Kategori: Capaian Pembelajaran. Checksum SHA-256: 610efdc97efe337739c89644d3ea27daf68b4e0c28d07365e47d263622a3a989.', 'materi-smp/kelas-7/KELAS 7 CP B.INDO.docx', 'dokumen_pembelajaran_smp', '2', '6', '3', '2026-07-23 10:11:34', '2026-07-23 10:11:34', 'approved', NULL, NULL, NULL, 'capaian_pembelajaran', 'SMPDOC-610EFDC97EFE-7-DEMO', 'Dokumen asli dari folder MATERI SMP AL AZHAR. File tidak dikonversi dan tidak diubah.', '2026/2027', 'Ganjil & Genap', '1', '2026-07-23 10:11:34', '2026-07-23 10:11:34', '83', 'Import otomatis dokumen pembelajaran SMP final.'),
('24', 'KELAS 7 CP MTK', 'Dokumen pembelajaran SMP final untuk Abu Bakar Ar Razi. File asli: KELAS 7 CP MTK.docx. Kategori: Capaian Pembelajaran. Checksum SHA-256: 45ba2b99ca753abb6dbeb73d4f2e0e8ec53b53e7624a096109a19189b8be7fcd.', 'materi-smp/kelas-7/KELAS 7 CP MTK.docx', 'dokumen_pembelajaran_smp', '1', '1', '7', '2026-07-23 10:11:34', '2026-07-23 10:11:34', 'approved', NULL, NULL, NULL, 'capaian_pembelajaran', 'SMPDOC-45BA2B99CA75-7', 'Dokumen asli dari folder MATERI SMP AL AZHAR. File tidak dikonversi dan tidak diubah.', '2026/2027', 'Ganjil & Genap', '1', '2026-07-23 10:11:34', '2026-07-23 10:11:34', '83', 'Import otomatis dokumen pembelajaran SMP final.'),
('25', 'KELAS 7 CP MTK', 'Dokumen pembelajaran SMP final untuk Kelas 7 Demo. File asli: KELAS 7 CP MTK.docx. Kategori: Capaian Pembelajaran. Checksum SHA-256: 45ba2b99ca753abb6dbeb73d4f2e0e8ec53b53e7624a096109a19189b8be7fcd.', 'materi-smp/kelas-7/KELAS 7 CP MTK.docx', 'dokumen_pembelajaran_smp', '1', '6', '7', '2026-07-23 10:11:34', '2026-07-23 10:11:34', 'approved', NULL, NULL, NULL, 'capaian_pembelajaran', 'SMPDOC-45BA2B99CA75-7-DEMO', 'Dokumen asli dari folder MATERI SMP AL AZHAR. File tidak dikonversi dan tidak diubah.', '2026/2027', 'Ganjil & Genap', '1', '2026-07-23 10:11:34', '2026-07-23 10:11:34', '83', 'Import otomatis dokumen pembelajaran SMP final.'),
('26', 'KELAS 8 CP PKN', 'Dokumen pembelajaran SMP final untuk Ibnu Al Haytam. File asli: KELAS 8 CP PKN.docx. Kategori: Capaian Pembelajaran. Checksum SHA-256: d82b425aea37998888a19d927de621475397d844db165b925b9cb010302523df. Catatan: Kelas dari nama file berbeda dengan isi; klasifikasi memakai nama file eksplisit. Mata pelajaran dari nama file berbeda dengan isi awal; klasifikasi memakai nama file eksplisit.', 'materi-smp/kelas-8/KELAS 8 CP PKN.docx', 'dokumen_pembelajaran_smp', '43', '2', '11', '2026-07-23 10:11:34', '2026-07-23 10:11:34', 'approved', NULL, NULL, NULL, 'capaian_pembelajaran', 'SMPDOC-D82B425AEA37-8A', 'Dokumen asli dari folder MATERI SMP AL AZHAR. File tidak dikonversi dan tidak diubah.', '2026/2027', 'Ganjil & Genap', '1', '2026-07-23 10:11:34', '2026-07-23 10:11:34', '83', 'Import otomatis dokumen pembelajaran SMP final.'),
('27', 'KELAS 8 CP PKN', 'Dokumen pembelajaran SMP final untuk Maryam Al Ijliyah. File asli: KELAS 8 CP PKN.docx. Kategori: Capaian Pembelajaran. Checksum SHA-256: d82b425aea37998888a19d927de621475397d844db165b925b9cb010302523df. Catatan: Kelas dari nama file berbeda dengan isi; klasifikasi memakai nama file eksplisit. Mata pelajaran dari nama file berbeda dengan isi awal; klasifikasi memakai nama file eksplisit.', 'materi-smp/kelas-8/KELAS 8 CP PKN.docx', 'dokumen_pembelajaran_smp', '43', '3', '11', '2026-07-23 10:11:34', '2026-07-23 10:11:34', 'approved', NULL, NULL, NULL, 'capaian_pembelajaran', 'SMPDOC-D82B425AEA37-8B', 'Dokumen asli dari folder MATERI SMP AL AZHAR. File tidak dikonversi dan tidak diubah.', '2026/2027', 'Ganjil & Genap', '1', '2026-07-23 10:11:34', '2026-07-23 10:11:34', '83', 'Import otomatis dokumen pembelajaran SMP final.'),
('28', 'KELAS 9 CP B.INDO', 'Dokumen pembelajaran SMP final untuk Al Khawarizmi. File asli: KELAS 9 CP B.INDO.docx. Kategori: Capaian Pembelajaran. Checksum SHA-256: 472d47d16ac53d1883c9985f0ee3c19dcca6dbb932055df0498517545e8af79b. Catatan: Kelas dari nama file berbeda dengan isi; klasifikasi memakai nama file eksplisit.', 'materi-smp/kelas-9/KELAS 9 CP B.INDO.docx', 'dokumen_pembelajaran_smp', '2', '4', '3', '2026-07-23 10:11:34', '2026-07-23 10:11:34', 'approved', NULL, NULL, NULL, 'capaian_pembelajaran', 'SMPDOC-472D47D16AC5-9A', 'Dokumen asli dari folder MATERI SMP AL AZHAR. File tidak dikonversi dan tidak diubah.', '2026/2027', 'Ganjil & Genap', '1', '2026-07-23 10:11:34', '2026-07-23 10:11:34', '83', 'Import otomatis dokumen pembelajaran SMP final.'),
('29', 'KELAS 9 CP B.INDO', 'Dokumen pembelajaran SMP final untuk Fatimah Al Fihri. File asli: KELAS 9 CP B.INDO.docx. Kategori: Capaian Pembelajaran. Checksum SHA-256: 472d47d16ac53d1883c9985f0ee3c19dcca6dbb932055df0498517545e8af79b. Catatan: Kelas dari nama file berbeda dengan isi; klasifikasi memakai nama file eksplisit.', 'materi-smp/kelas-9/KELAS 9 CP B.INDO.docx', 'dokumen_pembelajaran_smp', '2', '5', '3', '2026-07-23 10:11:34', '2026-07-23 10:11:34', 'approved', NULL, NULL, NULL, 'capaian_pembelajaran', 'SMPDOC-472D47D16AC5-9B', 'Dokumen asli dari folder MATERI SMP AL AZHAR. File tidak dikonversi dan tidak diubah.', '2026/2027', 'Ganjil & Genap', '1', '2026-07-23 10:11:34', '2026-07-23 10:11:34', '83', 'Import otomatis dokumen pembelajaran SMP final.'),
('30', 'KELAS VII AL QUR''AN HADITS', 'Dokumen pembelajaran SMP final untuk Abu Bakar Ar Razi. File asli: KELAS VII AL QUR''AN HADITS.xlsx. Kategori: Program Tahunan/Semester. Checksum SHA-256: 02517f9579c8b3413c56d2049bc7d45be6d2f02cb54ece0390fd3cb9923bff55.', 'materi-smp/kelas-7/KELAS VII AL QUR''AN HADITS.xlsx', 'dokumen_pembelajaran_smp', '8', '1', '3', '2026-07-23 10:11:34', '2026-07-23 10:11:34', 'approved', NULL, NULL, NULL, 'program_tahunan_semester', 'SMPDOC-02517F9579C8-7', 'Dokumen asli dari folder MATERI SMP AL AZHAR. File tidak dikonversi dan tidak diubah.', '2026/2027', 'Ganjil & Genap', '1', '2026-07-23 10:11:34', '2026-07-23 10:11:34', '83', 'Import otomatis dokumen pembelajaran SMP final.'),
('31', 'KELAS VII AL QUR''AN HADITS', 'Dokumen pembelajaran SMP final untuk Kelas 7 Demo. File asli: KELAS VII AL QUR''AN HADITS.xlsx. Kategori: Program Tahunan/Semester. Checksum SHA-256: 02517f9579c8b3413c56d2049bc7d45be6d2f02cb54ece0390fd3cb9923bff55.', 'materi-smp/kelas-7/KELAS VII AL QUR''AN HADITS.xlsx', 'dokumen_pembelajaran_smp', '8', '6', '3', '2026-07-23 10:11:34', '2026-07-23 10:11:34', 'approved', NULL, NULL, NULL, 'program_tahunan_semester', 'SMPDOC-02517F9579C8-7-DEMO', 'Dokumen asli dari folder MATERI SMP AL AZHAR. File tidak dikonversi dan tidak diubah.', '2026/2027', 'Ganjil & Genap', '1', '2026-07-23 10:11:34', '2026-07-23 10:11:34', '83', 'Import otomatis dokumen pembelajaran SMP final.'),
('32', 'KI-KD PjBL Kelas 7 Smt 2', 'Dokumen pembelajaran SMP final untuk Abu Bakar Ar Razi. File asli: KI-KD PjBL Kelas 7 Smt 2.pdf. Kategori: Kompetensi Dasar / KI-KD. Checksum SHA-256: 6a89c88eaa1511d0256a60c30223ee6c9744880c0efb39e6dd067b7072ce7414.', 'materi-smp/kelas-7/KI-KD PjBL Kelas 7 Smt 2.pdf', 'dokumen_pembelajaran_smp', '16', '1', '5', '2026-07-23 10:11:34', '2026-07-23 10:11:34', 'approved', NULL, NULL, NULL, 'kompetensi_dasar', 'SMPDOC-6A89C88EAA15-7', 'Dokumen asli dari folder MATERI SMP AL AZHAR. File tidak dikonversi dan tidak diubah.', '2026/2027', 'Genap', '1', '2026-07-23 10:11:34', '2026-07-23 10:11:34', '83', 'Import otomatis dokumen pembelajaran SMP final.'),
('33', 'KI-KD PjBL Kelas 7 Smt 2', 'Dokumen pembelajaran SMP final untuk Kelas 7 Demo. File asli: KI-KD PjBL Kelas 7 Smt 2.pdf. Kategori: Kompetensi Dasar / KI-KD. Checksum SHA-256: 6a89c88eaa1511d0256a60c30223ee6c9744880c0efb39e6dd067b7072ce7414.', 'materi-smp/kelas-7/KI-KD PjBL Kelas 7 Smt 2.pdf', 'dokumen_pembelajaran_smp', '16', '6', '5', '2026-07-23 10:11:34', '2026-07-23 10:11:34', 'approved', NULL, NULL, NULL, 'kompetensi_dasar', 'SMPDOC-6A89C88EAA15-7-DEMO', 'Dokumen asli dari folder MATERI SMP AL AZHAR. File tidak dikonversi dan tidak diubah.', '2026/2027', 'Genap', '1', '2026-07-23 10:11:34', '2026-07-23 10:11:34', '83', 'Import otomatis dokumen pembelajaran SMP final.'),
('34', 'KI-KD PjBL Kelas 8 Smt 1', 'Dokumen pembelajaran SMP final untuk Ibnu Al Haytam. File asli: KI-KD PjBL Kelas 8 Smt 1.pdf. Kategori: Kompetensi Dasar / KI-KD. Checksum SHA-256: 52b3ae4278633aeb3a746d91cbfb01f8647ea374d58fbb4e3726ba9cd447709e.', 'materi-smp/kelas-8/KI-KD PjBL Kelas 8 Smt 1.pdf', 'dokumen_pembelajaran_smp', '16', '2', '5', '2026-07-23 10:11:34', '2026-07-23 10:11:34', 'approved', NULL, NULL, NULL, 'kompetensi_dasar', 'SMPDOC-52B3AE427863-8A', 'Dokumen asli dari folder MATERI SMP AL AZHAR. File tidak dikonversi dan tidak diubah.', '2026/2027', 'Ganjil', '1', '2026-07-23 10:11:34', '2026-07-23 10:11:34', '83', 'Import otomatis dokumen pembelajaran SMP final.'),
('35', 'KI-KD PjBL Kelas 8 Smt 1', 'Dokumen pembelajaran SMP final untuk Maryam Al Ijliyah. File asli: KI-KD PjBL Kelas 8 Smt 1.pdf. Kategori: Kompetensi Dasar / KI-KD. Checksum SHA-256: 52b3ae4278633aeb3a746d91cbfb01f8647ea374d58fbb4e3726ba9cd447709e.', 'materi-smp/kelas-8/KI-KD PjBL Kelas 8 Smt 1.pdf', 'dokumen_pembelajaran_smp', '16', '3', '5', '2026-07-23 10:11:34', '2026-07-23 10:11:34', 'approved', NULL, NULL, NULL, 'kompetensi_dasar', 'SMPDOC-52B3AE427863-8B', 'Dokumen asli dari folder MATERI SMP AL AZHAR. File tidak dikonversi dan tidak diubah.', '2026/2027', 'Ganjil', '1', '2026-07-23 10:11:34', '2026-07-23 10:11:34', '83', 'Import otomatis dokumen pembelajaran SMP final.'),
('36', 'KI-KD PjBL Kelas 8 Smt 2', 'Dokumen pembelajaran SMP final untuk Ibnu Al Haytam. File asli: KI-KD PjBL Kelas 8 Smt 2.pdf. Kategori: Kompetensi Dasar / KI-KD. Checksum SHA-256: eab89b8809d6d69c24f53e4e25f35569376e08e5c8b783179222146e68246a70.', 'materi-smp/kelas-8/KI-KD PjBL Kelas 8 Smt 2.pdf', 'dokumen_pembelajaran_smp', '16', '2', '5', '2026-07-23 10:11:34', '2026-07-23 10:11:34', 'approved', NULL, NULL, NULL, 'kompetensi_dasar', 'SMPDOC-EAB89B8809D6-8A', 'Dokumen asli dari folder MATERI SMP AL AZHAR. File tidak dikonversi dan tidak diubah.', '2026/2027', 'Genap', '1', '2026-07-23 10:11:34', '2026-07-23 10:11:34', '83', 'Import otomatis dokumen pembelajaran SMP final.'),
('37', 'KI-KD PjBL Kelas 8 Smt 2', 'Dokumen pembelajaran SMP final untuk Maryam Al Ijliyah. File asli: KI-KD PjBL Kelas 8 Smt 2.pdf. Kategori: Kompetensi Dasar / KI-KD. Checksum SHA-256: eab89b8809d6d69c24f53e4e25f35569376e08e5c8b783179222146e68246a70.', 'materi-smp/kelas-8/KI-KD PjBL Kelas 8 Smt 2.pdf', 'dokumen_pembelajaran_smp', '16', '3', '5', '2026-07-23 10:11:34', '2026-07-23 10:11:34', 'approved', NULL, NULL, NULL, 'kompetensi_dasar', 'SMPDOC-EAB89B8809D6-8B', 'Dokumen asli dari folder MATERI SMP AL AZHAR. File tidak dikonversi dan tidak diubah.', '2026/2027', 'Genap', '1', '2026-07-23 10:11:34', '2026-07-23 10:11:34', '83', 'Import otomatis dokumen pembelajaran SMP final.'),
('38', 'KI-KD PjBL Kelas 9 Smt 1', 'Dokumen pembelajaran SMP final untuk Al Khawarizmi. File asli: KI-KD PjBL Kelas 9 Smt 1.pdf. Kategori: Kompetensi Dasar / KI-KD. Checksum SHA-256: 92a713537f0963b4475e5b78265cafadb6352c7aae986ef3ac704a9fd1fc41e3.', 'materi-smp/kelas-9/KI-KD PjBL Kelas 9 Smt 1.pdf', 'dokumen_pembelajaran_smp', '16', '4', '5', '2026-07-23 10:11:34', '2026-07-23 10:11:34', 'approved', NULL, NULL, NULL, 'kompetensi_dasar', 'SMPDOC-92A713537F09-9A', 'Dokumen asli dari folder MATERI SMP AL AZHAR. File tidak dikonversi dan tidak diubah.', '2026/2027', 'Ganjil', '1', '2026-07-23 10:11:34', '2026-07-23 10:11:34', '83', 'Import otomatis dokumen pembelajaran SMP final.'),
('39', 'KI-KD PjBL Kelas 9 Smt 1', 'Dokumen pembelajaran SMP final untuk Fatimah Al Fihri. File asli: KI-KD PjBL Kelas 9 Smt 1.pdf. Kategori: Kompetensi Dasar / KI-KD. Checksum SHA-256: 92a713537f0963b4475e5b78265cafadb6352c7aae986ef3ac704a9fd1fc41e3.', 'materi-smp/kelas-9/KI-KD PjBL Kelas 9 Smt 1.pdf', 'dokumen_pembelajaran_smp', '16', '5', '5', '2026-07-23 10:11:34', '2026-07-23 10:11:34', 'approved', NULL, NULL, NULL, 'kompetensi_dasar', 'SMPDOC-92A713537F09-9B', 'Dokumen asli dari folder MATERI SMP AL AZHAR. File tidak dikonversi dan tidak diubah.', '2026/2027', 'Ganjil', '1', '2026-07-23 10:11:34', '2026-07-23 10:11:34', '83', 'Import otomatis dokumen pembelajaran SMP final.'),
('40', 'KI-KD PjBL Kelas 9 Smt 2', 'Dokumen pembelajaran SMP final untuk Al Khawarizmi. File asli: KI-KD PjBL Kelas 9 Smt 2.pdf. Kategori: Kompetensi Dasar / KI-KD. Checksum SHA-256: bfef282a6d929a1dbcac0b87598d5e98cee7942cd2a206900844b4db042d1e04.', 'materi-smp/kelas-9/KI-KD PjBL Kelas 9 Smt 2.pdf', 'dokumen_pembelajaran_smp', '16', '4', '5', '2026-07-23 10:11:34', '2026-07-23 10:11:34', 'approved', NULL, NULL, NULL, 'kompetensi_dasar', 'SMPDOC-BFEF282A6D92-9A', 'Dokumen asli dari folder MATERI SMP AL AZHAR. File tidak dikonversi dan tidak diubah.', '2026/2027', 'Genap', '1', '2026-07-23 10:11:34', '2026-07-23 10:11:34', '83', 'Import otomatis dokumen pembelajaran SMP final.'),
('41', 'KI-KD PjBL Kelas 9 Smt 2', 'Dokumen pembelajaran SMP final untuk Fatimah Al Fihri. File asli: KI-KD PjBL Kelas 9 Smt 2.pdf. Kategori: Kompetensi Dasar / KI-KD. Checksum SHA-256: bfef282a6d929a1dbcac0b87598d5e98cee7942cd2a206900844b4db042d1e04.', 'materi-smp/kelas-9/KI-KD PjBL Kelas 9 Smt 2.pdf', 'dokumen_pembelajaran_smp', '16', '5', '5', '2026-07-23 10:11:34', '2026-07-23 10:11:34', 'approved', NULL, NULL, NULL, 'kompetensi_dasar', 'SMPDOC-BFEF282A6D92-9B', 'Dokumen asli dari folder MATERI SMP AL AZHAR. File tidak dikonversi dan tidak diubah.', '2026/2027', 'Genap', '1', '2026-07-23 10:11:34', '2026-07-23 10:11:34', '83', 'Import otomatis dokumen pembelajaran SMP final.'),
('42', 'KI_KD PjBL Kelas 7 Semester 1.docx', 'Dokumen pembelajaran SMP final untuk Abu Bakar Ar Razi. File asli: KI_KD PjBL Kelas 7 Semester 1.docx.pdf. Kategori: Kompetensi Dasar / KI-KD. Checksum SHA-256: 3bdba7e9fbb767eb3c0281e462aea4d2001559c90300a42a48839fca41dd02d9.', 'materi-smp/kelas-7/KI_KD PjBL Kelas 7 Semester 1.docx.pdf', 'dokumen_pembelajaran_smp', '16', '1', '5', '2026-07-23 10:11:34', '2026-07-23 10:11:34', 'approved', NULL, NULL, NULL, 'kompetensi_dasar', 'SMPDOC-3BDBA7E9FBB7-7', 'Dokumen asli dari folder MATERI SMP AL AZHAR. File tidak dikonversi dan tidak diubah.', '2026/2027', 'Ganjil', '1', '2026-07-23 10:11:34', '2026-07-23 10:11:34', '83', 'Import otomatis dokumen pembelajaran SMP final.'),
('43', 'KI_KD PjBL Kelas 7 Semester 1.docx', 'Dokumen pembelajaran SMP final untuk Kelas 7 Demo. File asli: KI_KD PjBL Kelas 7 Semester 1.docx.pdf. Kategori: Kompetensi Dasar / KI-KD. Checksum SHA-256: 3bdba7e9fbb767eb3c0281e462aea4d2001559c90300a42a48839fca41dd02d9.', 'materi-smp/kelas-7/KI_KD PjBL Kelas 7 Semester 1.docx.pdf', 'dokumen_pembelajaran_smp', '16', '6', '5', '2026-07-23 10:11:34', '2026-07-23 10:11:34', 'approved', NULL, NULL, NULL, 'kompetensi_dasar', 'SMPDOC-3BDBA7E9FBB7-7-DEMO', 'Dokumen asli dari folder MATERI SMP AL AZHAR. File tidak dikonversi dan tidak diubah.', '2026/2027', 'Ganjil', '1', '2026-07-23 10:11:34', '2026-07-23 10:11:34', '83', 'Import otomatis dokumen pembelajaran SMP final.'),
('44', 'LKPD BAHASA INDONESIA KELAS 8', 'Dokumen pembelajaran SMP final untuk Ibnu Al Haytam. File asli: LKPD BAHASA INDONESIA KELAS 8 .docx. Kategori: Lembar Kerja / LKPD. Checksum SHA-256: 20430e41ac14850fe59ddd9439ddd42944f1350bc9d5ef2d3cf2391bd63c82c9.', 'materi-smp/kelas-8/LKPD BAHASA INDONESIA KELAS 8 .docx', 'dokumen_pembelajaran_smp', '2', '2', '3', '2026-07-23 10:11:34', '2026-07-23 10:11:34', 'approved', NULL, NULL, NULL, 'lembar_kerja', 'SMPDOC-20430E41AC14-8A', 'Dokumen asli dari folder MATERI SMP AL AZHAR. File tidak dikonversi dan tidak diubah.', '2026/2027', 'Ganjil & Genap', '1', '2026-07-23 10:11:34', '2026-07-23 10:11:34', '83', 'Import otomatis dokumen pembelajaran SMP final.'),
('45', 'LKPD BAHASA INDONESIA KELAS 8', 'Dokumen pembelajaran SMP final untuk Maryam Al Ijliyah. File asli: LKPD BAHASA INDONESIA KELAS 8 .docx. Kategori: Lembar Kerja / LKPD. Checksum SHA-256: 20430e41ac14850fe59ddd9439ddd42944f1350bc9d5ef2d3cf2391bd63c82c9.', 'materi-smp/kelas-8/LKPD BAHASA INDONESIA KELAS 8 .docx', 'dokumen_pembelajaran_smp', '2', '3', '3', '2026-07-23 10:11:34', '2026-07-23 10:11:34', 'approved', NULL, NULL, NULL, 'lembar_kerja', 'SMPDOC-20430E41AC14-8B', 'Dokumen asli dari folder MATERI SMP AL AZHAR. File tidak dikonversi dan tidak diubah.', '2026/2027', 'Ganjil & Genap', '1', '2026-07-23 10:11:34', '2026-07-23 10:11:34', '83', 'Import otomatis dokumen pembelajaran SMP final.'),
('46', 'LKPD LATIHAN SOAL KELAS 7', 'Dokumen pembelajaran SMP final untuk Abu Bakar Ar Razi. File asli: LKPD LATIHAN SOAL KELAS 7.docx. Kategori: Lembar Kerja / LKPD. Checksum SHA-256: e0193c532fd3e1dc61557f0114dc6c7a7f7974edd67a7b1101da91b443e58f31. Catatan: Mapel/kelas dikonfirmasi dari isi dokumen.', 'materi-smp/kelas-7/LKPD LATIHAN SOAL KELAS 7.docx', 'dokumen_pembelajaran_smp', '1', '1', '7', '2026-07-23 10:11:34', '2026-07-23 10:11:34', 'approved', NULL, NULL, NULL, 'lembar_kerja', 'SMPDOC-E0193C532FD3-7', 'Dokumen asli dari folder MATERI SMP AL AZHAR. File tidak dikonversi dan tidak diubah.', '2026/2027', 'Ganjil & Genap', '1', '2026-07-23 10:11:34', '2026-07-23 10:11:34', '83', 'Import otomatis dokumen pembelajaran SMP final.'),
('47', 'LKPD LATIHAN SOAL KELAS 7', 'Dokumen pembelajaran SMP final untuk Kelas 7 Demo. File asli: LKPD LATIHAN SOAL KELAS 7.docx. Kategori: Lembar Kerja / LKPD. Checksum SHA-256: e0193c532fd3e1dc61557f0114dc6c7a7f7974edd67a7b1101da91b443e58f31. Catatan: Mapel/kelas dikonfirmasi dari isi dokumen.', 'materi-smp/kelas-7/LKPD LATIHAN SOAL KELAS 7.docx', 'dokumen_pembelajaran_smp', '1', '6', '7', '2026-07-23 10:11:34', '2026-07-23 10:11:34', 'approved', NULL, NULL, NULL, 'lembar_kerja', 'SMPDOC-E0193C532FD3-7-DEMO', 'Dokumen asli dari folder MATERI SMP AL AZHAR. File tidak dikonversi dan tidak diubah.', '2026/2027', 'Ganjil & Genap', '1', '2026-07-23 10:11:34', '2026-07-23 10:11:34', '83', 'Import otomatis dokumen pembelajaran SMP final.'),
('48', 'RPM PjBL Kelas 7 Smt 2', 'Dokumen pembelajaran SMP final untuk Abu Bakar Ar Razi. File asli: RPM PjBL Kelas 7 Smt 2.pdf. Kategori: Modul Ajar / RPPM. Checksum SHA-256: 324172c129fe81e539a02908abecdad43a37f9e051b0abf09dd2eb6e770ce203.', 'materi-smp/kelas-7/RPM PjBL Kelas 7 Smt 2.pdf', 'dokumen_pembelajaran_smp', '16', '1', '5', '2026-07-23 10:11:34', '2026-07-23 10:11:34', 'approved', NULL, NULL, NULL, 'modul_ajar', 'SMPDOC-324172C129FE-7', 'Dokumen asli dari folder MATERI SMP AL AZHAR. File tidak dikonversi dan tidak diubah.', '2026/2027', 'Genap', '1', '2026-07-23 10:11:34', '2026-07-23 10:11:34', '83', 'Import otomatis dokumen pembelajaran SMP final.'),
('49', 'RPM PjBL Kelas 7 Smt 2', 'Dokumen pembelajaran SMP final untuk Kelas 7 Demo. File asli: RPM PjBL Kelas 7 Smt 2.pdf. Kategori: Modul Ajar / RPPM. Checksum SHA-256: 324172c129fe81e539a02908abecdad43a37f9e051b0abf09dd2eb6e770ce203.', 'materi-smp/kelas-7/RPM PjBL Kelas 7 Smt 2.pdf', 'dokumen_pembelajaran_smp', '16', '6', '5', '2026-07-23 10:11:34', '2026-07-23 10:11:34', 'approved', NULL, NULL, NULL, 'modul_ajar', 'SMPDOC-324172C129FE-7-DEMO', 'Dokumen asli dari folder MATERI SMP AL AZHAR. File tidak dikonversi dan tidak diubah.', '2026/2027', 'Genap', '1', '2026-07-23 10:11:34', '2026-07-23 10:11:34', '83', 'Import otomatis dokumen pembelajaran SMP final.'),
('50', 'RPM PjBL Kelas 8 Smt 1', 'Dokumen pembelajaran SMP final untuk Ibnu Al Haytam. File asli: RPM PjBL Kelas 8 Smt 1.pdf. Kategori: Modul Ajar / RPPM. Checksum SHA-256: f147a3318a491e7ccfbbe0756f1ffd21448873144262c12e8e9f5437a326a7cc.', 'materi-smp/kelas-8/RPM PjBL Kelas 8 Smt 1.pdf', 'dokumen_pembelajaran_smp', '16', '2', '5', '2026-07-23 10:11:34', '2026-07-23 10:11:34', 'approved', NULL, NULL, NULL, 'modul_ajar', 'SMPDOC-F147A3318A49-8A', 'Dokumen asli dari folder MATERI SMP AL AZHAR. File tidak dikonversi dan tidak diubah.', '2026/2027', 'Ganjil', '1', '2026-07-23 10:11:34', '2026-07-23 10:11:34', '83', 'Import otomatis dokumen pembelajaran SMP final.'),
('51', 'RPM PjBL Kelas 8 Smt 1', 'Dokumen pembelajaran SMP final untuk Maryam Al Ijliyah. File asli: RPM PjBL Kelas 8 Smt 1.pdf. Kategori: Modul Ajar / RPPM. Checksum SHA-256: f147a3318a491e7ccfbbe0756f1ffd21448873144262c12e8e9f5437a326a7cc.', 'materi-smp/kelas-8/RPM PjBL Kelas 8 Smt 1.pdf', 'dokumen_pembelajaran_smp', '16', '3', '5', '2026-07-23 10:11:34', '2026-07-23 10:11:34', 'approved', NULL, NULL, NULL, 'modul_ajar', 'SMPDOC-F147A3318A49-8B', 'Dokumen asli dari folder MATERI SMP AL AZHAR. File tidak dikonversi dan tidak diubah.', '2026/2027', 'Ganjil', '1', '2026-07-23 10:11:34', '2026-07-23 10:11:34', '83', 'Import otomatis dokumen pembelajaran SMP final.'),
('52', 'RPM PjBL Kelas 8 Smt 2', 'Dokumen pembelajaran SMP final untuk Ibnu Al Haytam. File asli: RPM PjBL Kelas 8 Smt 2.pdf. Kategori: Modul Ajar / RPPM. Checksum SHA-256: d21bcb69b17e51b02ed4280a177f24b3afce5bbc8757ad4412fe3e78476ff12a.', 'materi-smp/kelas-8/RPM PjBL Kelas 8 Smt 2.pdf', 'dokumen_pembelajaran_smp', '16', '2', '5', '2026-07-23 10:11:34', '2026-07-23 10:11:34', 'approved', NULL, NULL, NULL, 'modul_ajar', 'SMPDOC-D21BCB69B17E-8A', 'Dokumen asli dari folder MATERI SMP AL AZHAR. File tidak dikonversi dan tidak diubah.', '2026/2027', 'Genap', '1', '2026-07-23 10:11:34', '2026-07-23 10:11:34', '83', 'Import otomatis dokumen pembelajaran SMP final.'),
('53', 'RPM PjBL Kelas 8 Smt 2', 'Dokumen pembelajaran SMP final untuk Maryam Al Ijliyah. File asli: RPM PjBL Kelas 8 Smt 2.pdf. Kategori: Modul Ajar / RPPM. Checksum SHA-256: d21bcb69b17e51b02ed4280a177f24b3afce5bbc8757ad4412fe3e78476ff12a.', 'materi-smp/kelas-8/RPM PjBL Kelas 8 Smt 2.pdf', 'dokumen_pembelajaran_smp', '16', '3', '5', '2026-07-23 10:11:34', '2026-07-23 10:11:34', 'approved', NULL, NULL, NULL, 'modul_ajar', 'SMPDOC-D21BCB69B17E-8B', 'Dokumen asli dari folder MATERI SMP AL AZHAR. File tidak dikonversi dan tidak diubah.', '2026/2027', 'Genap', '1', '2026-07-23 10:11:34', '2026-07-23 10:11:34', '83', 'Import otomatis dokumen pembelajaran SMP final.'),
('54', 'RPM PjBL Kelas 9 Smt 1', 'Dokumen pembelajaran SMP final untuk Al Khawarizmi. File asli: RPM PjBL Kelas 9 Smt 1.pdf. Kategori: Modul Ajar / RPPM. Checksum SHA-256: dcf77c6fa54d0a3ef87f9df63cc84c01fcf40fd21a2abf2102b888535dc34984.', 'materi-smp/kelas-9/RPM PjBL Kelas 9 Smt 1.pdf', 'dokumen_pembelajaran_smp', '16', '4', '5', '2026-07-23 10:11:34', '2026-07-23 10:11:34', 'approved', NULL, NULL, NULL, 'modul_ajar', 'SMPDOC-DCF77C6FA54D-9A', 'Dokumen asli dari folder MATERI SMP AL AZHAR. File tidak dikonversi dan tidak diubah.', '2026/2027', 'Ganjil', '1', '2026-07-23 10:11:34', '2026-07-23 10:11:34', '83', 'Import otomatis dokumen pembelajaran SMP final.'),
('55', 'RPM PjBL Kelas 9 Smt 1', 'Dokumen pembelajaran SMP final untuk Fatimah Al Fihri. File asli: RPM PjBL Kelas 9 Smt 1.pdf. Kategori: Modul Ajar / RPPM. Checksum SHA-256: dcf77c6fa54d0a3ef87f9df63cc84c01fcf40fd21a2abf2102b888535dc34984.', 'materi-smp/kelas-9/RPM PjBL Kelas 9 Smt 1.pdf', 'dokumen_pembelajaran_smp', '16', '5', '5', '2026-07-23 10:11:34', '2026-07-23 10:11:34', 'approved', NULL, NULL, NULL, 'modul_ajar', 'SMPDOC-DCF77C6FA54D-9B', 'Dokumen asli dari folder MATERI SMP AL AZHAR. File tidak dikonversi dan tidak diubah.', '2026/2027', 'Ganjil', '1', '2026-07-23 10:11:34', '2026-07-23 10:11:34', '83', 'Import otomatis dokumen pembelajaran SMP final.'),
('56', 'RPM PjBL Kelas 9 Smt 2', 'Dokumen pembelajaran SMP final untuk Al Khawarizmi. File asli: RPM PjBL Kelas 9 Smt 2.pdf. Kategori: Modul Ajar / RPPM. Checksum SHA-256: cfeff95f290e514cb797ded605e639fb7b0065206fd5f7a8f1eaf9cddcc2abb2.', 'materi-smp/kelas-9/RPM PjBL Kelas 9 Smt 2.pdf', 'dokumen_pembelajaran_smp', '16', '4', '5', '2026-07-23 10:11:34', '2026-07-23 10:11:34', 'approved', NULL, NULL, NULL, 'modul_ajar', 'SMPDOC-CFEFF95F290E-9A', 'Dokumen asli dari folder MATERI SMP AL AZHAR. File tidak dikonversi dan tidak diubah.', '2026/2027', 'Genap', '1', '2026-07-23 10:11:34', '2026-07-23 10:11:34', '83', 'Import otomatis dokumen pembelajaran SMP final.'),
('57', 'RPM PjBL Kelas 9 Smt 2', 'Dokumen pembelajaran SMP final untuk Fatimah Al Fihri. File asli: RPM PjBL Kelas 9 Smt 2.pdf. Kategori: Modul Ajar / RPPM. Checksum SHA-256: cfeff95f290e514cb797ded605e639fb7b0065206fd5f7a8f1eaf9cddcc2abb2.', 'materi-smp/kelas-9/RPM PjBL Kelas 9 Smt 2.pdf', 'dokumen_pembelajaran_smp', '16', '5', '5', '2026-07-23 10:11:34', '2026-07-23 10:11:34', 'approved', NULL, NULL, NULL, 'modul_ajar', 'SMPDOC-CFEFF95F290E-9B', 'Dokumen asli dari folder MATERI SMP AL AZHAR. File tidak dikonversi dan tidak diubah.', '2026/2027', 'Genap', '1', '2026-07-23 10:11:34', '2026-07-23 10:11:34', '83', 'Import otomatis dokumen pembelajaran SMP final.'),
('58', 'RPPM FikihbKelas 8 Bab 3 .docx', 'Dokumen pembelajaran SMP final untuk Ibnu Al Haytam. File asli: RPPM FikihbKelas 8 Bab 3 .docx.pdf. Kategori: Modul Ajar / RPPM. Checksum SHA-256: 284c0ca0061b0296bb521efbcaa96411cf418b244c1bc447146bc7307e6e0f4c.', 'materi-smp/kelas-8/RPPM FikihbKelas 8 Bab 3 .docx.pdf', 'dokumen_pembelajaran_smp', '11', '2', '8', '2026-07-23 10:11:34', '2026-07-23 10:11:34', 'approved', NULL, NULL, NULL, 'modul_ajar', 'SMPDOC-284C0CA0061B-8A', 'Dokumen asli dari folder MATERI SMP AL AZHAR. File tidak dikonversi dan tidak diubah.', '2026/2027', 'Ganjil & Genap', '1', '2026-07-23 10:11:34', '2026-07-23 10:11:34', '83', 'Import otomatis dokumen pembelajaran SMP final.'),
('59', 'RPPM FikihbKelas 8 Bab 3 .docx', 'Dokumen pembelajaran SMP final untuk Maryam Al Ijliyah. File asli: RPPM FikihbKelas 8 Bab 3 .docx.pdf. Kategori: Modul Ajar / RPPM. Checksum SHA-256: 284c0ca0061b0296bb521efbcaa96411cf418b244c1bc447146bc7307e6e0f4c.', 'materi-smp/kelas-8/RPPM FikihbKelas 8 Bab 3 .docx.pdf', 'dokumen_pembelajaran_smp', '11', '3', '8', '2026-07-23 10:11:34', '2026-07-23 10:11:34', 'approved', NULL, NULL, NULL, 'modul_ajar', 'SMPDOC-284C0CA0061B-8B', 'Dokumen asli dari folder MATERI SMP AL AZHAR. File tidak dikonversi dan tidak diubah.', '2026/2027', 'Ganjil & Genap', '1', '2026-07-23 10:11:34', '2026-07-23 10:11:34', '83', 'Import otomatis dokumen pembelajaran SMP final.'),
('60', 'RPPM Fiqik Kelas 7 Bab 2..docx', 'Dokumen pembelajaran SMP final untuk Abu Bakar Ar Razi. File asli: RPPM Fiqik Kelas 7 Bab 2..docx.pdf. Kategori: Modul Ajar / RPPM. Checksum SHA-256: 2d919b0650b97bf3c2d4ea171644603af0ba5253358d96f6aee8fea24606540a.', 'materi-smp/kelas-7/RPPM Fiqik Kelas 7 Bab 2..docx.pdf', 'dokumen_pembelajaran_smp', '11', '1', '8', '2026-07-23 10:11:34', '2026-07-23 10:11:34', 'approved', NULL, NULL, NULL, 'modul_ajar', 'SMPDOC-2D919B0650B9-7', 'Dokumen asli dari folder MATERI SMP AL AZHAR. File tidak dikonversi dan tidak diubah.', '2026/2027', 'Ganjil & Genap', '1', '2026-07-23 10:11:34', '2026-07-23 10:11:34', '83', 'Import otomatis dokumen pembelajaran SMP final.'),
('61', 'RPPM Fiqik Kelas 7 Bab 2..docx', 'Dokumen pembelajaran SMP final untuk Kelas 7 Demo. File asli: RPPM Fiqik Kelas 7 Bab 2..docx.pdf. Kategori: Modul Ajar / RPPM. Checksum SHA-256: 2d919b0650b97bf3c2d4ea171644603af0ba5253358d96f6aee8fea24606540a.', 'materi-smp/kelas-7/RPPM Fiqik Kelas 7 Bab 2..docx.pdf', 'dokumen_pembelajaran_smp', '11', '6', '8', '2026-07-23 10:11:34', '2026-07-23 10:11:34', 'approved', NULL, NULL, NULL, 'modul_ajar', 'SMPDOC-2D919B0650B9-7-DEMO', 'Dokumen asli dari folder MATERI SMP AL AZHAR. File tidak dikonversi dan tidak diubah.', '2026/2027', 'Ganjil & Genap', '1', '2026-07-23 10:11:34', '2026-07-23 10:11:34', '83', 'Import otomatis dokumen pembelajaran SMP final.'),
('62', 'RPPM Informatika Kelas 7 Bab 2 - Informasi', 'Dokumen pembelajaran SMP final untuk Abu Bakar Ar Razi. File asli: RPPM Informatika Kelas 7 Bab 2 - Informasi .pdf. Kategori: Modul Ajar / RPPM. Checksum SHA-256: e4a706eeeaea0b1b63c62f061cb0c26654efbc0cd0307cedb5c09e38c79096ce.', 'materi-smp/kelas-7/RPPM Informatika Kelas 7 Bab 2 - Informasi .pdf', 'dokumen_pembelajaran_smp', '13', '1', '2', '2026-07-23 10:11:34', '2026-07-23 10:11:34', 'approved', NULL, NULL, NULL, 'modul_ajar', 'SMPDOC-E4A706EEEAEA-7', 'Dokumen asli dari folder MATERI SMP AL AZHAR. File tidak dikonversi dan tidak diubah.', '2026/2027', 'Ganjil & Genap', '1', '2026-07-23 10:11:34', '2026-07-23 10:11:34', '83', 'Import otomatis dokumen pembelajaran SMP final.'),
('63', 'RPPM Informatika Kelas 7 Bab 2 - Informasi', 'Dokumen pembelajaran SMP final untuk Kelas 7 Demo. File asli: RPPM Informatika Kelas 7 Bab 2 - Informasi .pdf. Kategori: Modul Ajar / RPPM. Checksum SHA-256: e4a706eeeaea0b1b63c62f061cb0c26654efbc0cd0307cedb5c09e38c79096ce.', 'materi-smp/kelas-7/RPPM Informatika Kelas 7 Bab 2 - Informasi .pdf', 'dokumen_pembelajaran_smp', '13', '6', '2', '2026-07-23 10:11:34', '2026-07-23 10:11:34', 'approved', NULL, NULL, NULL, 'modul_ajar', 'SMPDOC-E4A706EEEAEA-7-DEMO', 'Dokumen asli dari folder MATERI SMP AL AZHAR. File tidak dikonversi dan tidak diubah.', '2026/2027', 'Ganjil & Genap', '1', '2026-07-23 10:11:34', '2026-07-23 10:11:34', '83', 'Import otomatis dokumen pembelajaran SMP final.'),
('64', 'RPPM PKN KELAS 7 BAB 1.docx', 'Dokumen pembelajaran SMP final untuk Abu Bakar Ar Razi. File asli: RPPM PKN KELAS 7 BAB 1.docx.pdf. Kategori: Modul Ajar / RPPM. Checksum SHA-256: 11efbba78ac12740299b43b2373284f9893430019abd3fd2ee1d41eba5b46d80.', 'materi-smp/kelas-7/RPPM PKN KELAS 7 BAB 1.docx.pdf', 'dokumen_pembelajaran_smp', '43', '1', '11', '2026-07-23 10:11:34', '2026-07-23 10:11:34', 'approved', NULL, NULL, NULL, 'modul_ajar', 'SMPDOC-11EFBBA78AC1-7', 'Dokumen asli dari folder MATERI SMP AL AZHAR. File tidak dikonversi dan tidak diubah.', '2026/2027', 'Ganjil & Genap', '1', '2026-07-23 10:11:34', '2026-07-23 10:11:34', '83', 'Import otomatis dokumen pembelajaran SMP final.'),
('65', 'RPPM PKN KELAS 7 BAB 1.docx', 'Dokumen pembelajaran SMP final untuk Kelas 7 Demo. File asli: RPPM PKN KELAS 7 BAB 1.docx.pdf. Kategori: Modul Ajar / RPPM. Checksum SHA-256: 11efbba78ac12740299b43b2373284f9893430019abd3fd2ee1d41eba5b46d80.', 'materi-smp/kelas-7/RPPM PKN KELAS 7 BAB 1.docx.pdf', 'dokumen_pembelajaran_smp', '43', '6', '11', '2026-07-23 10:11:34', '2026-07-23 10:11:34', 'approved', NULL, NULL, NULL, 'modul_ajar', 'SMPDOC-11EFBBA78AC1-7-DEMO', 'Dokumen asli dari folder MATERI SMP AL AZHAR. File tidak dikonversi dan tidak diubah.', '2026/2027', 'Ganjil & Genap', '1', '2026-07-23 10:11:34', '2026-07-23 10:11:34', '83', 'Import otomatis dokumen pembelajaran SMP final.'),
('66', 'RPPM PKN KELAS 7 BAB 2.docx', 'Dokumen pembelajaran SMP final untuk Abu Bakar Ar Razi. File asli: RPPM PKN KELAS 7 BAB 2.docx.pdf. Kategori: Modul Ajar / RPPM. Checksum SHA-256: b4f4fcfea8fe49707d2645ea6f9c9a54410b40e06040865c9b6218a1d7fb3b1f.', 'materi-smp/kelas-7/RPPM PKN KELAS 7 BAB 2.docx.pdf', 'dokumen_pembelajaran_smp', '43', '1', '11', '2026-07-23 10:11:34', '2026-07-23 10:11:34', 'approved', NULL, NULL, NULL, 'modul_ajar', 'SMPDOC-B4F4FCFEA8FE-7', 'Dokumen asli dari folder MATERI SMP AL AZHAR. File tidak dikonversi dan tidak diubah.', '2026/2027', 'Ganjil & Genap', '1', '2026-07-23 10:11:34', '2026-07-23 10:11:34', '83', 'Import otomatis dokumen pembelajaran SMP final.'),
('67', 'RPPM PKN KELAS 7 BAB 2.docx', 'Dokumen pembelajaran SMP final untuk Kelas 7 Demo. File asli: RPPM PKN KELAS 7 BAB 2.docx.pdf. Kategori: Modul Ajar / RPPM. Checksum SHA-256: b4f4fcfea8fe49707d2645ea6f9c9a54410b40e06040865c9b6218a1d7fb3b1f.', 'materi-smp/kelas-7/RPPM PKN KELAS 7 BAB 2.docx.pdf', 'dokumen_pembelajaran_smp', '43', '6', '11', '2026-07-23 10:11:34', '2026-07-23 10:11:34', 'approved', NULL, NULL, NULL, 'modul_ajar', 'SMPDOC-B4F4FCFEA8FE-7-DEMO', 'Dokumen asli dari folder MATERI SMP AL AZHAR. File tidak dikonversi dan tidak diubah.', '2026/2027', 'Ganjil & Genap', '1', '2026-07-23 10:11:34', '2026-07-23 10:11:34', '83', 'Import otomatis dokumen pembelajaran SMP final.'),
('68', 'RPPM PKN KELAS 7 BAB 3.docx', 'Dokumen pembelajaran SMP final untuk Abu Bakar Ar Razi. File asli: RPPM PKN KELAS 7 BAB 3.docx.pdf. Kategori: Modul Ajar / RPPM. Checksum SHA-256: c3845ca71e6aecbca03443e20aab5166f89601a8d4a5f832dca4aad22ec1415e.', 'materi-smp/kelas-7/RPPM PKN KELAS 7 BAB 3.docx.pdf', 'dokumen_pembelajaran_smp', '43', '1', '11', '2026-07-23 10:11:34', '2026-07-23 10:11:34', 'approved', NULL, NULL, NULL, 'modul_ajar', 'SMPDOC-C3845CA71E6A-7', 'Dokumen asli dari folder MATERI SMP AL AZHAR. File tidak dikonversi dan tidak diubah.', '2026/2027', 'Ganjil & Genap', '1', '2026-07-23 10:11:34', '2026-07-23 10:11:34', '83', 'Import otomatis dokumen pembelajaran SMP final.'),
('69', 'RPPM PKN KELAS 7 BAB 3.docx', 'Dokumen pembelajaran SMP final untuk Kelas 7 Demo. File asli: RPPM PKN KELAS 7 BAB 3.docx.pdf. Kategori: Modul Ajar / RPPM. Checksum SHA-256: c3845ca71e6aecbca03443e20aab5166f89601a8d4a5f832dca4aad22ec1415e.', 'materi-smp/kelas-7/RPPM PKN KELAS 7 BAB 3.docx.pdf', 'dokumen_pembelajaran_smp', '43', '6', '11', '2026-07-23 10:11:34', '2026-07-23 10:11:34', 'approved', NULL, NULL, NULL, 'modul_ajar', 'SMPDOC-C3845CA71E6A-7-DEMO', 'Dokumen asli dari folder MATERI SMP AL AZHAR. File tidak dikonversi dan tidak diubah.', '2026/2027', 'Ganjil & Genap', '1', '2026-07-23 10:11:34', '2026-07-23 10:11:34', '83', 'Import otomatis dokumen pembelajaran SMP final.'),
('70', 'RPPM PKN KELAS 7 BAB 4.docx', 'Dokumen pembelajaran SMP final untuk Abu Bakar Ar Razi. File asli: RPPM PKN KELAS 7 BAB 4.docx.pdf. Kategori: Modul Ajar / RPPM. Checksum SHA-256: 493a24d86598a7d27bab379fcd5df67a4beafc7b1a8f95ed073cbafd99dceccc.', 'materi-smp/kelas-7/RPPM PKN KELAS 7 BAB 4.docx.pdf', 'dokumen_pembelajaran_smp', '43', '1', '11', '2026-07-23 10:11:34', '2026-07-23 10:11:34', 'approved', NULL, NULL, NULL, 'modul_ajar', 'SMPDOC-493A24D86598-7', 'Dokumen asli dari folder MATERI SMP AL AZHAR. File tidak dikonversi dan tidak diubah.', '2026/2027', 'Ganjil & Genap', '1', '2026-07-23 10:11:34', '2026-07-23 10:11:34', '83', 'Import otomatis dokumen pembelajaran SMP final.'),
('71', 'RPPM PKN KELAS 7 BAB 4.docx', 'Dokumen pembelajaran SMP final untuk Kelas 7 Demo. File asli: RPPM PKN KELAS 7 BAB 4.docx.pdf. Kategori: Modul Ajar / RPPM. Checksum SHA-256: 493a24d86598a7d27bab379fcd5df67a4beafc7b1a8f95ed073cbafd99dceccc.', 'materi-smp/kelas-7/RPPM PKN KELAS 7 BAB 4.docx.pdf', 'dokumen_pembelajaran_smp', '43', '6', '11', '2026-07-23 10:11:34', '2026-07-23 10:11:34', 'approved', NULL, NULL, NULL, 'modul_ajar', 'SMPDOC-493A24D86598-7-DEMO', 'Dokumen asli dari folder MATERI SMP AL AZHAR. File tidak dikonversi dan tidak diubah.', '2026/2027', 'Ganjil & Genap', '1', '2026-07-23 10:11:34', '2026-07-23 10:11:34', '83', 'Import otomatis dokumen pembelajaran SMP final.'),
('72', 'RPPM PKN KELAS 8 BAB 1 .docx', 'Dokumen pembelajaran SMP final untuk Ibnu Al Haytam. File asli: RPPM PKN KELAS 8 BAB 1 .docx.pdf. Kategori: Modul Ajar / RPPM. Checksum SHA-256: ab10ce3532da5c7f145cfa4773fe3a311366aaadcf3c0cc6138fe113d43cf047.', 'materi-smp/kelas-8/RPPM PKN KELAS 8 BAB 1 .docx.pdf', 'dokumen_pembelajaran_smp', '43', '2', '11', '2026-07-23 10:11:34', '2026-07-23 10:11:34', 'approved', NULL, NULL, NULL, 'modul_ajar', 'SMPDOC-AB10CE3532DA-8A', 'Dokumen asli dari folder MATERI SMP AL AZHAR. File tidak dikonversi dan tidak diubah.', '2026/2027', 'Ganjil & Genap', '1', '2026-07-23 10:11:34', '2026-07-23 10:11:34', '83', 'Import otomatis dokumen pembelajaran SMP final.'),
('73', 'RPPM PKN KELAS 8 BAB 1 .docx', 'Dokumen pembelajaran SMP final untuk Maryam Al Ijliyah. File asli: RPPM PKN KELAS 8 BAB 1 .docx.pdf. Kategori: Modul Ajar / RPPM. Checksum SHA-256: ab10ce3532da5c7f145cfa4773fe3a311366aaadcf3c0cc6138fe113d43cf047.', 'materi-smp/kelas-8/RPPM PKN KELAS 8 BAB 1 .docx.pdf', 'dokumen_pembelajaran_smp', '43', '3', '11', '2026-07-23 10:11:34', '2026-07-23 10:11:34', 'approved', NULL, NULL, NULL, 'modul_ajar', 'SMPDOC-AB10CE3532DA-8B', 'Dokumen asli dari folder MATERI SMP AL AZHAR. File tidak dikonversi dan tidak diubah.', '2026/2027', 'Ganjil & Genap', '1', '2026-07-23 10:11:34', '2026-07-23 10:11:34', '83', 'Import otomatis dokumen pembelajaran SMP final.'),
('74', 'RPPM PKN KELAS 8 BAB 2.docx', 'Dokumen pembelajaran SMP final untuk Ibnu Al Haytam. File asli: RPPM PKN KELAS 8 BAB 2.docx.pdf. Kategori: Modul Ajar / RPPM. Checksum SHA-256: c478a8557a7c967d3028e488f898a17cf6e23f9a5234e38abe3af82273d1085a.', 'materi-smp/kelas-8/RPPM PKN KELAS 8 BAB 2.docx.pdf', 'dokumen_pembelajaran_smp', '43', '2', '11', '2026-07-23 10:11:34', '2026-07-23 10:11:34', 'approved', NULL, NULL, NULL, 'modul_ajar', 'SMPDOC-C478A8557A7C-8A', 'Dokumen asli dari folder MATERI SMP AL AZHAR. File tidak dikonversi dan tidak diubah.', '2026/2027', 'Ganjil & Genap', '1', '2026-07-23 10:11:34', '2026-07-23 10:11:34', '83', 'Import otomatis dokumen pembelajaran SMP final.'),
('75', 'RPPM PKN KELAS 8 BAB 2.docx', 'Dokumen pembelajaran SMP final untuk Maryam Al Ijliyah. File asli: RPPM PKN KELAS 8 BAB 2.docx.pdf. Kategori: Modul Ajar / RPPM. Checksum SHA-256: c478a8557a7c967d3028e488f898a17cf6e23f9a5234e38abe3af82273d1085a.', 'materi-smp/kelas-8/RPPM PKN KELAS 8 BAB 2.docx.pdf', 'dokumen_pembelajaran_smp', '43', '3', '11', '2026-07-23 10:11:34', '2026-07-23 10:11:34', 'approved', NULL, NULL, NULL, 'modul_ajar', 'SMPDOC-C478A8557A7C-8B', 'Dokumen asli dari folder MATERI SMP AL AZHAR. File tidak dikonversi dan tidak diubah.', '2026/2027', 'Ganjil & Genap', '1', '2026-07-23 10:11:34', '2026-07-23 10:11:34', '83', 'Import otomatis dokumen pembelajaran SMP final.'),
('76', 'RPPM PKN KELAS 8 BAB 3.docx', 'Dokumen pembelajaran SMP final untuk Ibnu Al Haytam. File asli: RPPM PKN KELAS 8 BAB 3.docx.pdf. Kategori: Modul Ajar / RPPM. Checksum SHA-256: c8af2860bf6efe829a68400e0fb505ffb354143f378e2f7a4515bbd5c8b02b2c.', 'materi-smp/kelas-8/RPPM PKN KELAS 8 BAB 3.docx.pdf', 'dokumen_pembelajaran_smp', '43', '2', '11', '2026-07-23 10:11:34', '2026-07-23 10:11:34', 'approved', NULL, NULL, NULL, 'modul_ajar', 'SMPDOC-C8AF2860BF6E-8A', 'Dokumen asli dari folder MATERI SMP AL AZHAR. File tidak dikonversi dan tidak diubah.', '2026/2027', 'Ganjil & Genap', '1', '2026-07-23 10:11:34', '2026-07-23 10:11:34', '83', 'Import otomatis dokumen pembelajaran SMP final.'),
('77', 'RPPM PKN KELAS 8 BAB 3.docx', 'Dokumen pembelajaran SMP final untuk Maryam Al Ijliyah. File asli: RPPM PKN KELAS 8 BAB 3.docx.pdf. Kategori: Modul Ajar / RPPM. Checksum SHA-256: c8af2860bf6efe829a68400e0fb505ffb354143f378e2f7a4515bbd5c8b02b2c.', 'materi-smp/kelas-8/RPPM PKN KELAS 8 BAB 3.docx.pdf', 'dokumen_pembelajaran_smp', '43', '3', '11', '2026-07-23 10:11:34', '2026-07-23 10:11:34', 'approved', NULL, NULL, NULL, 'modul_ajar', 'SMPDOC-C8AF2860BF6E-8B', 'Dokumen asli dari folder MATERI SMP AL AZHAR. File tidak dikonversi dan tidak diubah.', '2026/2027', 'Ganjil & Genap', '1', '2026-07-23 10:11:34', '2026-07-23 10:11:34', '83', 'Import otomatis dokumen pembelajaran SMP final.'),
('78', 'RPPM PKN KELAS 8 BAB 4.docx', 'Dokumen pembelajaran SMP final untuk Ibnu Al Haytam. File asli: RPPM PKN KELAS 8 BAB 4.docx.pdf. Kategori: Modul Ajar / RPPM. Checksum SHA-256: c4c948e08623207c61617ed1eb2a04b5301fee6f00d59249cba385285e7fa9fe.', 'materi-smp/kelas-8/RPPM PKN KELAS 8 BAB 4.docx.pdf', 'dokumen_pembelajaran_smp', '43', '2', '11', '2026-07-23 10:11:34', '2026-07-23 10:11:34', 'approved', NULL, NULL, NULL, 'modul_ajar', 'SMPDOC-C4C948E08623-8A', 'Dokumen asli dari folder MATERI SMP AL AZHAR. File tidak dikonversi dan tidak diubah.', '2026/2027', 'Ganjil & Genap', '1', '2026-07-23 10:11:34', '2026-07-23 10:11:34', '83', 'Import otomatis dokumen pembelajaran SMP final.'),
('79', 'RPPM PKN KELAS 8 BAB 4.docx', 'Dokumen pembelajaran SMP final untuk Maryam Al Ijliyah. File asli: RPPM PKN KELAS 8 BAB 4.docx.pdf. Kategori: Modul Ajar / RPPM. Checksum SHA-256: c4c948e08623207c61617ed1eb2a04b5301fee6f00d59249cba385285e7fa9fe.', 'materi-smp/kelas-8/RPPM PKN KELAS 8 BAB 4.docx.pdf', 'dokumen_pembelajaran_smp', '43', '3', '11', '2026-07-23 10:11:34', '2026-07-23 10:11:34', 'approved', NULL, NULL, NULL, 'modul_ajar', 'SMPDOC-C4C948E08623-8B', 'Dokumen asli dari folder MATERI SMP AL AZHAR. File tidak dikonversi dan tidak diubah.', '2026/2027', 'Ganjil & Genap', '1', '2026-07-23 10:11:34', '2026-07-23 10:11:34', '83', 'Import otomatis dokumen pembelajaran SMP final.'),
('80', 'RPPM PKN KELAS 9 BAB 1.docx', 'Dokumen pembelajaran SMP final untuk Al Khawarizmi. File asli: RPPM PKN KELAS 9 BAB 1.docx.pdf. Kategori: Modul Ajar / RPPM. Checksum SHA-256: 205007074acc09c61294961a94d7a20505f9f1bc0c60a46c3c50c71c60d5e5f2.', 'materi-smp/kelas-9/RPPM PKN KELAS 9 BAB 1.docx.pdf', 'dokumen_pembelajaran_smp', '43', '4', '11', '2026-07-23 10:11:34', '2026-07-23 10:11:34', 'approved', NULL, NULL, NULL, 'modul_ajar', 'SMPDOC-205007074ACC-9A', 'Dokumen asli dari folder MATERI SMP AL AZHAR. File tidak dikonversi dan tidak diubah.', '2026/2027', 'Ganjil & Genap', '1', '2026-07-23 10:11:34', '2026-07-23 10:11:34', '83', 'Import otomatis dokumen pembelajaran SMP final.'),
('81', 'RPPM PKN KELAS 9 BAB 1.docx', 'Dokumen pembelajaran SMP final untuk Fatimah Al Fihri. File asli: RPPM PKN KELAS 9 BAB 1.docx.pdf. Kategori: Modul Ajar / RPPM. Checksum SHA-256: 205007074acc09c61294961a94d7a20505f9f1bc0c60a46c3c50c71c60d5e5f2.', 'materi-smp/kelas-9/RPPM PKN KELAS 9 BAB 1.docx.pdf', 'dokumen_pembelajaran_smp', '43', '5', '11', '2026-07-23 10:11:34', '2026-07-23 10:11:34', 'approved', NULL, NULL, NULL, 'modul_ajar', 'SMPDOC-205007074ACC-9B', 'Dokumen asli dari folder MATERI SMP AL AZHAR. File tidak dikonversi dan tidak diubah.', '2026/2027', 'Ganjil & Genap', '1', '2026-07-23 10:11:34', '2026-07-23 10:11:34', '83', 'Import otomatis dokumen pembelajaran SMP final.'),
('82', 'RPPM PKN KELAS 9 BAB 2.docx', 'Dokumen pembelajaran SMP final untuk Al Khawarizmi. File asli: RPPM PKN KELAS 9 BAB 2.docx.pdf. Kategori: Modul Ajar / RPPM. Checksum SHA-256: 1d6713365cd4498035e4ff5281aefd6303ffc70e703abfcd8ccd2f24ec93e729.', 'materi-smp/kelas-9/RPPM PKN KELAS 9 BAB 2.docx.pdf', 'dokumen_pembelajaran_smp', '43', '4', '11', '2026-07-23 10:11:34', '2026-07-23 10:11:34', 'approved', NULL, NULL, NULL, 'modul_ajar', 'SMPDOC-1D6713365CD4-9A', 'Dokumen asli dari folder MATERI SMP AL AZHAR. File tidak dikonversi dan tidak diubah.', '2026/2027', 'Ganjil & Genap', '1', '2026-07-23 10:11:34', '2026-07-23 10:11:34', '83', 'Import otomatis dokumen pembelajaran SMP final.'),
('83', 'RPPM PKN KELAS 9 BAB 2.docx', 'Dokumen pembelajaran SMP final untuk Fatimah Al Fihri. File asli: RPPM PKN KELAS 9 BAB 2.docx.pdf. Kategori: Modul Ajar / RPPM. Checksum SHA-256: 1d6713365cd4498035e4ff5281aefd6303ffc70e703abfcd8ccd2f24ec93e729.', 'materi-smp/kelas-9/RPPM PKN KELAS 9 BAB 2.docx.pdf', 'dokumen_pembelajaran_smp', '43', '5', '11', '2026-07-23 10:11:34', '2026-07-23 10:11:34', 'approved', NULL, NULL, NULL, 'modul_ajar', 'SMPDOC-1D6713365CD4-9B', 'Dokumen asli dari folder MATERI SMP AL AZHAR. File tidak dikonversi dan tidak diubah.', '2026/2027', 'Ganjil & Genap', '1', '2026-07-23 10:11:34', '2026-07-23 10:11:34', '83', 'Import otomatis dokumen pembelajaran SMP final.'),
('84', 'RPPM PKN KELAS 9 BAB 3.docx', 'Dokumen pembelajaran SMP final untuk Al Khawarizmi. File asli: RPPM PKN KELAS 9 BAB 3.docx.pdf. Kategori: Modul Ajar / RPPM. Checksum SHA-256: c17ff61369ad9931c8021387c0fdc5ce980b849f755e87e2d6398b1ce7e6aba7.', 'materi-smp/kelas-9/RPPM PKN KELAS 9 BAB 3.docx.pdf', 'dokumen_pembelajaran_smp', '43', '4', '11', '2026-07-23 10:11:34', '2026-07-23 10:11:34', 'approved', NULL, NULL, NULL, 'modul_ajar', 'SMPDOC-C17FF61369AD-9A', 'Dokumen asli dari folder MATERI SMP AL AZHAR. File tidak dikonversi dan tidak diubah.', '2026/2027', 'Ganjil & Genap', '1', '2026-07-23 10:11:34', '2026-07-23 10:11:34', '83', 'Import otomatis dokumen pembelajaran SMP final.'),
('85', 'RPPM PKN KELAS 9 BAB 3.docx', 'Dokumen pembelajaran SMP final untuk Fatimah Al Fihri. File asli: RPPM PKN KELAS 9 BAB 3.docx.pdf. Kategori: Modul Ajar / RPPM. Checksum SHA-256: c17ff61369ad9931c8021387c0fdc5ce980b849f755e87e2d6398b1ce7e6aba7.', 'materi-smp/kelas-9/RPPM PKN KELAS 9 BAB 3.docx.pdf', 'dokumen_pembelajaran_smp', '43', '5', '11', '2026-07-23 10:11:34', '2026-07-23 10:11:34', 'approved', NULL, NULL, NULL, 'modul_ajar', 'SMPDOC-C17FF61369AD-9B', 'Dokumen asli dari folder MATERI SMP AL AZHAR. File tidak dikonversi dan tidak diubah.', '2026/2027', 'Ganjil & Genap', '1', '2026-07-23 10:11:34', '2026-07-23 10:11:34', '83', 'Import otomatis dokumen pembelajaran SMP final.'),
('86', 'RPPM PKN KELAS 9 BAB 4.docx', 'Dokumen pembelajaran SMP final untuk Al Khawarizmi. File asli: RPPM PKN KELAS 9 BAB 4.docx.pdf. Kategori: Modul Ajar / RPPM. Checksum SHA-256: ff53dd2ffa6d42bbd8a0d1b4634ce2bcf6a4a76d97aa28d5be704817abeb86ea.', 'materi-smp/kelas-9/RPPM PKN KELAS 9 BAB 4.docx.pdf', 'dokumen_pembelajaran_smp', '43', '4', '11', '2026-07-23 10:11:34', '2026-07-23 10:11:34', 'approved', NULL, NULL, NULL, 'modul_ajar', 'SMPDOC-FF53DD2FFA6D-9A', 'Dokumen asli dari folder MATERI SMP AL AZHAR. File tidak dikonversi dan tidak diubah.', '2026/2027', 'Ganjil & Genap', '1', '2026-07-23 10:11:34', '2026-07-23 10:11:34', '83', 'Import otomatis dokumen pembelajaran SMP final.'),
('87', 'RPPM PKN KELAS 9 BAB 4.docx', 'Dokumen pembelajaran SMP final untuk Fatimah Al Fihri. File asli: RPPM PKN KELAS 9 BAB 4.docx.pdf. Kategori: Modul Ajar / RPPM. Checksum SHA-256: ff53dd2ffa6d42bbd8a0d1b4634ce2bcf6a4a76d97aa28d5be704817abeb86ea.', 'materi-smp/kelas-9/RPPM PKN KELAS 9 BAB 4.docx.pdf', 'dokumen_pembelajaran_smp', '43', '5', '11', '2026-07-23 10:11:34', '2026-07-23 10:11:34', 'approved', NULL, NULL, NULL, 'modul_ajar', 'SMPDOC-FF53DD2FFA6D-9B', 'Dokumen asli dari folder MATERI SMP AL AZHAR. File tidak dikonversi dan tidak diubah.', '2026/2027', 'Ganjil & Genap', '1', '2026-07-23 10:11:34', '2026-07-23 10:11:34', '83', 'Import otomatis dokumen pembelajaran SMP final.'),
('88', 'RPPM PjBL Kelas 7 Smt 1', 'Dokumen pembelajaran SMP final untuk Abu Bakar Ar Razi. File asli: RPPM PjBL Kelas 7 Smt 1.pdf. Kategori: Modul Ajar / RPPM. Checksum SHA-256: fd765d5e526d3cb2044734b5ddd4e1dcf3db98480a5876cfbff69fecdc415da5.', 'materi-smp/kelas-7/RPPM PjBL Kelas 7 Smt 1.pdf', 'dokumen_pembelajaran_smp', '16', '1', '5', '2026-07-23 10:11:34', '2026-07-23 10:11:34', 'approved', NULL, NULL, NULL, 'modul_ajar', 'SMPDOC-FD765D5E526D-7', 'Dokumen asli dari folder MATERI SMP AL AZHAR. File tidak dikonversi dan tidak diubah.', '2026/2027', 'Ganjil', '1', '2026-07-23 10:11:34', '2026-07-23 10:11:34', '83', 'Import otomatis dokumen pembelajaran SMP final.'),
('89', 'RPPM PjBL Kelas 7 Smt 1', 'Dokumen pembelajaran SMP final untuk Kelas 7 Demo. File asli: RPPM PjBL Kelas 7 Smt 1.pdf. Kategori: Modul Ajar / RPPM. Checksum SHA-256: fd765d5e526d3cb2044734b5ddd4e1dcf3db98480a5876cfbff69fecdc415da5.', 'materi-smp/kelas-7/RPPM PjBL Kelas 7 Smt 1.pdf', 'dokumen_pembelajaran_smp', '16', '6', '5', '2026-07-23 10:11:34', '2026-07-23 10:11:34', 'approved', NULL, NULL, NULL, 'modul_ajar', 'SMPDOC-FD765D5E526D-7-DEMO', 'Dokumen asli dari folder MATERI SMP AL AZHAR. File tidak dikonversi dan tidak diubah.', '2026/2027', 'Ganjil', '1', '2026-07-23 10:11:34', '2026-07-23 10:11:34', '83', 'Import otomatis dokumen pembelajaran SMP final.'),
('90', 'RPPM_Informatika_Kelas9_Bab2', 'Dokumen pembelajaran SMP final untuk Al Khawarizmi. File asli: RPPM_Informatika_Kelas9_Bab2.docx. Kategori: Modul Ajar / RPPM. Checksum SHA-256: 37441c487e56573b77621395f37a4163e4810c1c05d9b84980042ccddca001e8. Catatan: Mata pelajaran dari nama file berbeda dengan isi awal; klasifikasi memakai nama file eksplisit.', 'materi-smp/kelas-9/RPPM_Informatika_Kelas9_Bab2.docx', 'dokumen_pembelajaran_smp', '13', '4', '2', '2026-07-23 10:11:34', '2026-07-23 10:11:34', 'approved', NULL, NULL, NULL, 'modul_ajar', 'SMPDOC-37441C487E56-9A', 'Dokumen asli dari folder MATERI SMP AL AZHAR. File tidak dikonversi dan tidak diubah.', '2026/2027', 'Ganjil & Genap', '1', '2026-07-23 10:11:34', '2026-07-23 10:11:34', '83', 'Import otomatis dokumen pembelajaran SMP final.'),
('91', 'RPPM_Informatika_Kelas9_Bab2', 'Dokumen pembelajaran SMP final untuk Fatimah Al Fihri. File asli: RPPM_Informatika_Kelas9_Bab2.docx. Kategori: Modul Ajar / RPPM. Checksum SHA-256: 37441c487e56573b77621395f37a4163e4810c1c05d9b84980042ccddca001e8. Catatan: Mata pelajaran dari nama file berbeda dengan isi awal; klasifikasi memakai nama file eksplisit.', 'materi-smp/kelas-9/RPPM_Informatika_Kelas9_Bab2.docx', 'dokumen_pembelajaran_smp', '13', '5', '2', '2026-07-23 10:11:34', '2026-07-23 10:11:34', 'approved', NULL, NULL, NULL, 'modul_ajar', 'SMPDOC-37441C487E56-9B', 'Dokumen asli dari folder MATERI SMP AL AZHAR. File tidak dikonversi dan tidak diubah.', '2026/2027', 'Ganjil & Genap', '1', '2026-07-23 10:11:34', '2026-07-23 10:11:34', '83', 'Import otomatis dokumen pembelajaran SMP final.'),
('92', 'RPPM_Informatika_Kelas9_Bab3', 'Dokumen pembelajaran SMP final untuk Al Khawarizmi. File asli: RPPM_Informatika_Kelas9_Bab3.docx. Kategori: Modul Ajar / RPPM. Checksum SHA-256: aefb5ed15d3753416fec4d21e9f9de64719de29e7bdb4e405825af3fc20bbeba.', 'materi-smp/kelas-9/RPPM_Informatika_Kelas9_Bab3.docx', 'dokumen_pembelajaran_smp', '13', '4', '2', '2026-07-23 10:11:34', '2026-07-23 10:11:34', 'approved', NULL, NULL, NULL, 'modul_ajar', 'SMPDOC-AEFB5ED15D37-9A', 'Dokumen asli dari folder MATERI SMP AL AZHAR. File tidak dikonversi dan tidak diubah.', '2026/2027', 'Ganjil & Genap', '1', '2026-07-23 10:11:34', '2026-07-23 10:11:34', '83', 'Import otomatis dokumen pembelajaran SMP final.'),
('93', 'RPPM_Informatika_Kelas9_Bab3', 'Dokumen pembelajaran SMP final untuk Fatimah Al Fihri. File asli: RPPM_Informatika_Kelas9_Bab3.docx. Kategori: Modul Ajar / RPPM. Checksum SHA-256: aefb5ed15d3753416fec4d21e9f9de64719de29e7bdb4e405825af3fc20bbeba.', 'materi-smp/kelas-9/RPPM_Informatika_Kelas9_Bab3.docx', 'dokumen_pembelajaran_smp', '13', '5', '2', '2026-07-23 10:11:34', '2026-07-23 10:11:34', 'approved', NULL, NULL, NULL, 'modul_ajar', 'SMPDOC-AEFB5ED15D37-9B', 'Dokumen asli dari folder MATERI SMP AL AZHAR. File tidak dikonversi dan tidak diubah.', '2026/2027', 'Ganjil & Genap', '1', '2026-07-23 10:11:34', '2026-07-23 10:11:34', '83', 'Import otomatis dokumen pembelajaran SMP final.'),
('94', 'RPPM_Informatika_Kelas9_Praktek.docx', 'Dokumen pembelajaran SMP final untuk Al Khawarizmi. File asli: RPPM_Informatika_Kelas9_Praktek.docx.pdf. Kategori: Modul Ajar / RPPM. Checksum SHA-256: 899de2eeff32da8bd3de17b0e9ebb8a9450339f8160d0c5e8f304adbae3d999f.', 'materi-smp/kelas-9/RPPM_Informatika_Kelas9_Praktek.docx.pdf', 'dokumen_pembelajaran_smp', '13', '4', '2', '2026-07-23 10:11:34', '2026-07-23 10:11:34', 'approved', NULL, NULL, NULL, 'modul_ajar', 'SMPDOC-899DE2EEFF32-9A', 'Dokumen asli dari folder MATERI SMP AL AZHAR. File tidak dikonversi dan tidak diubah.', '2026/2027', 'Ganjil & Genap', '1', '2026-07-23 10:11:34', '2026-07-23 10:11:34', '83', 'Import otomatis dokumen pembelajaran SMP final.'),
('95', 'RPPM_Informatika_Kelas9_Praktek.docx', 'Dokumen pembelajaran SMP final untuk Fatimah Al Fihri. File asli: RPPM_Informatika_Kelas9_Praktek.docx.pdf. Kategori: Modul Ajar / RPPM. Checksum SHA-256: 899de2eeff32da8bd3de17b0e9ebb8a9450339f8160d0c5e8f304adbae3d999f.', 'materi-smp/kelas-9/RPPM_Informatika_Kelas9_Praktek.docx.pdf', 'dokumen_pembelajaran_smp', '13', '5', '2', '2026-07-23 10:11:34', '2026-07-23 10:11:34', 'approved', NULL, NULL, NULL, 'modul_ajar', 'SMPDOC-899DE2EEFF32-9B', 'Dokumen asli dari folder MATERI SMP AL AZHAR. File tidak dikonversi dan tidak diubah.', '2026/2027', 'Ganjil & Genap', '1', '2026-07-23 10:11:34', '2026-07-23 10:11:34', '83', 'Import otomatis dokumen pembelajaran SMP final.'),
('96', 'RPPM_Informatika_Kelas_7_Bab_3', 'Dokumen pembelajaran SMP final untuk Abu Bakar Ar Razi. File asli: RPPM_Informatika_Kelas_7_Bab_3.pdf. Kategori: Modul Ajar / RPPM. Checksum SHA-256: d3238ea720bdb571d4fec02cd4ad919915a691925f9ee682672004f8dabfa5a5.', 'materi-smp/kelas-7/RPPM_Informatika_Kelas_7_Bab_3.pdf', 'dokumen_pembelajaran_smp', '13', '1', '2', '2026-07-23 10:11:34', '2026-07-23 10:11:34', 'approved', NULL, NULL, NULL, 'modul_ajar', 'SMPDOC-D3238EA720BD-7', 'Dokumen asli dari folder MATERI SMP AL AZHAR. File tidak dikonversi dan tidak diubah.', '2026/2027', 'Ganjil & Genap', '1', '2026-07-23 10:11:34', '2026-07-23 10:11:34', '83', 'Import otomatis dokumen pembelajaran SMP final.'),
('97', 'RPPM_Informatika_Kelas_7_Bab_3', 'Dokumen pembelajaran SMP final untuk Kelas 7 Demo. File asli: RPPM_Informatika_Kelas_7_Bab_3.pdf. Kategori: Modul Ajar / RPPM. Checksum SHA-256: d3238ea720bdb571d4fec02cd4ad919915a691925f9ee682672004f8dabfa5a5.', 'materi-smp/kelas-7/RPPM_Informatika_Kelas_7_Bab_3.pdf', 'dokumen_pembelajaran_smp', '13', '6', '2', '2026-07-23 10:11:34', '2026-07-23 10:11:34', 'approved', NULL, NULL, NULL, 'modul_ajar', 'SMPDOC-D3238EA720BD-7-DEMO', 'Dokumen asli dari folder MATERI SMP AL AZHAR. File tidak dikonversi dan tidak diubah.', '2026/2027', 'Ganjil & Genap', '1', '2026-07-23 10:11:34', '2026-07-23 10:11:34', '83', 'Import otomatis dokumen pembelajaran SMP final.'),
('98', 'RPPM_Informatika_Kelas_8', 'Dokumen pembelajaran SMP final untuk Ibnu Al Haytam. File asli: RPPM_Informatika_Kelas_8.docx. Kategori: Kisi-Kisi. Checksum SHA-256: 70db54860cfb191745a3835a49e024751ee8c64cb08a9ba98581f6ae6edf019b. Catatan: Mata pelajaran dari nama file berbeda dengan isi awal; klasifikasi memakai nama file eksplisit.', 'materi-smp/kelas-8/RPPM_Informatika_Kelas_8.docx', 'dokumen_pembelajaran_smp', '13', '2', '2', '2026-07-23 10:11:34', '2026-07-23 10:11:34', 'approved', NULL, NULL, NULL, 'kisi_kisi', 'SMPDOC-70DB54860CFB-8A', 'Dokumen asli dari folder MATERI SMP AL AZHAR. File tidak dikonversi dan tidak diubah.', '2026/2027', 'Ganjil & Genap', '1', '2026-07-23 10:11:34', '2026-07-23 10:11:34', '83', 'Import otomatis dokumen pembelajaran SMP final.'),
('99', 'RPPM_Informatika_Kelas_8', 'Dokumen pembelajaran SMP final untuk Maryam Al Ijliyah. File asli: RPPM_Informatika_Kelas_8.docx. Kategori: Kisi-Kisi. Checksum SHA-256: 70db54860cfb191745a3835a49e024751ee8c64cb08a9ba98581f6ae6edf019b. Catatan: Mata pelajaran dari nama file berbeda dengan isi awal; klasifikasi memakai nama file eksplisit.', 'materi-smp/kelas-8/RPPM_Informatika_Kelas_8.docx', 'dokumen_pembelajaran_smp', '13', '3', '2', '2026-07-23 10:11:34', '2026-07-23 10:11:34', 'approved', NULL, NULL, NULL, 'kisi_kisi', 'SMPDOC-70DB54860CFB-8B', 'Dokumen asli dari folder MATERI SMP AL AZHAR. File tidak dikonversi dan tidak diubah.', '2026/2027', 'Ganjil & Genap', '1', '2026-07-23 10:11:34', '2026-07-23 10:11:34', '83', 'Import otomatis dokumen pembelajaran SMP final.'),
('100', 'RPPM_Kelas_7_Bab_2_Identifikasi_Makhluk_Hidup', 'Dokumen pembelajaran SMP final untuk Abu Bakar Ar Razi. File asli: RPPM_Kelas_7_Bab_2_Identifikasi_Makhluk_Hidup.pdf. Kategori: Modul Ajar / RPPM. Checksum SHA-256: f741a1a1ae7590f44723e78ceab5ebca9445f9c32fd199b6a7c56883b21e489d.', 'materi-smp/kelas-7/RPPM_Kelas_7_Bab_2_Identifikasi_Makhluk_Hidup.pdf', 'dokumen_pembelajaran_smp', '5', '1', '2', '2026-07-23 10:11:34', '2026-07-23 10:11:34', 'approved', NULL, NULL, NULL, 'modul_ajar', 'SMPDOC-F741A1A1AE75-7', 'Dokumen asli dari folder MATERI SMP AL AZHAR. File tidak dikonversi dan tidak diubah.', '2026/2027', 'Ganjil & Genap', '1', '2026-07-23 10:11:34', '2026-07-23 10:11:34', '83', 'Import otomatis dokumen pembelajaran SMP final.');
INSERT INTO `materi` (`id`, `judul`, `deskripsi`, `file_path`, `tipe`, `mapel_id`, `kelas_id`, `guru_id`, `created_at`, `updated_at`, `status`, `skor_kauniyah`, `skor_bilingual`, `skor_ai`, `kategori`, `kode`, `isi`, `tahun_ajaran`, `semester`, `versi`, `submitted_at`, `reviewed_at`, `reviewed_by`, `catatan_reviewer`) VALUES
('101', 'RPPM_Kelas_7_Bab_2_Identifikasi_Makhluk_Hidup', 'Dokumen pembelajaran SMP final untuk Kelas 7 Demo. File asli: RPPM_Kelas_7_Bab_2_Identifikasi_Makhluk_Hidup.pdf. Kategori: Modul Ajar / RPPM. Checksum SHA-256: f741a1a1ae7590f44723e78ceab5ebca9445f9c32fd199b6a7c56883b21e489d.', 'materi-smp/kelas-7/RPPM_Kelas_7_Bab_2_Identifikasi_Makhluk_Hidup.pdf', 'dokumen_pembelajaran_smp', '5', '6', '2', '2026-07-23 10:11:34', '2026-07-23 10:11:34', 'approved', NULL, NULL, NULL, 'modul_ajar', 'SMPDOC-F741A1A1AE75-7-DEMO', 'Dokumen asli dari folder MATERI SMP AL AZHAR. File tidak dikonversi dan tidak diubah.', '2026/2027', 'Ganjil & Genap', '1', '2026-07-23 10:11:34', '2026-07-23 10:11:34', '83', 'Import otomatis dokumen pembelajaran SMP final.'),
('102', 'RPPM_Kelas_7_Bab_3_Zat_dan_Perubahannya', 'Dokumen pembelajaran SMP final untuk Abu Bakar Ar Razi. File asli: RPPM_Kelas_7_Bab_3_Zat_dan_Perubahannya.pdf. Kategori: Modul Ajar / RPPM. Checksum SHA-256: 060b9c540623911c85c86159741a615de8928782ccae5d1eac033db758fc8fb1.', 'materi-smp/kelas-7/RPPM_Kelas_7_Bab_3_Zat_dan_Perubahannya.pdf', 'dokumen_pembelajaran_smp', '5', '1', '2', '2026-07-23 10:11:34', '2026-07-23 10:11:34', 'approved', NULL, NULL, NULL, 'modul_ajar', 'SMPDOC-060B9C540623-7', 'Dokumen asli dari folder MATERI SMP AL AZHAR. File tidak dikonversi dan tidak diubah.', '2026/2027', 'Ganjil & Genap', '1', '2026-07-23 10:11:34', '2026-07-23 10:11:34', '83', 'Import otomatis dokumen pembelajaran SMP final.'),
('103', 'RPPM_Kelas_7_Bab_3_Zat_dan_Perubahannya', 'Dokumen pembelajaran SMP final untuk Kelas 7 Demo. File asli: RPPM_Kelas_7_Bab_3_Zat_dan_Perubahannya.pdf. Kategori: Modul Ajar / RPPM. Checksum SHA-256: 060b9c540623911c85c86159741a615de8928782ccae5d1eac033db758fc8fb1.', 'materi-smp/kelas-7/RPPM_Kelas_7_Bab_3_Zat_dan_Perubahannya.pdf', 'dokumen_pembelajaran_smp', '5', '6', '2', '2026-07-23 10:11:34', '2026-07-23 10:11:34', 'approved', NULL, NULL, NULL, 'modul_ajar', 'SMPDOC-060B9C540623-7-DEMO', 'Dokumen asli dari folder MATERI SMP AL AZHAR. File tidak dikonversi dan tidak diubah.', '2026/2027', 'Ganjil & Genap', '1', '2026-07-23 10:11:34', '2026-07-23 10:11:34', '83', 'Import otomatis dokumen pembelajaran SMP final.'),
('104', 'RPPM_Kelas_7_Bab_4_Unsur_Senyawa_Campuran', 'Dokumen pembelajaran SMP final untuk Abu Bakar Ar Razi. File asli: RPPM_Kelas_7_Bab_4_Unsur_Senyawa_Campuran.pdf. Kategori: Modul Ajar / RPPM. Checksum SHA-256: 4f108a54b7790e6b7c4a337b6057ded7d6d9c82343e3f7015592cf0355a8e7e1.', 'materi-smp/kelas-7/RPPM_Kelas_7_Bab_4_Unsur_Senyawa_Campuran.pdf', 'dokumen_pembelajaran_smp', '5', '1', '2', '2026-07-23 10:11:34', '2026-07-23 10:11:34', 'approved', NULL, NULL, NULL, 'modul_ajar', 'SMPDOC-4F108A54B779-7', 'Dokumen asli dari folder MATERI SMP AL AZHAR. File tidak dikonversi dan tidak diubah.', '2026/2027', 'Ganjil & Genap', '1', '2026-07-23 10:11:34', '2026-07-23 10:11:34', '83', 'Import otomatis dokumen pembelajaran SMP final.'),
('105', 'RPPM_Kelas_7_Bab_4_Unsur_Senyawa_Campuran', 'Dokumen pembelajaran SMP final untuk Kelas 7 Demo. File asli: RPPM_Kelas_7_Bab_4_Unsur_Senyawa_Campuran.pdf. Kategori: Modul Ajar / RPPM. Checksum SHA-256: 4f108a54b7790e6b7c4a337b6057ded7d6d9c82343e3f7015592cf0355a8e7e1.', 'materi-smp/kelas-7/RPPM_Kelas_7_Bab_4_Unsur_Senyawa_Campuran.pdf', 'dokumen_pembelajaran_smp', '5', '6', '2', '2026-07-23 10:11:34', '2026-07-23 10:11:34', 'approved', NULL, NULL, NULL, 'modul_ajar', 'SMPDOC-4F108A54B779-7-DEMO', 'Dokumen asli dari folder MATERI SMP AL AZHAR. File tidak dikonversi dan tidak diubah.', '2026/2027', 'Ganjil & Genap', '1', '2026-07-23 10:11:34', '2026-07-23 10:11:34', '83', 'Import otomatis dokumen pembelajaran SMP final.'),
('106', 'RPPM_Kelas_7_Sains_dan_Pengukuran', 'Dokumen pembelajaran SMP final untuk Abu Bakar Ar Razi. File asli: RPPM_Kelas_7_Sains_dan_Pengukuran.pdf. Kategori: Modul Ajar / RPPM. Checksum SHA-256: f550c18f0ec2e553d79a7739f73aa0256432b580f0941798325b9781783f4207.', 'materi-smp/kelas-7/RPPM_Kelas_7_Sains_dan_Pengukuran.pdf', 'dokumen_pembelajaran_smp', '5', '1', '2', '2026-07-23 10:11:34', '2026-07-23 10:11:34', 'approved', NULL, NULL, NULL, 'modul_ajar', 'SMPDOC-F550C18F0EC2-7', 'Dokumen asli dari folder MATERI SMP AL AZHAR. File tidak dikonversi dan tidak diubah.', '2026/2027', 'Ganjil & Genap', '1', '2026-07-23 10:11:34', '2026-07-23 10:11:34', '83', 'Import otomatis dokumen pembelajaran SMP final.'),
('107', 'RPPM_Kelas_7_Sains_dan_Pengukuran', 'Dokumen pembelajaran SMP final untuk Kelas 7 Demo. File asli: RPPM_Kelas_7_Sains_dan_Pengukuran.pdf. Kategori: Modul Ajar / RPPM. Checksum SHA-256: f550c18f0ec2e553d79a7739f73aa0256432b580f0941798325b9781783f4207.', 'materi-smp/kelas-7/RPPM_Kelas_7_Sains_dan_Pengukuran.pdf', 'dokumen_pembelajaran_smp', '5', '6', '2', '2026-07-23 10:11:34', '2026-07-23 10:11:34', 'approved', NULL, NULL, NULL, 'modul_ajar', 'SMPDOC-F550C18F0EC2-7-DEMO', 'Dokumen asli dari folder MATERI SMP AL AZHAR. File tidak dikonversi dan tidak diubah.', '2026/2027', 'Ganjil & Genap', '1', '2026-07-23 10:11:34', '2026-07-23 10:11:34', '83', 'Import otomatis dokumen pembelajaran SMP final.'),
('108', 'RPPM_Kelas_8_Bab_1_Bumi_dan_Tata_Surya', 'Dokumen pembelajaran SMP final untuk Ibnu Al Haytam. File asli: RPPM_Kelas_8_Bab_1_Bumi_dan_Tata_Surya.pdf. Kategori: Modul Ajar / RPPM. Checksum SHA-256: 8f64ddd7d1b7b78fd474a8718d39618daf867043914ee17ca1785b3a3bb4cf42.', 'materi-smp/kelas-8/RPPM_Kelas_8_Bab_1_Bumi_dan_Tata_Surya.pdf', 'dokumen_pembelajaran_smp', '5', '2', '2', '2026-07-23 10:11:34', '2026-07-23 10:11:34', 'approved', NULL, NULL, NULL, 'modul_ajar', 'SMPDOC-8F64DDD7D1B7-8A', 'Dokumen asli dari folder MATERI SMP AL AZHAR. File tidak dikonversi dan tidak diubah.', '2026/2027', 'Ganjil & Genap', '1', '2026-07-23 10:11:34', '2026-07-23 10:11:34', '83', 'Import otomatis dokumen pembelajaran SMP final.'),
('109', 'RPPM_Kelas_8_Bab_1_Bumi_dan_Tata_Surya', 'Dokumen pembelajaran SMP final untuk Maryam Al Ijliyah. File asli: RPPM_Kelas_8_Bab_1_Bumi_dan_Tata_Surya.pdf. Kategori: Modul Ajar / RPPM. Checksum SHA-256: 8f64ddd7d1b7b78fd474a8718d39618daf867043914ee17ca1785b3a3bb4cf42.', 'materi-smp/kelas-8/RPPM_Kelas_8_Bab_1_Bumi_dan_Tata_Surya.pdf', 'dokumen_pembelajaran_smp', '5', '3', '2', '2026-07-23 10:11:34', '2026-07-23 10:11:34', 'approved', NULL, NULL, NULL, 'modul_ajar', 'SMPDOC-8F64DDD7D1B7-8B', 'Dokumen asli dari folder MATERI SMP AL AZHAR. File tidak dikonversi dan tidak diubah.', '2026/2027', 'Ganjil & Genap', '1', '2026-07-23 10:11:34', '2026-07-23 10:11:34', '83', 'Import otomatis dokumen pembelajaran SMP final.'),
('110', 'RPPM_Kelas_8_Bab_2_Sistem_Organ_Tubuh_Manusia', 'Dokumen pembelajaran SMP final untuk Ibnu Al Haytam. File asli: RPPM_Kelas_8_Bab_2_Sistem_Organ_Tubuh_Manusia.pdf. Kategori: Modul Ajar / RPPM. Checksum SHA-256: 10962a80977c5b90fac4bf72b536d716bc2f922445ef35c927a823f8282478a5.', 'materi-smp/kelas-8/RPPM_Kelas_8_Bab_2_Sistem_Organ_Tubuh_Manusia.pdf', 'dokumen_pembelajaran_smp', '5', '2', '2', '2026-07-23 10:11:34', '2026-07-23 10:11:34', 'approved', NULL, NULL, NULL, 'modul_ajar', 'SMPDOC-10962A80977C-8A', 'Dokumen asli dari folder MATERI SMP AL AZHAR. File tidak dikonversi dan tidak diubah.', '2026/2027', 'Ganjil & Genap', '1', '2026-07-23 10:11:34', '2026-07-23 10:11:34', '83', 'Import otomatis dokumen pembelajaran SMP final.'),
('111', 'RPPM_Kelas_8_Bab_2_Sistem_Organ_Tubuh_Manusia', 'Dokumen pembelajaran SMP final untuk Maryam Al Ijliyah. File asli: RPPM_Kelas_8_Bab_2_Sistem_Organ_Tubuh_Manusia.pdf. Kategori: Modul Ajar / RPPM. Checksum SHA-256: 10962a80977c5b90fac4bf72b536d716bc2f922445ef35c927a823f8282478a5.', 'materi-smp/kelas-8/RPPM_Kelas_8_Bab_2_Sistem_Organ_Tubuh_Manusia.pdf', 'dokumen_pembelajaran_smp', '5', '3', '2', '2026-07-23 10:11:34', '2026-07-23 10:11:34', 'approved', NULL, NULL, NULL, 'modul_ajar', 'SMPDOC-10962A80977C-8B', 'Dokumen asli dari folder MATERI SMP AL AZHAR. File tidak dikonversi dan tidak diubah.', '2026/2027', 'Ganjil & Genap', '1', '2026-07-23 10:11:34', '2026-07-23 10:11:34', '83', 'Import otomatis dokumen pembelajaran SMP final.'),
('112', 'RPPM_Kelas_8_Bab_3_Zat_Aditif_dan_Adiktif', 'Dokumen pembelajaran SMP final untuk Ibnu Al Haytam. File asli: RPPM_Kelas_8_Bab_3_Zat_Aditif_dan_Adiktif.pdf. Kategori: Modul Ajar / RPPM. Checksum SHA-256: d5427586caf79735d5e93d4f4db0eb4b09b8906c8ceac0a4180c68f1daa11021.', 'materi-smp/kelas-8/RPPM_Kelas_8_Bab_3_Zat_Aditif_dan_Adiktif.pdf', 'dokumen_pembelajaran_smp', '5', '2', '2', '2026-07-23 10:11:34', '2026-07-23 10:11:34', 'approved', NULL, NULL, NULL, 'modul_ajar', 'SMPDOC-D5427586CAF7-8A', 'Dokumen asli dari folder MATERI SMP AL AZHAR. File tidak dikonversi dan tidak diubah.', '2026/2027', 'Ganjil & Genap', '1', '2026-07-23 10:11:34', '2026-07-23 10:11:34', '83', 'Import otomatis dokumen pembelajaran SMP final.'),
('113', 'RPPM_Kelas_8_Bab_3_Zat_Aditif_dan_Adiktif', 'Dokumen pembelajaran SMP final untuk Maryam Al Ijliyah. File asli: RPPM_Kelas_8_Bab_3_Zat_Aditif_dan_Adiktif.pdf. Kategori: Modul Ajar / RPPM. Checksum SHA-256: d5427586caf79735d5e93d4f4db0eb4b09b8906c8ceac0a4180c68f1daa11021.', 'materi-smp/kelas-8/RPPM_Kelas_8_Bab_3_Zat_Aditif_dan_Adiktif.pdf', 'dokumen_pembelajaran_smp', '5', '3', '2', '2026-07-23 10:11:34', '2026-07-23 10:11:34', 'approved', NULL, NULL, NULL, 'modul_ajar', 'SMPDOC-D5427586CAF7-8B', 'Dokumen asli dari folder MATERI SMP AL AZHAR. File tidak dikonversi dan tidak diubah.', '2026/2027', 'Ganjil & Genap', '1', '2026-07-23 10:11:34', '2026-07-23 10:11:34', '83', 'Import otomatis dokumen pembelajaran SMP final.'),
('114', 'RPPM_Kelas_8_Bab_4_Usaha_Energi_dan_Pesawat_Sederhana', 'Dokumen pembelajaran SMP final untuk Ibnu Al Haytam. File asli: RPPM_Kelas_8_Bab_4_Usaha_Energi_dan_Pesawat_Sederhana.pdf. Kategori: Modul Ajar / RPPM. Checksum SHA-256: 888a7a0af49731aa7b9452355395ea2b9018234f2491deb8998722c3c7929274.', 'materi-smp/kelas-8/RPPM_Kelas_8_Bab_4_Usaha_Energi_dan_Pesawat_Sederhana.pdf', 'dokumen_pembelajaran_smp', '5', '2', '2', '2026-07-23 10:11:34', '2026-07-23 10:11:34', 'approved', NULL, NULL, NULL, 'modul_ajar', 'SMPDOC-888A7A0AF497-8A', 'Dokumen asli dari folder MATERI SMP AL AZHAR. File tidak dikonversi dan tidak diubah.', '2026/2027', 'Ganjil & Genap', '1', '2026-07-23 10:11:34', '2026-07-23 10:11:34', '83', 'Import otomatis dokumen pembelajaran SMP final.'),
('115', 'RPPM_Kelas_8_Bab_4_Usaha_Energi_dan_Pesawat_Sederhana', 'Dokumen pembelajaran SMP final untuk Maryam Al Ijliyah. File asli: RPPM_Kelas_8_Bab_4_Usaha_Energi_dan_Pesawat_Sederhana.pdf. Kategori: Modul Ajar / RPPM. Checksum SHA-256: 888a7a0af49731aa7b9452355395ea2b9018234f2491deb8998722c3c7929274.', 'materi-smp/kelas-8/RPPM_Kelas_8_Bab_4_Usaha_Energi_dan_Pesawat_Sederhana.pdf', 'dokumen_pembelajaran_smp', '5', '3', '2', '2026-07-23 10:11:34', '2026-07-23 10:11:34', 'approved', NULL, NULL, NULL, 'modul_ajar', 'SMPDOC-888A7A0AF497-8B', 'Dokumen asli dari folder MATERI SMP AL AZHAR. File tidak dikonversi dan tidak diubah.', '2026/2027', 'Ganjil & Genap', '1', '2026-07-23 10:11:34', '2026-07-23 10:11:34', '83', 'Import otomatis dokumen pembelajaran SMP final.'),
('116', 'SMP IX AQIDAH & AKHLAK', 'Dokumen pembelajaran SMP final untuk Al Khawarizmi. File asli: SMP IX AQIDAH & AKHLAK.xlsx. Kategori: Program Tahunan/Semester. Checksum SHA-256: 2263f29245fb39fb4453e1d453e79608c9dbd92e57d88056a13ee155b5c2e487.', 'materi-smp/kelas-9/SMP IX AQIDAH & AKHLAK.xlsx', 'dokumen_pembelajaran_smp', '39', '4', '8', '2026-07-23 10:11:34', '2026-07-23 10:11:34', 'approved', NULL, NULL, NULL, 'program_tahunan_semester', 'SMPDOC-2263F29245FB-9A', 'Dokumen asli dari folder MATERI SMP AL AZHAR. File tidak dikonversi dan tidak diubah.', '2026/2027', 'Ganjil & Genap', '1', '2026-07-23 10:11:34', '2026-07-23 10:11:34', '83', 'Import otomatis dokumen pembelajaran SMP final.'),
('117', 'SMP IX AQIDAH & AKHLAK', 'Dokumen pembelajaran SMP final untuk Fatimah Al Fihri. File asli: SMP IX AQIDAH & AKHLAK.xlsx. Kategori: Program Tahunan/Semester. Checksum SHA-256: 2263f29245fb39fb4453e1d453e79608c9dbd92e57d88056a13ee155b5c2e487.', 'materi-smp/kelas-9/SMP IX AQIDAH & AKHLAK.xlsx', 'dokumen_pembelajaran_smp', '39', '5', '8', '2026-07-23 10:11:34', '2026-07-23 10:11:34', 'approved', NULL, NULL, NULL, 'program_tahunan_semester', 'SMPDOC-2263F29245FB-9B', 'Dokumen asli dari folder MATERI SMP AL AZHAR. File tidak dikonversi dan tidak diubah.', '2026/2027', 'Ganjil & Genap', '1', '2026-07-23 10:11:34', '2026-07-23 10:11:34', '83', 'Import otomatis dokumen pembelajaran SMP final.'),
('118', 'SMP IX FIQIH', 'Dokumen pembelajaran SMP final untuk Al Khawarizmi. File asli: SMP IX FIQIH.xlsx. Kategori: Program Tahunan/Semester. Checksum SHA-256: 1edae891b39d3f8087e7e91507732c0376f4ad5c59d7681f6c7a659a65c2e507.', 'materi-smp/kelas-9/SMP IX FIQIH.xlsx', 'dokumen_pembelajaran_smp', '11', '4', '8', '2026-07-23 10:11:34', '2026-07-23 10:11:34', 'approved', NULL, NULL, NULL, 'program_tahunan_semester', 'SMPDOC-1EDAE891B39D-9A', 'Dokumen asli dari folder MATERI SMP AL AZHAR. File tidak dikonversi dan tidak diubah.', '2026/2027', 'Ganjil & Genap', '1', '2026-07-23 10:11:34', '2026-07-23 10:11:34', '83', 'Import otomatis dokumen pembelajaran SMP final.'),
('119', 'SMP IX FIQIH', 'Dokumen pembelajaran SMP final untuk Fatimah Al Fihri. File asli: SMP IX FIQIH.xlsx. Kategori: Program Tahunan/Semester. Checksum SHA-256: 1edae891b39d3f8087e7e91507732c0376f4ad5c59d7681f6c7a659a65c2e507.', 'materi-smp/kelas-9/SMP IX FIQIH.xlsx', 'dokumen_pembelajaran_smp', '11', '5', '8', '2026-07-23 10:11:34', '2026-07-23 10:11:34', 'approved', NULL, NULL, NULL, 'program_tahunan_semester', 'SMPDOC-1EDAE891B39D-9B', 'Dokumen asli dari folder MATERI SMP AL AZHAR. File tidak dikonversi dan tidak diubah.', '2026/2027', 'Ganjil & Genap', '1', '2026-07-23 10:11:34', '2026-07-23 10:11:34', '83', 'Import otomatis dokumen pembelajaran SMP final.'),
('120', 'SMP IX PJOK', 'Dokumen pembelajaran SMP final untuk Al Khawarizmi. File asli: SMP IX PJOK.xlsx. Kategori: Program Tahunan/Semester. Checksum SHA-256: 45f4ec3b6281c933159a4488fa2851eebc6f9c7dc781c32bb40cfb1f307a5085. Catatan: Mata pelajaran dari nama file berbeda dengan isi awal; klasifikasi memakai nama file eksplisit.', 'materi-smp/kelas-9/SMP IX PJOK.xlsx', 'dokumen_pembelajaran_smp', '12', '4', '2', '2026-07-23 10:11:34', '2026-07-23 10:11:34', 'approved', NULL, NULL, NULL, 'program_tahunan_semester', 'SMPDOC-45F4EC3B6281-9A', 'Dokumen asli dari folder MATERI SMP AL AZHAR. File tidak dikonversi dan tidak diubah.', '2026/2027', 'Ganjil & Genap', '1', '2026-07-23 10:11:34', '2026-07-23 10:11:34', '83', 'Import otomatis dokumen pembelajaran SMP final.'),
('121', 'SMP IX PJOK', 'Dokumen pembelajaran SMP final untuk Fatimah Al Fihri. File asli: SMP IX PJOK.xlsx. Kategori: Program Tahunan/Semester. Checksum SHA-256: 45f4ec3b6281c933159a4488fa2851eebc6f9c7dc781c32bb40cfb1f307a5085. Catatan: Mata pelajaran dari nama file berbeda dengan isi awal; klasifikasi memakai nama file eksplisit.', 'materi-smp/kelas-9/SMP IX PJOK.xlsx', 'dokumen_pembelajaran_smp', '12', '5', '2', '2026-07-23 10:11:34', '2026-07-23 10:11:34', 'approved', NULL, NULL, NULL, 'program_tahunan_semester', 'SMPDOC-45F4EC3B6281-9B', 'Dokumen asli dari folder MATERI SMP AL AZHAR. File tidak dikonversi dan tidak diubah.', '2026/2027', 'Ganjil & Genap', '1', '2026-07-23 10:11:34', '2026-07-23 10:11:34', '83', 'Import otomatis dokumen pembelajaran SMP final.'),
('122', 'SMP IX PKN', 'Dokumen pembelajaran SMP final untuk Al Khawarizmi. File asli: SMP IX PKN.xlsx. Kategori: Program Tahunan/Semester. Checksum SHA-256: 7926e7a4da1b96f5b1ddcaf81528ad8661de6eeeb95d2662da446ef375d32a19.', 'materi-smp/kelas-9/SMP IX PKN.xlsx', 'dokumen_pembelajaran_smp', '43', '4', '11', '2026-07-23 10:11:34', '2026-07-23 10:11:34', 'approved', NULL, NULL, NULL, 'program_tahunan_semester', 'SMPDOC-7926E7A4DA1B-9A', 'Dokumen asli dari folder MATERI SMP AL AZHAR. File tidak dikonversi dan tidak diubah.', '2026/2027', 'Ganjil & Genap', '1', '2026-07-23 10:11:34', '2026-07-23 10:11:34', '83', 'Import otomatis dokumen pembelajaran SMP final.'),
('123', 'SMP IX PKN', 'Dokumen pembelajaran SMP final untuk Fatimah Al Fihri. File asli: SMP IX PKN.xlsx. Kategori: Program Tahunan/Semester. Checksum SHA-256: 7926e7a4da1b96f5b1ddcaf81528ad8661de6eeeb95d2662da446ef375d32a19.', 'materi-smp/kelas-9/SMP IX PKN.xlsx', 'dokumen_pembelajaran_smp', '43', '5', '11', '2026-07-23 10:11:34', '2026-07-23 10:11:34', 'approved', NULL, NULL, NULL, 'program_tahunan_semester', 'SMPDOC-7926E7A4DA1B-9B', 'Dokumen asli dari folder MATERI SMP AL AZHAR. File tidak dikonversi dan tidak diubah.', '2026/2027', 'Ganjil & Genap', '1', '2026-07-23 10:11:34', '2026-07-23 10:11:34', '83', 'Import otomatis dokumen pembelajaran SMP final.'),
('124', 'SMP IX SENI RUPA', 'Dokumen pembelajaran SMP final untuk Al Khawarizmi. File asli: SMP IX SENI RUPA.xlsx. Kategori: Program Tahunan/Semester. Checksum SHA-256: 4bb29658c190fb8683e9cae9f84a980b48282236294746fbff4b1f457f24a606. Catatan: Mata pelajaran dari nama file berbeda dengan isi awal; klasifikasi memakai nama file eksplisit.', 'materi-smp/kelas-9/SMP IX SENI RUPA.xlsx', 'dokumen_pembelajaran_smp', '14', '4', '11', '2026-07-23 10:11:34', '2026-07-23 10:11:34', 'approved', NULL, NULL, NULL, 'program_tahunan_semester', 'SMPDOC-4BB29658C190-9A', 'Dokumen asli dari folder MATERI SMP AL AZHAR. File tidak dikonversi dan tidak diubah.', '2026/2027', 'Ganjil & Genap', '1', '2026-07-23 10:11:34', '2026-07-23 10:11:34', '83', 'Import otomatis dokumen pembelajaran SMP final.'),
('125', 'SMP IX SENI RUPA', 'Dokumen pembelajaran SMP final untuk Fatimah Al Fihri. File asli: SMP IX SENI RUPA.xlsx. Kategori: Program Tahunan/Semester. Checksum SHA-256: 4bb29658c190fb8683e9cae9f84a980b48282236294746fbff4b1f457f24a606. Catatan: Mata pelajaran dari nama file berbeda dengan isi awal; klasifikasi memakai nama file eksplisit.', 'materi-smp/kelas-9/SMP IX SENI RUPA.xlsx', 'dokumen_pembelajaran_smp', '14', '5', '11', '2026-07-23 10:11:34', '2026-07-23 10:11:34', 'approved', NULL, NULL, NULL, 'program_tahunan_semester', 'SMPDOC-4BB29658C190-9B', 'Dokumen asli dari folder MATERI SMP AL AZHAR. File tidak dikonversi dan tidak diubah.', '2026/2027', 'Ganjil & Genap', '1', '2026-07-23 10:11:34', '2026-07-23 10:11:34', '83', 'Import otomatis dokumen pembelajaran SMP final.'),
('126', 'SMP IX TEKNOLOGI DIGITAL', 'Dokumen pembelajaran SMP final untuk Al Khawarizmi. File asli: SMP IX TEKNOLOGI DIGITAL.xlsx. Kategori: Program Tahunan/Semester. Checksum SHA-256: f986a1dc50fa6c3e74dfd706fee6ecee019f9f93cf0b6cc21c221f75cdcbdd17. Catatan: Mata pelajaran dari nama file berbeda dengan isi awal; klasifikasi memakai nama file eksplisit.', 'materi-smp/kelas-9/SMP IX TEKNOLOGI DIGITAL.xlsx', 'dokumen_pembelajaran_smp', '13', '4', '2', '2026-07-23 10:11:34', '2026-07-23 10:11:34', 'approved', NULL, NULL, NULL, 'program_tahunan_semester', 'SMPDOC-F986A1DC50FA-9A', 'Dokumen asli dari folder MATERI SMP AL AZHAR. File tidak dikonversi dan tidak diubah.', '2026/2027', 'Ganjil & Genap', '1', '2026-07-23 10:11:34', '2026-07-23 10:11:34', '83', 'Import otomatis dokumen pembelajaran SMP final.'),
('127', 'SMP IX TEKNOLOGI DIGITAL', 'Dokumen pembelajaran SMP final untuk Fatimah Al Fihri. File asli: SMP IX TEKNOLOGI DIGITAL.xlsx. Kategori: Program Tahunan/Semester. Checksum SHA-256: f986a1dc50fa6c3e74dfd706fee6ecee019f9f93cf0b6cc21c221f75cdcbdd17. Catatan: Mata pelajaran dari nama file berbeda dengan isi awal; klasifikasi memakai nama file eksplisit.', 'materi-smp/kelas-9/SMP IX TEKNOLOGI DIGITAL.xlsx', 'dokumen_pembelajaran_smp', '13', '5', '2', '2026-07-23 10:11:34', '2026-07-23 10:11:34', 'approved', NULL, NULL, NULL, 'program_tahunan_semester', 'SMPDOC-F986A1DC50FA-9B', 'Dokumen asli dari folder MATERI SMP AL AZHAR. File tidak dikonversi dan tidak diubah.', '2026/2027', 'Ganjil & Genap', '1', '2026-07-23 10:11:34', '2026-07-23 10:11:34', '83', 'Import otomatis dokumen pembelajaran SMP final.'),
('128', 'SMP KELAS 9 AL QUR''AN HADITS', 'Dokumen pembelajaran SMP final untuk Al Khawarizmi. File asli: SMP KELAS 9 AL QUR''AN HADITS.xlsx. Kategori: Program Tahunan/Semester. Checksum SHA-256: 34f4e8aef6a9115993a73bcc12ba1127821211c0b9c93d0c04ccc7ce820fa0b2.', 'materi-smp/kelas-9/SMP KELAS 9 AL QUR''AN HADITS.xlsx', 'dokumen_pembelajaran_smp', '8', '4', '3', '2026-07-23 10:11:34', '2026-07-23 10:11:34', 'approved', NULL, NULL, NULL, 'program_tahunan_semester', 'SMPDOC-34F4E8AEF6A9-9A', 'Dokumen asli dari folder MATERI SMP AL AZHAR. File tidak dikonversi dan tidak diubah.', '2026/2027', 'Ganjil & Genap', '1', '2026-07-23 10:11:34', '2026-07-23 10:11:34', '83', 'Import otomatis dokumen pembelajaran SMP final.'),
('129', 'SMP KELAS 9 AL QUR''AN HADITS', 'Dokumen pembelajaran SMP final untuk Fatimah Al Fihri. File asli: SMP KELAS 9 AL QUR''AN HADITS.xlsx. Kategori: Program Tahunan/Semester. Checksum SHA-256: 34f4e8aef6a9115993a73bcc12ba1127821211c0b9c93d0c04ccc7ce820fa0b2.', 'materi-smp/kelas-9/SMP KELAS 9 AL QUR''AN HADITS.xlsx', 'dokumen_pembelajaran_smp', '8', '5', '3', '2026-07-23 10:11:34', '2026-07-23 10:11:34', 'approved', NULL, NULL, NULL, 'program_tahunan_semester', 'SMPDOC-34F4E8AEF6A9-9B', 'Dokumen asli dari folder MATERI SMP AL AZHAR. File tidak dikonversi dan tidak diubah.', '2026/2027', 'Ganjil & Genap', '1', '2026-07-23 10:11:34', '2026-07-23 10:11:34', '83', 'Import otomatis dokumen pembelajaran SMP final.'),
('130', 'SMP KELAS VIII AL QUR''AN HADITS', 'Dokumen pembelajaran SMP final untuk Ibnu Al Haytam. File asli: SMP KELAS VIII AL QUR''AN HADITS.xlsx. Kategori: Program Tahunan/Semester. Checksum SHA-256: cbded5e1dbeffa8ded085acdb1d9e3ddbf6dd41bd7d1da7cabce925fd95bdc3d.', 'materi-smp/kelas-8/SMP KELAS VIII AL QUR''AN HADITS.xlsx', 'dokumen_pembelajaran_smp', '8', '2', '3', '2026-07-23 10:11:34', '2026-07-23 10:11:34', 'approved', NULL, NULL, NULL, 'program_tahunan_semester', 'SMPDOC-CBDED5E1DBEF-8A', 'Dokumen asli dari folder MATERI SMP AL AZHAR. File tidak dikonversi dan tidak diubah.', '2026/2027', 'Ganjil & Genap', '1', '2026-07-23 10:11:34', '2026-07-23 10:11:34', '83', 'Import otomatis dokumen pembelajaran SMP final.'),
('131', 'SMP KELAS VIII AL QUR''AN HADITS', 'Dokumen pembelajaran SMP final untuk Maryam Al Ijliyah. File asli: SMP KELAS VIII AL QUR''AN HADITS.xlsx. Kategori: Program Tahunan/Semester. Checksum SHA-256: cbded5e1dbeffa8ded085acdb1d9e3ddbf6dd41bd7d1da7cabce925fd95bdc3d.', 'materi-smp/kelas-8/SMP KELAS VIII AL QUR''AN HADITS.xlsx', 'dokumen_pembelajaran_smp', '8', '3', '3', '2026-07-23 10:11:34', '2026-07-23 10:11:34', 'approved', NULL, NULL, NULL, 'program_tahunan_semester', 'SMPDOC-CBDED5E1DBEF-8B', 'Dokumen asli dari folder MATERI SMP AL AZHAR. File tidak dikonversi dan tidak diubah.', '2026/2027', 'Ganjil & Genap', '1', '2026-07-23 10:11:34', '2026-07-23 10:11:34', '83', 'Import otomatis dokumen pembelajaran SMP final.'),
('132', 'SMP VII AQIDAH & AKHLAK', 'Dokumen pembelajaran SMP final untuk Abu Bakar Ar Razi. File asli: SMP VII AQIDAH & AKHLAK.xlsx. Kategori: Program Tahunan/Semester. Checksum SHA-256: 43d1ac7165f4e69cc058babe97a23e91d0cc175839623de442c3b451a7b0596b.', 'materi-smp/kelas-7/SMP VII AQIDAH & AKHLAK.xlsx', 'dokumen_pembelajaran_smp', '39', '1', '8', '2026-07-23 10:11:34', '2026-07-23 10:11:34', 'approved', NULL, NULL, NULL, 'program_tahunan_semester', 'SMPDOC-43D1AC7165F4-7', 'Dokumen asli dari folder MATERI SMP AL AZHAR. File tidak dikonversi dan tidak diubah.', '2026/2027', 'Ganjil & Genap', '1', '2026-07-23 10:11:34', '2026-07-23 10:11:34', '83', 'Import otomatis dokumen pembelajaran SMP final.'),
('133', 'SMP VII AQIDAH & AKHLAK', 'Dokumen pembelajaran SMP final untuk Kelas 7 Demo. File asli: SMP VII AQIDAH & AKHLAK.xlsx. Kategori: Program Tahunan/Semester. Checksum SHA-256: 43d1ac7165f4e69cc058babe97a23e91d0cc175839623de442c3b451a7b0596b.', 'materi-smp/kelas-7/SMP VII AQIDAH & AKHLAK.xlsx', 'dokumen_pembelajaran_smp', '39', '6', '8', '2026-07-23 10:11:34', '2026-07-23 10:11:34', 'approved', NULL, NULL, NULL, 'program_tahunan_semester', 'SMPDOC-43D1AC7165F4-7-DEMO', 'Dokumen asli dari folder MATERI SMP AL AZHAR. File tidak dikonversi dan tidak diubah.', '2026/2027', 'Ganjil & Genap', '1', '2026-07-23 10:11:34', '2026-07-23 10:11:34', '83', 'Import otomatis dokumen pembelajaran SMP final.'),
('134', 'SMP VII B INDO', 'Dokumen pembelajaran SMP final untuk Abu Bakar Ar Razi. File asli: SMP VII B INDO.xlsx. Kategori: Program Tahunan/Semester. Checksum SHA-256: 62a51910653132c436950d7367eb6bd98b1ed734209f15aaf696a8af77a58e8c.', 'materi-smp/kelas-7/SMP VII B INDO.xlsx', 'dokumen_pembelajaran_smp', '2', '1', '3', '2026-07-23 10:11:34', '2026-07-23 10:11:34', 'approved', NULL, NULL, NULL, 'program_tahunan_semester', 'SMPDOC-62A519106531-7', 'Dokumen asli dari folder MATERI SMP AL AZHAR. File tidak dikonversi dan tidak diubah.', '2026/2027', 'Ganjil & Genap', '1', '2026-07-23 10:11:34', '2026-07-23 10:11:34', '83', 'Import otomatis dokumen pembelajaran SMP final.'),
('135', 'SMP VII B INDO', 'Dokumen pembelajaran SMP final untuk Kelas 7 Demo. File asli: SMP VII B INDO.xlsx. Kategori: Program Tahunan/Semester. Checksum SHA-256: 62a51910653132c436950d7367eb6bd98b1ed734209f15aaf696a8af77a58e8c.', 'materi-smp/kelas-7/SMP VII B INDO.xlsx', 'dokumen_pembelajaran_smp', '2', '6', '3', '2026-07-23 10:11:34', '2026-07-23 10:11:34', 'approved', NULL, NULL, NULL, 'program_tahunan_semester', 'SMPDOC-62A519106531-7-DEMO', 'Dokumen asli dari folder MATERI SMP AL AZHAR. File tidak dikonversi dan tidak diubah.', '2026/2027', 'Ganjil & Genap', '1', '2026-07-23 10:11:34', '2026-07-23 10:11:34', '83', 'Import otomatis dokumen pembelajaran SMP final.'),
('136', 'SMP VII B IPA', 'Dokumen pembelajaran SMP final untuk Abu Bakar Ar Razi. File asli: SMP VII B IPA.xlsx. Kategori: Program Tahunan/Semester. Checksum SHA-256: fb31390a80caf537ce6d4067df80f6cbe2aff4bfb3e5072a1d49641bf28f6943. Catatan: Mata pelajaran dari nama file berbeda dengan isi awal; klasifikasi memakai nama file eksplisit.', 'materi-smp/kelas-7/SMP VII B IPA.xlsx', 'dokumen_pembelajaran_smp', '5', '1', '2', '2026-07-23 10:11:34', '2026-07-23 10:11:34', 'approved', NULL, NULL, NULL, 'program_tahunan_semester', 'SMPDOC-FB31390A80CA-7', 'Dokumen asli dari folder MATERI SMP AL AZHAR. File tidak dikonversi dan tidak diubah.', '2026/2027', 'Ganjil & Genap', '1', '2026-07-23 10:11:34', '2026-07-23 10:11:34', '83', 'Import otomatis dokumen pembelajaran SMP final.'),
('137', 'SMP VII B IPA', 'Dokumen pembelajaran SMP final untuk Kelas 7 Demo. File asli: SMP VII B IPA.xlsx. Kategori: Program Tahunan/Semester. Checksum SHA-256: fb31390a80caf537ce6d4067df80f6cbe2aff4bfb3e5072a1d49641bf28f6943. Catatan: Mata pelajaran dari nama file berbeda dengan isi awal; klasifikasi memakai nama file eksplisit.', 'materi-smp/kelas-7/SMP VII B IPA.xlsx', 'dokumen_pembelajaran_smp', '5', '6', '2', '2026-07-23 10:11:34', '2026-07-23 10:11:34', 'approved', NULL, NULL, NULL, 'program_tahunan_semester', 'SMPDOC-FB31390A80CA-7-DEMO', 'Dokumen asli dari folder MATERI SMP AL AZHAR. File tidak dikonversi dan tidak diubah.', '2026/2027', 'Ganjil & Genap', '1', '2026-07-23 10:11:34', '2026-07-23 10:11:34', '83', 'Import otomatis dokumen pembelajaran SMP final.'),
('138', 'SMP VII IPS', 'Dokumen pembelajaran SMP final untuk Abu Bakar Ar Razi. File asli: SMP VII IPS.xlsx. Kategori: Program Tahunan/Semester. Checksum SHA-256: a8cf0364d3d8d41e11dd3114b56afab16b74d6b8230bd128b61dbe47156272af. Catatan: Mata pelajaran dari nama file berbeda dengan isi awal; klasifikasi memakai nama file eksplisit.', 'materi-smp/kelas-7/SMP VII IPS.xlsx', 'dokumen_pembelajaran_smp', '6', '1', '9', '2026-07-23 10:11:34', '2026-07-23 10:11:34', 'approved', NULL, NULL, NULL, 'program_tahunan_semester', 'SMPDOC-A8CF0364D3D8-7', 'Dokumen asli dari folder MATERI SMP AL AZHAR. File tidak dikonversi dan tidak diubah.', '2026/2027', 'Ganjil & Genap', '1', '2026-07-23 10:11:34', '2026-07-23 10:11:34', '83', 'Import otomatis dokumen pembelajaran SMP final.'),
('139', 'SMP VII IPS', 'Dokumen pembelajaran SMP final untuk Kelas 7 Demo. File asli: SMP VII IPS.xlsx. Kategori: Program Tahunan/Semester. Checksum SHA-256: a8cf0364d3d8d41e11dd3114b56afab16b74d6b8230bd128b61dbe47156272af. Catatan: Mata pelajaran dari nama file berbeda dengan isi awal; klasifikasi memakai nama file eksplisit.', 'materi-smp/kelas-7/SMP VII IPS.xlsx', 'dokumen_pembelajaran_smp', '6', '6', '9', '2026-07-23 10:11:34', '2026-07-23 10:11:34', 'approved', NULL, NULL, NULL, 'program_tahunan_semester', 'SMPDOC-A8CF0364D3D8-7-DEMO', 'Dokumen asli dari folder MATERI SMP AL AZHAR. File tidak dikonversi dan tidak diubah.', '2026/2027', 'Ganjil & Genap', '1', '2026-07-23 10:11:34', '2026-07-23 10:11:34', '83', 'Import otomatis dokumen pembelajaran SMP final.'),
('140', 'SMP VII MTK', 'Dokumen pembelajaran SMP final untuk Abu Bakar Ar Razi. File asli: SMP VII MTK.xlsx. Kategori: Program Tahunan/Semester. Checksum SHA-256: 7e927c94d48709b046f8c9cc44b4baec3fe0ef834ee6cba8a984d749513c4024. Catatan: Mata pelajaran dari nama file berbeda dengan isi awal; klasifikasi memakai nama file eksplisit.', 'materi-smp/kelas-7/SMP VII MTK.xlsx', 'dokumen_pembelajaran_smp', '1', '1', '7', '2026-07-23 10:11:34', '2026-07-23 10:11:34', 'approved', NULL, NULL, NULL, 'program_tahunan_semester', 'SMPDOC-7E927C94D487-7', 'Dokumen asli dari folder MATERI SMP AL AZHAR. File tidak dikonversi dan tidak diubah.', '2026/2027', 'Ganjil & Genap', '1', '2026-07-23 10:11:34', '2026-07-23 10:11:34', '83', 'Import otomatis dokumen pembelajaran SMP final.'),
('141', 'SMP VII MTK', 'Dokumen pembelajaran SMP final untuk Kelas 7 Demo. File asli: SMP VII MTK.xlsx. Kategori: Program Tahunan/Semester. Checksum SHA-256: 7e927c94d48709b046f8c9cc44b4baec3fe0ef834ee6cba8a984d749513c4024. Catatan: Mata pelajaran dari nama file berbeda dengan isi awal; klasifikasi memakai nama file eksplisit.', 'materi-smp/kelas-7/SMP VII MTK.xlsx', 'dokumen_pembelajaran_smp', '1', '6', '7', '2026-07-23 10:11:34', '2026-07-23 10:11:34', 'approved', NULL, NULL, NULL, 'program_tahunan_semester', 'SMPDOC-7E927C94D487-7-DEMO', 'Dokumen asli dari folder MATERI SMP AL AZHAR. File tidak dikonversi dan tidak diubah.', '2026/2027', 'Ganjil & Genap', '1', '2026-07-23 10:11:34', '2026-07-23 10:11:34', '83', 'Import otomatis dokumen pembelajaran SMP final.'),
('142', 'SMP VII PJOK', 'Dokumen pembelajaran SMP final untuk Abu Bakar Ar Razi. File asli: SMP VII PJOK.xlsx. Kategori: Program Tahunan/Semester. Checksum SHA-256: a6d6d4a789021bf1821d7bac8e769496aa4d513d5ff60bb4b03962b33ec36a46. Catatan: Mata pelajaran dari nama file berbeda dengan isi awal; klasifikasi memakai nama file eksplisit.', 'materi-smp/kelas-7/SMP VII PJOK.xlsx', 'dokumen_pembelajaran_smp', '12', '1', '2', '2026-07-23 10:11:34', '2026-07-23 10:11:34', 'approved', NULL, NULL, NULL, 'program_tahunan_semester', 'SMPDOC-A6D6D4A78902-7', 'Dokumen asli dari folder MATERI SMP AL AZHAR. File tidak dikonversi dan tidak diubah.', '2026/2027', 'Ganjil & Genap', '1', '2026-07-23 10:11:34', '2026-07-23 10:11:34', '83', 'Import otomatis dokumen pembelajaran SMP final.'),
('143', 'SMP VII PJOK', 'Dokumen pembelajaran SMP final untuk Kelas 7 Demo. File asli: SMP VII PJOK.xlsx. Kategori: Program Tahunan/Semester. Checksum SHA-256: a6d6d4a789021bf1821d7bac8e769496aa4d513d5ff60bb4b03962b33ec36a46. Catatan: Mata pelajaran dari nama file berbeda dengan isi awal; klasifikasi memakai nama file eksplisit.', 'materi-smp/kelas-7/SMP VII PJOK.xlsx', 'dokumen_pembelajaran_smp', '12', '6', '2', '2026-07-23 10:11:34', '2026-07-23 10:11:34', 'approved', NULL, NULL, NULL, 'program_tahunan_semester', 'SMPDOC-A6D6D4A78902-7-DEMO', 'Dokumen asli dari folder MATERI SMP AL AZHAR. File tidak dikonversi dan tidak diubah.', '2026/2027', 'Ganjil & Genap', '1', '2026-07-23 10:11:34', '2026-07-23 10:11:34', '83', 'Import otomatis dokumen pembelajaran SMP final.'),
('144', 'SMP VII PKN', 'Dokumen pembelajaran SMP final untuk Abu Bakar Ar Razi. File asli: SMP VII PKN.xlsx. Kategori: Program Tahunan/Semester. Checksum SHA-256: 9e0cf0bcd025939a502eecb1bcfcfd3cde49df03b71fb5ba89d4aaddadbf36b3.', 'materi-smp/kelas-7/SMP VII PKN.xlsx', 'dokumen_pembelajaran_smp', '43', '1', '11', '2026-07-23 10:11:34', '2026-07-23 10:11:34', 'approved', NULL, NULL, NULL, 'program_tahunan_semester', 'SMPDOC-9E0CF0BCD025-7', 'Dokumen asli dari folder MATERI SMP AL AZHAR. File tidak dikonversi dan tidak diubah.', '2026/2027', 'Ganjil & Genap', '1', '2026-07-23 10:11:34', '2026-07-23 10:11:34', '83', 'Import otomatis dokumen pembelajaran SMP final.'),
('145', 'SMP VII PKN', 'Dokumen pembelajaran SMP final untuk Kelas 7 Demo. File asli: SMP VII PKN.xlsx. Kategori: Program Tahunan/Semester. Checksum SHA-256: 9e0cf0bcd025939a502eecb1bcfcfd3cde49df03b71fb5ba89d4aaddadbf36b3.', 'materi-smp/kelas-7/SMP VII PKN.xlsx', 'dokumen_pembelajaran_smp', '43', '6', '11', '2026-07-23 10:11:34', '2026-07-23 10:11:34', 'approved', NULL, NULL, NULL, 'program_tahunan_semester', 'SMPDOC-9E0CF0BCD025-7-DEMO', 'Dokumen asli dari folder MATERI SMP AL AZHAR. File tidak dikonversi dan tidak diubah.', '2026/2027', 'Ganjil & Genap', '1', '2026-07-23 10:11:34', '2026-07-23 10:11:34', '83', 'Import otomatis dokumen pembelajaran SMP final.'),
('146', 'SMP VII SENBUD DAN PRAKARYA', 'Dokumen pembelajaran SMP final untuk Abu Bakar Ar Razi. File asli: SMP VII SENBUD DAN PRAKARYA.xlsx. Kategori: Program Tahunan/Semester. Checksum SHA-256: 6d10f14069d6d4a68b12c1f61ff2647912be3836eb735a7921ac929704fefec5. Catatan: Mata pelajaran dari nama file berbeda dengan isi awal; klasifikasi memakai nama file eksplisit.', 'materi-smp/kelas-7/SMP VII SENBUD DAN PRAKARYA.xlsx', 'dokumen_pembelajaran_smp', '15', '1', '11', '2026-07-23 10:11:34', '2026-07-23 10:11:34', 'approved', NULL, NULL, NULL, 'program_tahunan_semester', 'SMPDOC-6D10F14069D6-7', 'Dokumen asli dari folder MATERI SMP AL AZHAR. File tidak dikonversi dan tidak diubah.', '2026/2027', 'Ganjil & Genap', '1', '2026-07-23 10:11:34', '2026-07-23 10:11:34', '83', 'Import otomatis dokumen pembelajaran SMP final.'),
('147', 'SMP VII SENBUD DAN PRAKARYA', 'Dokumen pembelajaran SMP final untuk Kelas 7 Demo. File asli: SMP VII SENBUD DAN PRAKARYA.xlsx. Kategori: Program Tahunan/Semester. Checksum SHA-256: 6d10f14069d6d4a68b12c1f61ff2647912be3836eb735a7921ac929704fefec5. Catatan: Mata pelajaran dari nama file berbeda dengan isi awal; klasifikasi memakai nama file eksplisit.', 'materi-smp/kelas-7/SMP VII SENBUD DAN PRAKARYA.xlsx', 'dokumen_pembelajaran_smp', '15', '6', '11', '2026-07-23 10:11:34', '2026-07-23 10:11:34', 'approved', NULL, NULL, NULL, 'program_tahunan_semester', 'SMPDOC-6D10F14069D6-7-DEMO', 'Dokumen asli dari folder MATERI SMP AL AZHAR. File tidak dikonversi dan tidak diubah.', '2026/2027', 'Ganjil & Genap', '1', '2026-07-23 10:11:34', '2026-07-23 10:11:34', '83', 'Import otomatis dokumen pembelajaran SMP final.'),
('148', 'SMP VII TEKNOLOGI DIGITAL', 'Dokumen pembelajaran SMP final untuk Abu Bakar Ar Razi. File asli: SMP VII TEKNOLOGI DIGITAL.xlsx. Kategori: Program Tahunan/Semester. Checksum SHA-256: b21444a08602507446d64db6682d643540d155e655147c5e5cae812cc380869e. Catatan: Mata pelajaran dari nama file berbeda dengan isi awal; klasifikasi memakai nama file eksplisit.', 'materi-smp/kelas-7/SMP VII TEKNOLOGI DIGITAL.xlsx', 'dokumen_pembelajaran_smp', '13', '1', '2', '2026-07-23 10:11:34', '2026-07-23 10:11:34', 'approved', NULL, NULL, NULL, 'program_tahunan_semester', 'SMPDOC-B21444A08602-7', 'Dokumen asli dari folder MATERI SMP AL AZHAR. File tidak dikonversi dan tidak diubah.', '2026/2027', 'Ganjil & Genap', '1', '2026-07-23 10:11:34', '2026-07-23 10:11:34', '83', 'Import otomatis dokumen pembelajaran SMP final.'),
('149', 'SMP VII TEKNOLOGI DIGITAL', 'Dokumen pembelajaran SMP final untuk Kelas 7 Demo. File asli: SMP VII TEKNOLOGI DIGITAL.xlsx. Kategori: Program Tahunan/Semester. Checksum SHA-256: b21444a08602507446d64db6682d643540d155e655147c5e5cae812cc380869e. Catatan: Mata pelajaran dari nama file berbeda dengan isi awal; klasifikasi memakai nama file eksplisit.', 'materi-smp/kelas-7/SMP VII TEKNOLOGI DIGITAL.xlsx', 'dokumen_pembelajaran_smp', '13', '6', '2', '2026-07-23 10:11:34', '2026-07-23 10:11:34', 'approved', NULL, NULL, NULL, 'program_tahunan_semester', 'SMPDOC-B21444A08602-7-DEMO', 'Dokumen asli dari folder MATERI SMP AL AZHAR. File tidak dikonversi dan tidak diubah.', '2026/2027', 'Ganjil & Genap', '1', '2026-07-23 10:11:34', '2026-07-23 10:11:34', '83', 'Import otomatis dokumen pembelajaran SMP final.'),
('150', 'SMP VIII AQIDAH & AKHLAK', 'Dokumen pembelajaran SMP final untuk Ibnu Al Haytam. File asli: SMP VIII AQIDAH & AKHLAK.xlsx. Kategori: Program Tahunan/Semester. Checksum SHA-256: c4ef779a23d4c241d5d9733f34addff6192c1b3374ba32249238f091a8c30d76.', 'materi-smp/kelas-8/SMP VIII AQIDAH & AKHLAK.xlsx', 'dokumen_pembelajaran_smp', '39', '2', '8', '2026-07-23 10:11:34', '2026-07-23 10:11:34', 'approved', NULL, NULL, NULL, 'program_tahunan_semester', 'SMPDOC-C4EF779A23D4-8A', 'Dokumen asli dari folder MATERI SMP AL AZHAR. File tidak dikonversi dan tidak diubah.', '2026/2027', 'Ganjil & Genap', '1', '2026-07-23 10:11:34', '2026-07-23 10:11:34', '83', 'Import otomatis dokumen pembelajaran SMP final.'),
('151', 'SMP VIII AQIDAH & AKHLAK', 'Dokumen pembelajaran SMP final untuk Maryam Al Ijliyah. File asli: SMP VIII AQIDAH & AKHLAK.xlsx. Kategori: Program Tahunan/Semester. Checksum SHA-256: c4ef779a23d4c241d5d9733f34addff6192c1b3374ba32249238f091a8c30d76.', 'materi-smp/kelas-8/SMP VIII AQIDAH & AKHLAK.xlsx', 'dokumen_pembelajaran_smp', '39', '3', '8', '2026-07-23 10:11:34', '2026-07-23 10:11:34', 'approved', NULL, NULL, NULL, 'program_tahunan_semester', 'SMPDOC-C4EF779A23D4-8B', 'Dokumen asli dari folder MATERI SMP AL AZHAR. File tidak dikonversi dan tidak diubah.', '2026/2027', 'Ganjil & Genap', '1', '2026-07-23 10:11:34', '2026-07-23 10:11:34', '83', 'Import otomatis dokumen pembelajaran SMP final.'),
('152', 'SMP VIII B INDO', 'Dokumen pembelajaran SMP final untuk Ibnu Al Haytam. File asli: SMP VIII B INDO.xlsx. Kategori: Program Tahunan/Semester. Checksum SHA-256: 438711578e9c1d7c932cdfac19d00911edb83c93ec5da8f46b374e71bf2b2c59.', 'materi-smp/kelas-8/SMP VIII B INDO.xlsx', 'dokumen_pembelajaran_smp', '2', '2', '3', '2026-07-23 10:11:34', '2026-07-23 10:11:34', 'approved', NULL, NULL, NULL, 'program_tahunan_semester', 'SMPDOC-438711578E9C-8A', 'Dokumen asli dari folder MATERI SMP AL AZHAR. File tidak dikonversi dan tidak diubah.', '2026/2027', 'Ganjil & Genap', '1', '2026-07-23 10:11:34', '2026-07-23 10:11:34', '83', 'Import otomatis dokumen pembelajaran SMP final.'),
('153', 'SMP VIII B INDO', 'Dokumen pembelajaran SMP final untuk Maryam Al Ijliyah. File asli: SMP VIII B INDO.xlsx. Kategori: Program Tahunan/Semester. Checksum SHA-256: 438711578e9c1d7c932cdfac19d00911edb83c93ec5da8f46b374e71bf2b2c59.', 'materi-smp/kelas-8/SMP VIII B INDO.xlsx', 'dokumen_pembelajaran_smp', '2', '3', '3', '2026-07-23 10:11:34', '2026-07-23 10:11:34', 'approved', NULL, NULL, NULL, 'program_tahunan_semester', 'SMPDOC-438711578E9C-8B', 'Dokumen asli dari folder MATERI SMP AL AZHAR. File tidak dikonversi dan tidak diubah.', '2026/2027', 'Ganjil & Genap', '1', '2026-07-23 10:11:34', '2026-07-23 10:11:34', '83', 'Import otomatis dokumen pembelajaran SMP final.'),
('154', 'SMP VIII DIGITAL TEKNOLOGI', 'Dokumen pembelajaran SMP final untuk Ibnu Al Haytam. File asli: SMP VIII DIGITAL TEKNOLOGI.xlsx. Kategori: Program Tahunan/Semester. Checksum SHA-256: 3224aba64fd62a71df125359d0121689cf4ef503891495faa7bf89e660ec114c. Catatan: Mata pelajaran dari nama file berbeda dengan isi awal; klasifikasi memakai nama file eksplisit.', 'materi-smp/kelas-8/SMP VIII DIGITAL TEKNOLOGI.xlsx', 'dokumen_pembelajaran_smp', '13', '2', '2', '2026-07-23 10:11:34', '2026-07-23 10:11:34', 'approved', NULL, NULL, NULL, 'program_tahunan_semester', 'SMPDOC-3224ABA64FD6-8A', 'Dokumen asli dari folder MATERI SMP AL AZHAR. File tidak dikonversi dan tidak diubah.', '2026/2027', 'Ganjil & Genap', '1', '2026-07-23 10:11:34', '2026-07-23 10:11:34', '83', 'Import otomatis dokumen pembelajaran SMP final.'),
('155', 'SMP VIII DIGITAL TEKNOLOGI', 'Dokumen pembelajaran SMP final untuk Maryam Al Ijliyah. File asli: SMP VIII DIGITAL TEKNOLOGI.xlsx. Kategori: Program Tahunan/Semester. Checksum SHA-256: 3224aba64fd62a71df125359d0121689cf4ef503891495faa7bf89e660ec114c. Catatan: Mata pelajaran dari nama file berbeda dengan isi awal; klasifikasi memakai nama file eksplisit.', 'materi-smp/kelas-8/SMP VIII DIGITAL TEKNOLOGI.xlsx', 'dokumen_pembelajaran_smp', '13', '3', '2', '2026-07-23 10:11:34', '2026-07-23 10:11:34', 'approved', NULL, NULL, NULL, 'program_tahunan_semester', 'SMPDOC-3224ABA64FD6-8B', 'Dokumen asli dari folder MATERI SMP AL AZHAR. File tidak dikonversi dan tidak diubah.', '2026/2027', 'Ganjil & Genap', '1', '2026-07-23 10:11:34', '2026-07-23 10:11:34', '83', 'Import otomatis dokumen pembelajaran SMP final.'),
('156', 'SMP VIII IPA', 'Dokumen pembelajaran SMP final untuk Ibnu Al Haytam. File asli: SMP VIII IPA.xlsx. Kategori: Program Tahunan/Semester. Checksum SHA-256: 165755676177f5fe0d75a6de548fb3d7b7d5038a8f1d79cf7e6d35af1beb0e70. Catatan: Mata pelajaran dari nama file berbeda dengan isi awal; klasifikasi memakai nama file eksplisit.', 'materi-smp/kelas-8/SMP VIII IPA.xlsx', 'dokumen_pembelajaran_smp', '5', '2', '2', '2026-07-23 10:11:34', '2026-07-23 10:11:34', 'approved', NULL, NULL, NULL, 'program_tahunan_semester', 'SMPDOC-165755676177-8A', 'Dokumen asli dari folder MATERI SMP AL AZHAR. File tidak dikonversi dan tidak diubah.', '2026/2027', 'Ganjil & Genap', '1', '2026-07-23 10:11:34', '2026-07-23 10:11:34', '83', 'Import otomatis dokumen pembelajaran SMP final.'),
('157', 'SMP VIII IPA', 'Dokumen pembelajaran SMP final untuk Maryam Al Ijliyah. File asli: SMP VIII IPA.xlsx. Kategori: Program Tahunan/Semester. Checksum SHA-256: 165755676177f5fe0d75a6de548fb3d7b7d5038a8f1d79cf7e6d35af1beb0e70. Catatan: Mata pelajaran dari nama file berbeda dengan isi awal; klasifikasi memakai nama file eksplisit.', 'materi-smp/kelas-8/SMP VIII IPA.xlsx', 'dokumen_pembelajaran_smp', '5', '3', '2', '2026-07-23 10:11:34', '2026-07-23 10:11:34', 'approved', NULL, NULL, NULL, 'program_tahunan_semester', 'SMPDOC-165755676177-8B', 'Dokumen asli dari folder MATERI SMP AL AZHAR. File tidak dikonversi dan tidak diubah.', '2026/2027', 'Ganjil & Genap', '1', '2026-07-23 10:11:34', '2026-07-23 10:11:34', '83', 'Import otomatis dokumen pembelajaran SMP final.'),
('158', 'SMP VIII IPS', 'Dokumen pembelajaran SMP final untuk Ibnu Al Haytam. File asli: SMP VIII IPS.xlsx. Kategori: Program Tahunan/Semester. Checksum SHA-256: 5b5a37a00072bf693c97e2328de40715eb2db5f330b020f93a3b5a5aab3cbab4. Catatan: Mata pelajaran dari nama file berbeda dengan isi awal; klasifikasi memakai nama file eksplisit.', 'materi-smp/kelas-8/SMP VIII IPS.xlsx', 'dokumen_pembelajaran_smp', '6', '2', '9', '2026-07-23 10:11:34', '2026-07-23 10:11:34', 'approved', NULL, NULL, NULL, 'program_tahunan_semester', 'SMPDOC-5B5A37A00072-8A', 'Dokumen asli dari folder MATERI SMP AL AZHAR. File tidak dikonversi dan tidak diubah.', '2026/2027', 'Ganjil & Genap', '1', '2026-07-23 10:11:34', '2026-07-23 10:11:34', '83', 'Import otomatis dokumen pembelajaran SMP final.'),
('159', 'SMP VIII IPS', 'Dokumen pembelajaran SMP final untuk Maryam Al Ijliyah. File asli: SMP VIII IPS.xlsx. Kategori: Program Tahunan/Semester. Checksum SHA-256: 5b5a37a00072bf693c97e2328de40715eb2db5f330b020f93a3b5a5aab3cbab4. Catatan: Mata pelajaran dari nama file berbeda dengan isi awal; klasifikasi memakai nama file eksplisit.', 'materi-smp/kelas-8/SMP VIII IPS.xlsx', 'dokumen_pembelajaran_smp', '6', '3', '9', '2026-07-23 10:11:34', '2026-07-23 10:11:34', 'approved', NULL, NULL, NULL, 'program_tahunan_semester', 'SMPDOC-5B5A37A00072-8B', 'Dokumen asli dari folder MATERI SMP AL AZHAR. File tidak dikonversi dan tidak diubah.', '2026/2027', 'Ganjil & Genap', '1', '2026-07-23 10:11:34', '2026-07-23 10:11:34', '83', 'Import otomatis dokumen pembelajaran SMP final.'),
('160', 'SMP VIII PJOK', 'Dokumen pembelajaran SMP final untuk Ibnu Al Haytam. File asli: SMP VIII PJOK.xlsx. Kategori: Program Tahunan/Semester. Checksum SHA-256: 1b2bfe286df5275564d12292b6cf91714fdf32b2fbc0b7b0171d348d6193582a. Catatan: Mata pelajaran dari nama file berbeda dengan isi awal; klasifikasi memakai nama file eksplisit.', 'materi-smp/kelas-8/SMP VIII PJOK.xlsx', 'dokumen_pembelajaran_smp', '12', '2', '2', '2026-07-23 10:11:34', '2026-07-23 10:11:34', 'approved', NULL, NULL, NULL, 'program_tahunan_semester', 'SMPDOC-1B2BFE286DF5-8A', 'Dokumen asli dari folder MATERI SMP AL AZHAR. File tidak dikonversi dan tidak diubah.', '2026/2027', 'Ganjil & Genap', '1', '2026-07-23 10:11:34', '2026-07-23 10:11:34', '83', 'Import otomatis dokumen pembelajaran SMP final.'),
('161', 'SMP VIII PJOK', 'Dokumen pembelajaran SMP final untuk Maryam Al Ijliyah. File asli: SMP VIII PJOK.xlsx. Kategori: Program Tahunan/Semester. Checksum SHA-256: 1b2bfe286df5275564d12292b6cf91714fdf32b2fbc0b7b0171d348d6193582a. Catatan: Mata pelajaran dari nama file berbeda dengan isi awal; klasifikasi memakai nama file eksplisit.', 'materi-smp/kelas-8/SMP VIII PJOK.xlsx', 'dokumen_pembelajaran_smp', '12', '3', '2', '2026-07-23 10:11:34', '2026-07-23 10:11:34', 'approved', NULL, NULL, NULL, 'program_tahunan_semester', 'SMPDOC-1B2BFE286DF5-8B', 'Dokumen asli dari folder MATERI SMP AL AZHAR. File tidak dikonversi dan tidak diubah.', '2026/2027', 'Ganjil & Genap', '1', '2026-07-23 10:11:34', '2026-07-23 10:11:34', '83', 'Import otomatis dokumen pembelajaran SMP final.'),
('162', 'SMP VIII PKN', 'Dokumen pembelajaran SMP final untuk Ibnu Al Haytam. File asli: SMP VIII PKN.xlsx. Kategori: Program Tahunan/Semester. Checksum SHA-256: 9dcff67422ec28ca81e8533bacea8d8e3af2b5bd6ec9f1037f9dbba88f7b4c56.', 'materi-smp/kelas-8/SMP VIII PKN.xlsx', 'dokumen_pembelajaran_smp', '43', '2', '11', '2026-07-23 10:11:34', '2026-07-23 10:11:34', 'approved', NULL, NULL, NULL, 'program_tahunan_semester', 'SMPDOC-9DCFF67422EC-8A', 'Dokumen asli dari folder MATERI SMP AL AZHAR. File tidak dikonversi dan tidak diubah.', '2026/2027', 'Ganjil & Genap', '1', '2026-07-23 10:11:34', '2026-07-23 10:11:34', '83', 'Import otomatis dokumen pembelajaran SMP final.'),
('163', 'SMP VIII PKN', 'Dokumen pembelajaran SMP final untuk Maryam Al Ijliyah. File asli: SMP VIII PKN.xlsx. Kategori: Program Tahunan/Semester. Checksum SHA-256: 9dcff67422ec28ca81e8533bacea8d8e3af2b5bd6ec9f1037f9dbba88f7b4c56.', 'materi-smp/kelas-8/SMP VIII PKN.xlsx', 'dokumen_pembelajaran_smp', '43', '3', '11', '2026-07-23 10:11:34', '2026-07-23 10:11:34', 'approved', NULL, NULL, NULL, 'program_tahunan_semester', 'SMPDOC-9DCFF67422EC-8B', 'Dokumen asli dari folder MATERI SMP AL AZHAR. File tidak dikonversi dan tidak diubah.', '2026/2027', 'Ganjil & Genap', '1', '2026-07-23 10:11:34', '2026-07-23 10:11:34', '83', 'Import otomatis dokumen pembelajaran SMP final.'),
('164', 'SMP XI B. INDO', 'Dokumen pembelajaran SMP final untuk Al Khawarizmi. File asli: SMP XI B. INDO.xlsx. Kategori: Program Tahunan/Semester. Checksum SHA-256: 22e8fd620d2a8822176726bbf62efdc52aaeadee3ef1ee331f660a66dfa90376. Catatan: Nama file memakai angka Romawi di luar kelas SMP; isi dokumen dipakai untuk kelas. Mapel/kelas dikonfirmasi dari isi dokumen.', 'materi-smp/kelas-9/SMP XI B. INDO.xlsx', 'dokumen_pembelajaran_smp', '2', '4', '3', '2026-07-23 10:11:34', '2026-07-23 10:11:34', 'approved', NULL, NULL, NULL, 'program_tahunan_semester', 'SMPDOC-22E8FD620D2A-9A', 'Dokumen asli dari folder MATERI SMP AL AZHAR. File tidak dikonversi dan tidak diubah.', '2026/2027', 'Ganjil & Genap', '1', '2026-07-23 10:11:34', '2026-07-23 10:11:34', '83', 'Import otomatis dokumen pembelajaran SMP final.'),
('165', 'SMP XI B. INDO', 'Dokumen pembelajaran SMP final untuk Fatimah Al Fihri. File asli: SMP XI B. INDO.xlsx. Kategori: Program Tahunan/Semester. Checksum SHA-256: 22e8fd620d2a8822176726bbf62efdc52aaeadee3ef1ee331f660a66dfa90376. Catatan: Nama file memakai angka Romawi di luar kelas SMP; isi dokumen dipakai untuk kelas. Mapel/kelas dikonfirmasi dari isi dokumen.', 'materi-smp/kelas-9/SMP XI B. INDO.xlsx', 'dokumen_pembelajaran_smp', '2', '5', '3', '2026-07-23 10:11:34', '2026-07-23 10:11:34', 'approved', NULL, NULL, NULL, 'program_tahunan_semester', 'SMPDOC-22E8FD620D2A-9B', 'Dokumen asli dari folder MATERI SMP AL AZHAR. File tidak dikonversi dan tidak diubah.', '2026/2027', 'Ganjil & Genap', '1', '2026-07-23 10:11:34', '2026-07-23 10:11:34', '83', 'Import otomatis dokumen pembelajaran SMP final.'),
('166', 'SMP XI IPA', 'Dokumen pembelajaran SMP final untuk Al Khawarizmi. File asli: SMP XI IPA.xlsx. Kategori: Program Tahunan/Semester. Checksum SHA-256: fa27f7ea5f1473ea14bd6f8ef26bc3f74f75411a402efb0ac2638fdd4f6e1c09. Catatan: Nama file memakai angka Romawi di luar kelas SMP; isi dokumen dipakai untuk kelas. Mapel/kelas dikonfirmasi dari isi dokumen. Mata pelajaran dari nama file berbeda dengan isi awal; klasifikasi memakai nama file eksplisit.', 'materi-smp/kelas-9/SMP XI IPA.xlsx', 'dokumen_pembelajaran_smp', '5', '4', '2', '2026-07-23 10:11:34', '2026-07-23 10:11:34', 'approved', NULL, NULL, NULL, 'program_tahunan_semester', 'SMPDOC-FA27F7EA5F14-9A', 'Dokumen asli dari folder MATERI SMP AL AZHAR. File tidak dikonversi dan tidak diubah.', '2026/2027', 'Ganjil & Genap', '1', '2026-07-23 10:11:34', '2026-07-23 10:11:34', '83', 'Import otomatis dokumen pembelajaran SMP final.'),
('167', 'SMP XI IPA', 'Dokumen pembelajaran SMP final untuk Fatimah Al Fihri. File asli: SMP XI IPA.xlsx. Kategori: Program Tahunan/Semester. Checksum SHA-256: fa27f7ea5f1473ea14bd6f8ef26bc3f74f75411a402efb0ac2638fdd4f6e1c09. Catatan: Nama file memakai angka Romawi di luar kelas SMP; isi dokumen dipakai untuk kelas. Mapel/kelas dikonfirmasi dari isi dokumen. Mata pelajaran dari nama file berbeda dengan isi awal; klasifikasi memakai nama file eksplisit.', 'materi-smp/kelas-9/SMP XI IPA.xlsx', 'dokumen_pembelajaran_smp', '5', '5', '2', '2026-07-23 10:11:34', '2026-07-23 10:11:34', 'approved', NULL, NULL, NULL, 'program_tahunan_semester', 'SMPDOC-FA27F7EA5F14-9B', 'Dokumen asli dari folder MATERI SMP AL AZHAR. File tidak dikonversi dan tidak diubah.', '2026/2027', 'Ganjil & Genap', '1', '2026-07-23 10:11:34', '2026-07-23 10:11:34', '83', 'Import otomatis dokumen pembelajaran SMP final.'),
('168', 'SMP XI IPS', 'Dokumen pembelajaran SMP final untuk Al Khawarizmi. File asli: SMP XI IPS.xlsx. Kategori: Program Tahunan/Semester. Checksum SHA-256: 3335328e7ec8f1e81bc7886dde8d8dc391a2d9fe2587202da3f9ae93d4e5e36e. Catatan: Nama file memakai angka Romawi di luar kelas SMP; isi dokumen dipakai untuk kelas. Mapel/kelas dikonfirmasi dari isi dokumen. Mata pelajaran dari nama file berbeda dengan isi awal; klasifikasi memakai nama file eksplisit.', 'materi-smp/kelas-9/SMP XI IPS.xlsx', 'dokumen_pembelajaran_smp', '6', '4', '9', '2026-07-23 10:11:34', '2026-07-23 10:11:34', 'approved', NULL, NULL, NULL, 'program_tahunan_semester', 'SMPDOC-3335328E7EC8-9A', 'Dokumen asli dari folder MATERI SMP AL AZHAR. File tidak dikonversi dan tidak diubah.', '2026/2027', 'Ganjil & Genap', '1', '2026-07-23 10:11:34', '2026-07-23 10:11:34', '83', 'Import otomatis dokumen pembelajaran SMP final.'),
('169', 'SMP XI IPS', 'Dokumen pembelajaran SMP final untuk Fatimah Al Fihri. File asli: SMP XI IPS.xlsx. Kategori: Program Tahunan/Semester. Checksum SHA-256: 3335328e7ec8f1e81bc7886dde8d8dc391a2d9fe2587202da3f9ae93d4e5e36e. Catatan: Nama file memakai angka Romawi di luar kelas SMP; isi dokumen dipakai untuk kelas. Mapel/kelas dikonfirmasi dari isi dokumen. Mata pelajaran dari nama file berbeda dengan isi awal; klasifikasi memakai nama file eksplisit.', 'materi-smp/kelas-9/SMP XI IPS.xlsx', 'dokumen_pembelajaran_smp', '6', '5', '9', '2026-07-23 10:11:34', '2026-07-23 10:11:34', 'approved', NULL, NULL, NULL, 'program_tahunan_semester', 'SMPDOC-3335328E7EC8-9B', 'Dokumen asli dari folder MATERI SMP AL AZHAR. File tidak dikonversi dan tidak diubah.', '2026/2027', 'Ganjil & Genap', '1', '2026-07-23 10:11:34', '2026-07-23 10:11:34', '83', 'Import otomatis dokumen pembelajaran SMP final.'),
('170', 'SMP XI MTK', 'Dokumen pembelajaran SMP final untuk Al Khawarizmi. File asli: SMP XI MTK.xlsx. Kategori: Program Tahunan/Semester. Checksum SHA-256: da3018676018514829fb7f09dbfd909f5cc0eb00a97b2d7af359bf5a35f5e9db. Catatan: Nama file memakai angka Romawi di luar kelas SMP; isi dokumen dipakai untuk kelas. Mapel/kelas dikonfirmasi dari isi dokumen. Mata pelajaran dari nama file berbeda dengan isi awal; klasifikasi memakai nama file eksplisit.', 'materi-smp/kelas-9/SMP XI MTK.xlsx', 'dokumen_pembelajaran_smp', '1', '4', '7', '2026-07-23 10:11:34', '2026-07-23 10:11:34', 'approved', NULL, NULL, NULL, 'program_tahunan_semester', 'SMPDOC-DA3018676018-9A', 'Dokumen asli dari folder MATERI SMP AL AZHAR. File tidak dikonversi dan tidak diubah.', '2026/2027', 'Ganjil & Genap', '1', '2026-07-23 10:11:34', '2026-07-23 10:11:34', '83', 'Import otomatis dokumen pembelajaran SMP final.'),
('171', 'SMP XI MTK', 'Dokumen pembelajaran SMP final untuk Fatimah Al Fihri. File asli: SMP XI MTK.xlsx. Kategori: Program Tahunan/Semester. Checksum SHA-256: da3018676018514829fb7f09dbfd909f5cc0eb00a97b2d7af359bf5a35f5e9db. Catatan: Nama file memakai angka Romawi di luar kelas SMP; isi dokumen dipakai untuk kelas. Mapel/kelas dikonfirmasi dari isi dokumen. Mata pelajaran dari nama file berbeda dengan isi awal; klasifikasi memakai nama file eksplisit.', 'materi-smp/kelas-9/SMP XI MTK.xlsx', 'dokumen_pembelajaran_smp', '1', '5', '7', '2026-07-23 10:11:34', '2026-07-23 10:11:34', 'approved', NULL, NULL, NULL, 'program_tahunan_semester', 'SMPDOC-DA3018676018-9B', 'Dokumen asli dari folder MATERI SMP AL AZHAR. File tidak dikonversi dan tidak diubah.', '2026/2027', 'Ganjil & Genap', '1', '2026-07-23 10:11:34', '2026-07-23 10:11:34', '83', 'Import otomatis dokumen pembelajaran SMP final.'),
('172', 'SMP XII FIQIH', 'Dokumen pembelajaran SMP final untuk Abu Bakar Ar Razi. File asli: SMP XII FIQIH.xlsx. Kategori: Program Tahunan/Semester. Checksum SHA-256: f1c2ce6074e58141fdc3100ca2b2f5261f02a12cf83551b6423c3a8766d2e67e. Catatan: Nama file memakai angka Romawi di luar kelas SMP; isi dokumen dipakai untuk kelas. Mapel/kelas dikonfirmasi dari isi dokumen.', 'materi-smp/kelas-7/SMP XII FIQIH.xlsx', 'dokumen_pembelajaran_smp', '11', '1', '8', '2026-07-23 10:11:34', '2026-07-23 10:11:34', 'approved', NULL, NULL, NULL, 'program_tahunan_semester', 'SMPDOC-F1C2CE6074E5-7', 'Dokumen asli dari folder MATERI SMP AL AZHAR. File tidak dikonversi dan tidak diubah.', '2026/2027', 'Ganjil & Genap', '1', '2026-07-23 10:11:34', '2026-07-23 10:11:34', '83', 'Import otomatis dokumen pembelajaran SMP final.'),
('173', 'SMP XII FIQIH', 'Dokumen pembelajaran SMP final untuk Kelas 7 Demo. File asli: SMP XII FIQIH.xlsx. Kategori: Program Tahunan/Semester. Checksum SHA-256: f1c2ce6074e58141fdc3100ca2b2f5261f02a12cf83551b6423c3a8766d2e67e. Catatan: Nama file memakai angka Romawi di luar kelas SMP; isi dokumen dipakai untuk kelas. Mapel/kelas dikonfirmasi dari isi dokumen.', 'materi-smp/kelas-7/SMP XII FIQIH.xlsx', 'dokumen_pembelajaran_smp', '11', '6', '8', '2026-07-23 10:11:34', '2026-07-23 10:11:34', 'approved', NULL, NULL, NULL, 'program_tahunan_semester', 'SMPDOC-F1C2CE6074E5-7-DEMO', 'Dokumen asli dari folder MATERI SMP AL AZHAR. File tidak dikonversi dan tidak diubah.', '2026/2027', 'Ganjil & Genap', '1', '2026-07-23 10:11:34', '2026-07-23 10:11:34', '83', 'Import otomatis dokumen pembelajaran SMP final.'),
('174', 'SMP XIII FIQIH', 'Dokumen pembelajaran SMP final untuk Ibnu Al Haytam. File asli: SMP XIII FIQIH.xlsx. Kategori: Program Tahunan/Semester. Checksum SHA-256: dcbd3c5ec636ccb6469c87f1e73e0b179bae5e00285d9382e1f9dfe0a96d306a. Catatan: Nama file memakai angka Romawi di luar kelas SMP; isi dokumen dipakai untuk kelas. Mapel/kelas dikonfirmasi dari isi dokumen.', 'materi-smp/kelas-8/SMP XIII FIQIH.xlsx', 'dokumen_pembelajaran_smp', '11', '2', '8', '2026-07-23 10:11:34', '2026-07-23 10:11:34', 'approved', NULL, NULL, NULL, 'program_tahunan_semester', 'SMPDOC-DCBD3C5EC636-8A', 'Dokumen asli dari folder MATERI SMP AL AZHAR. File tidak dikonversi dan tidak diubah.', '2026/2027', 'Ganjil & Genap', '1', '2026-07-23 10:11:34', '2026-07-23 10:11:34', '83', 'Import otomatis dokumen pembelajaran SMP final.'),
('175', 'SMP XIII FIQIH', 'Dokumen pembelajaran SMP final untuk Maryam Al Ijliyah. File asli: SMP XIII FIQIH.xlsx. Kategori: Program Tahunan/Semester. Checksum SHA-256: dcbd3c5ec636ccb6469c87f1e73e0b179bae5e00285d9382e1f9dfe0a96d306a. Catatan: Nama file memakai angka Romawi di luar kelas SMP; isi dokumen dipakai untuk kelas. Mapel/kelas dikonfirmasi dari isi dokumen.', 'materi-smp/kelas-8/SMP XIII FIQIH.xlsx', 'dokumen_pembelajaran_smp', '11', '3', '8', '2026-07-23 10:11:34', '2026-07-23 10:11:34', 'approved', NULL, NULL, NULL, 'program_tahunan_semester', 'SMPDOC-DCBD3C5EC636-8B', 'Dokumen asli dari folder MATERI SMP AL AZHAR. File tidak dikonversi dan tidak diubah.', '2026/2027', 'Ganjil & Genap', '1', '2026-07-23 10:11:34', '2026-07-23 10:11:34', '83', 'Import otomatis dokumen pembelajaran SMP final.'),
('176', 'Tanpa judul', 'Dokumen pembelajaran SMP final untuk Al Khawarizmi. File asli: Tanpa judul.docx. Kategori: Soal Latihan. Checksum SHA-256: b9dd9f819544de1fdd4e1b75931e32c69fc313aea1091d6674900d8dd888d9a5. Catatan: Mapel/kelas dikonfirmasi dari isi dokumen.', 'materi-smp/kelas-9/Tanpa judul.docx', 'dokumen_pembelajaran_smp', '2', '4', '3', '2026-07-23 10:11:34', '2026-07-23 10:11:34', 'approved', NULL, NULL, NULL, 'soal_latihan', 'SMPDOC-B9DD9F819544-9A', 'Dokumen asli dari folder MATERI SMP AL AZHAR. File tidak dikonversi dan tidak diubah.', '2026/2027', 'Ganjil & Genap', '1', '2026-07-23 10:11:34', '2026-07-23 10:11:34', '83', 'Import otomatis dokumen pembelajaran SMP final.'),
('177', 'Tanpa judul', 'Dokumen pembelajaran SMP final untuk Fatimah Al Fihri. File asli: Tanpa judul.docx. Kategori: Soal Latihan. Checksum SHA-256: b9dd9f819544de1fdd4e1b75931e32c69fc313aea1091d6674900d8dd888d9a5. Catatan: Mapel/kelas dikonfirmasi dari isi dokumen.', 'materi-smp/kelas-9/Tanpa judul.docx', 'dokumen_pembelajaran_smp', '2', '5', '3', '2026-07-23 10:11:34', '2026-07-23 10:11:34', 'approved', NULL, NULL, NULL, 'soal_latihan', 'SMPDOC-B9DD9F819544-9B', 'Dokumen asli dari folder MATERI SMP AL AZHAR. File tidak dikonversi dan tidak diubah.', '2026/2027', 'Ganjil & Genap', '1', '2026-07-23 10:11:34', '2026-07-23 10:11:34', '83', 'Import otomatis dokumen pembelajaran SMP final.');

DROP TABLE IF EXISTS `materi_approval_histories`;
CREATE TABLE `materi_approval_histories` (
  `id` bigint unsigned NOT NULL AUTO_INCREMENT,
  `materi_id` bigint unsigned NOT NULL,
  `actor_id` bigint unsigned NULL,
  `action` varchar(255) NOT NULL,
  `status_from` varchar(255) NULL,
  `status_to` varchar(255) NOT NULL,
  `catatan` text NULL,
  `created_at` datetime NULL,
  `updated_at` datetime NULL,
  PRIMARY KEY (`id`),
  KEY `materi_approval_histories_actor_id_action_index` (`actor_id`, `action`),
  KEY `materi_approval_histories_materi_id_created_at_index` (`materi_id`, `created_at`)
) ENGINE=InnoDB DEFAULT CHARSET=utf8mb4 COLLATE=utf8mb4_unicode_ci;

INSERT INTO `materi_approval_histories` (`id`, `materi_id`, `actor_id`, `action`, `status_from`, `status_to`, `catatan`, `created_at`, `updated_at`) VALUES
('1', '1', '78', 'created', NULL, 'draft', 'Seeder Demo', '2026-07-23 10:11:32', '2026-07-23 10:11:32'),
('2', '2', '78', 'submitted', NULL, 'pending', 'Seeder Demo', '2026-07-23 10:11:32', '2026-07-23 10:11:32'),
('3', '3', '78', 'submitted', NULL, 'pending', 'Seeder Demo', '2026-07-23 10:11:32', '2026-07-23 10:11:32'),
('4', '3', '78', 'approved', 'pending', 'approved', 'Seeder Demo approved', '2026-07-23 10:11:32', '2026-07-23 10:11:32'),
('5', '4', '83', 'imported', NULL, 'approved', 'Seeder import dokumen SMP dari file asli.', '2026-07-23 10:11:33', '2026-07-23 10:11:33'),
('6', '5', '83', 'imported', NULL, 'approved', 'Seeder import dokumen SMP dari file asli.', '2026-07-23 10:11:33', '2026-07-23 10:11:33'),
('7', '6', '83', 'imported', NULL, 'approved', 'Seeder import dokumen SMP dari file asli.', '2026-07-23 10:11:33', '2026-07-23 10:11:33'),
('8', '7', '83', 'imported', NULL, 'approved', 'Seeder import dokumen SMP dari file asli.', '2026-07-23 10:11:33', '2026-07-23 10:11:33'),
('9', '8', '83', 'imported', NULL, 'approved', 'Seeder import dokumen SMP dari file asli.', '2026-07-23 10:11:33', '2026-07-23 10:11:33'),
('10', '9', '83', 'imported', NULL, 'approved', 'Seeder import dokumen SMP dari file asli.', '2026-07-23 10:11:33', '2026-07-23 10:11:33'),
('11', '10', '83', 'imported', NULL, 'approved', 'Seeder import dokumen SMP dari file asli.', '2026-07-23 10:11:33', '2026-07-23 10:11:33'),
('12', '11', '83', 'imported', NULL, 'approved', 'Seeder import dokumen SMP dari file asli.', '2026-07-23 10:11:34', '2026-07-23 10:11:34'),
('13', '12', '83', 'imported', NULL, 'approved', 'Seeder import dokumen SMP dari file asli.', '2026-07-23 10:11:34', '2026-07-23 10:11:34'),
('14', '13', '83', 'imported', NULL, 'approved', 'Seeder import dokumen SMP dari file asli.', '2026-07-23 10:11:34', '2026-07-23 10:11:34'),
('15', '14', '83', 'imported', NULL, 'approved', 'Seeder import dokumen SMP dari file asli.', '2026-07-23 10:11:34', '2026-07-23 10:11:34'),
('16', '15', '83', 'imported', NULL, 'approved', 'Seeder import dokumen SMP dari file asli.', '2026-07-23 10:11:34', '2026-07-23 10:11:34'),
('17', '16', '83', 'imported', NULL, 'approved', 'Seeder import dokumen SMP dari file asli.', '2026-07-23 10:11:34', '2026-07-23 10:11:34'),
('18', '17', '83', 'imported', NULL, 'approved', 'Seeder import dokumen SMP dari file asli.', '2026-07-23 10:11:34', '2026-07-23 10:11:34'),
('19', '18', '83', 'imported', NULL, 'approved', 'Seeder import dokumen SMP dari file asli.', '2026-07-23 10:11:34', '2026-07-23 10:11:34'),
('20', '19', '83', 'imported', NULL, 'approved', 'Seeder import dokumen SMP dari file asli.', '2026-07-23 10:11:34', '2026-07-23 10:11:34'),
('21', '20', '83', 'imported', NULL, 'approved', 'Seeder import dokumen SMP dari file asli.', '2026-07-23 10:11:34', '2026-07-23 10:11:34'),
('22', '21', '83', 'imported', NULL, 'approved', 'Seeder import dokumen SMP dari file asli.', '2026-07-23 10:11:34', '2026-07-23 10:11:34'),
('23', '22', '83', 'imported', NULL, 'approved', 'Seeder import dokumen SMP dari file asli.', '2026-07-23 10:11:34', '2026-07-23 10:11:34'),
('24', '23', '83', 'imported', NULL, 'approved', 'Seeder import dokumen SMP dari file asli.', '2026-07-23 10:11:34', '2026-07-23 10:11:34'),
('25', '24', '83', 'imported', NULL, 'approved', 'Seeder import dokumen SMP dari file asli.', '2026-07-23 10:11:34', '2026-07-23 10:11:34'),
('26', '25', '83', 'imported', NULL, 'approved', 'Seeder import dokumen SMP dari file asli.', '2026-07-23 10:11:34', '2026-07-23 10:11:34'),
('27', '26', '83', 'imported', NULL, 'approved', 'Seeder import dokumen SMP dari file asli.', '2026-07-23 10:11:34', '2026-07-23 10:11:34'),
('28', '27', '83', 'imported', NULL, 'approved', 'Seeder import dokumen SMP dari file asli.', '2026-07-23 10:11:34', '2026-07-23 10:11:34'),
('29', '28', '83', 'imported', NULL, 'approved', 'Seeder import dokumen SMP dari file asli.', '2026-07-23 10:11:34', '2026-07-23 10:11:34'),
('30', '29', '83', 'imported', NULL, 'approved', 'Seeder import dokumen SMP dari file asli.', '2026-07-23 10:11:34', '2026-07-23 10:11:34'),
('31', '30', '83', 'imported', NULL, 'approved', 'Seeder import dokumen SMP dari file asli.', '2026-07-23 10:11:34', '2026-07-23 10:11:34'),
('32', '31', '83', 'imported', NULL, 'approved', 'Seeder import dokumen SMP dari file asli.', '2026-07-23 10:11:34', '2026-07-23 10:11:34'),
('33', '32', '83', 'imported', NULL, 'approved', 'Seeder import dokumen SMP dari file asli.', '2026-07-23 10:11:34', '2026-07-23 10:11:34'),
('34', '33', '83', 'imported', NULL, 'approved', 'Seeder import dokumen SMP dari file asli.', '2026-07-23 10:11:34', '2026-07-23 10:11:34'),
('35', '34', '83', 'imported', NULL, 'approved', 'Seeder import dokumen SMP dari file asli.', '2026-07-23 10:11:34', '2026-07-23 10:11:34'),
('36', '35', '83', 'imported', NULL, 'approved', 'Seeder import dokumen SMP dari file asli.', '2026-07-23 10:11:34', '2026-07-23 10:11:34'),
('37', '36', '83', 'imported', NULL, 'approved', 'Seeder import dokumen SMP dari file asli.', '2026-07-23 10:11:34', '2026-07-23 10:11:34'),
('38', '37', '83', 'imported', NULL, 'approved', 'Seeder import dokumen SMP dari file asli.', '2026-07-23 10:11:34', '2026-07-23 10:11:34'),
('39', '38', '83', 'imported', NULL, 'approved', 'Seeder import dokumen SMP dari file asli.', '2026-07-23 10:11:34', '2026-07-23 10:11:34'),
('40', '39', '83', 'imported', NULL, 'approved', 'Seeder import dokumen SMP dari file asli.', '2026-07-23 10:11:34', '2026-07-23 10:11:34'),
('41', '40', '83', 'imported', NULL, 'approved', 'Seeder import dokumen SMP dari file asli.', '2026-07-23 10:11:34', '2026-07-23 10:11:34'),
('42', '41', '83', 'imported', NULL, 'approved', 'Seeder import dokumen SMP dari file asli.', '2026-07-23 10:11:34', '2026-07-23 10:11:34'),
('43', '42', '83', 'imported', NULL, 'approved', 'Seeder import dokumen SMP dari file asli.', '2026-07-23 10:11:34', '2026-07-23 10:11:34'),
('44', '43', '83', 'imported', NULL, 'approved', 'Seeder import dokumen SMP dari file asli.', '2026-07-23 10:11:34', '2026-07-23 10:11:34'),
('45', '44', '83', 'imported', NULL, 'approved', 'Seeder import dokumen SMP dari file asli.', '2026-07-23 10:11:34', '2026-07-23 10:11:34'),
('46', '45', '83', 'imported', NULL, 'approved', 'Seeder import dokumen SMP dari file asli.', '2026-07-23 10:11:34', '2026-07-23 10:11:34'),
('47', '46', '83', 'imported', NULL, 'approved', 'Seeder import dokumen SMP dari file asli.', '2026-07-23 10:11:34', '2026-07-23 10:11:34'),
('48', '47', '83', 'imported', NULL, 'approved', 'Seeder import dokumen SMP dari file asli.', '2026-07-23 10:11:34', '2026-07-23 10:11:34'),
('49', '48', '83', 'imported', NULL, 'approved', 'Seeder import dokumen SMP dari file asli.', '2026-07-23 10:11:34', '2026-07-23 10:11:34'),
('50', '49', '83', 'imported', NULL, 'approved', 'Seeder import dokumen SMP dari file asli.', '2026-07-23 10:11:34', '2026-07-23 10:11:34'),
('51', '50', '83', 'imported', NULL, 'approved', 'Seeder import dokumen SMP dari file asli.', '2026-07-23 10:11:34', '2026-07-23 10:11:34'),
('52', '51', '83', 'imported', NULL, 'approved', 'Seeder import dokumen SMP dari file asli.', '2026-07-23 10:11:34', '2026-07-23 10:11:34'),
('53', '52', '83', 'imported', NULL, 'approved', 'Seeder import dokumen SMP dari file asli.', '2026-07-23 10:11:34', '2026-07-23 10:11:34'),
('54', '53', '83', 'imported', NULL, 'approved', 'Seeder import dokumen SMP dari file asli.', '2026-07-23 10:11:34', '2026-07-23 10:11:34'),
('55', '54', '83', 'imported', NULL, 'approved', 'Seeder import dokumen SMP dari file asli.', '2026-07-23 10:11:34', '2026-07-23 10:11:34'),
('56', '55', '83', 'imported', NULL, 'approved', 'Seeder import dokumen SMP dari file asli.', '2026-07-23 10:11:34', '2026-07-23 10:11:34'),
('57', '56', '83', 'imported', NULL, 'approved', 'Seeder import dokumen SMP dari file asli.', '2026-07-23 10:11:34', '2026-07-23 10:11:34'),
('58', '57', '83', 'imported', NULL, 'approved', 'Seeder import dokumen SMP dari file asli.', '2026-07-23 10:11:34', '2026-07-23 10:11:34'),
('59', '58', '83', 'imported', NULL, 'approved', 'Seeder import dokumen SMP dari file asli.', '2026-07-23 10:11:34', '2026-07-23 10:11:34'),
('60', '59', '83', 'imported', NULL, 'approved', 'Seeder import dokumen SMP dari file asli.', '2026-07-23 10:11:34', '2026-07-23 10:11:34'),
('61', '60', '83', 'imported', NULL, 'approved', 'Seeder import dokumen SMP dari file asli.', '2026-07-23 10:11:34', '2026-07-23 10:11:34'),
('62', '61', '83', 'imported', NULL, 'approved', 'Seeder import dokumen SMP dari file asli.', '2026-07-23 10:11:34', '2026-07-23 10:11:34'),
('63', '62', '83', 'imported', NULL, 'approved', 'Seeder import dokumen SMP dari file asli.', '2026-07-23 10:11:34', '2026-07-23 10:11:34'),
('64', '63', '83', 'imported', NULL, 'approved', 'Seeder import dokumen SMP dari file asli.', '2026-07-23 10:11:34', '2026-07-23 10:11:34'),
('65', '64', '83', 'imported', NULL, 'approved', 'Seeder import dokumen SMP dari file asli.', '2026-07-23 10:11:34', '2026-07-23 10:11:34'),
('66', '65', '83', 'imported', NULL, 'approved', 'Seeder import dokumen SMP dari file asli.', '2026-07-23 10:11:34', '2026-07-23 10:11:34'),
('67', '66', '83', 'imported', NULL, 'approved', 'Seeder import dokumen SMP dari file asli.', '2026-07-23 10:11:34', '2026-07-23 10:11:34'),
('68', '67', '83', 'imported', NULL, 'approved', 'Seeder import dokumen SMP dari file asli.', '2026-07-23 10:11:34', '2026-07-23 10:11:34'),
('69', '68', '83', 'imported', NULL, 'approved', 'Seeder import dokumen SMP dari file asli.', '2026-07-23 10:11:34', '2026-07-23 10:11:34'),
('70', '69', '83', 'imported', NULL, 'approved', 'Seeder import dokumen SMP dari file asli.', '2026-07-23 10:11:34', '2026-07-23 10:11:34'),
('71', '70', '83', 'imported', NULL, 'approved', 'Seeder import dokumen SMP dari file asli.', '2026-07-23 10:11:34', '2026-07-23 10:11:34'),
('72', '71', '83', 'imported', NULL, 'approved', 'Seeder import dokumen SMP dari file asli.', '2026-07-23 10:11:34', '2026-07-23 10:11:34'),
('73', '72', '83', 'imported', NULL, 'approved', 'Seeder import dokumen SMP dari file asli.', '2026-07-23 10:11:34', '2026-07-23 10:11:34'),
('74', '73', '83', 'imported', NULL, 'approved', 'Seeder import dokumen SMP dari file asli.', '2026-07-23 10:11:34', '2026-07-23 10:11:34'),
('75', '74', '83', 'imported', NULL, 'approved', 'Seeder import dokumen SMP dari file asli.', '2026-07-23 10:11:34', '2026-07-23 10:11:34'),
('76', '75', '83', 'imported', NULL, 'approved', 'Seeder import dokumen SMP dari file asli.', '2026-07-23 10:11:34', '2026-07-23 10:11:34'),
('77', '76', '83', 'imported', NULL, 'approved', 'Seeder import dokumen SMP dari file asli.', '2026-07-23 10:11:34', '2026-07-23 10:11:34'),
('78', '77', '83', 'imported', NULL, 'approved', 'Seeder import dokumen SMP dari file asli.', '2026-07-23 10:11:34', '2026-07-23 10:11:34'),
('79', '78', '83', 'imported', NULL, 'approved', 'Seeder import dokumen SMP dari file asli.', '2026-07-23 10:11:34', '2026-07-23 10:11:34'),
('80', '79', '83', 'imported', NULL, 'approved', 'Seeder import dokumen SMP dari file asli.', '2026-07-23 10:11:34', '2026-07-23 10:11:34'),
('81', '80', '83', 'imported', NULL, 'approved', 'Seeder import dokumen SMP dari file asli.', '2026-07-23 10:11:34', '2026-07-23 10:11:34'),
('82', '81', '83', 'imported', NULL, 'approved', 'Seeder import dokumen SMP dari file asli.', '2026-07-23 10:11:34', '2026-07-23 10:11:34'),
('83', '82', '83', 'imported', NULL, 'approved', 'Seeder import dokumen SMP dari file asli.', '2026-07-23 10:11:34', '2026-07-23 10:11:34'),
('84', '83', '83', 'imported', NULL, 'approved', 'Seeder import dokumen SMP dari file asli.', '2026-07-23 10:11:34', '2026-07-23 10:11:34'),
('85', '84', '83', 'imported', NULL, 'approved', 'Seeder import dokumen SMP dari file asli.', '2026-07-23 10:11:34', '2026-07-23 10:11:34'),
('86', '85', '83', 'imported', NULL, 'approved', 'Seeder import dokumen SMP dari file asli.', '2026-07-23 10:11:34', '2026-07-23 10:11:34'),
('87', '86', '83', 'imported', NULL, 'approved', 'Seeder import dokumen SMP dari file asli.', '2026-07-23 10:11:34', '2026-07-23 10:11:34'),
('88', '87', '83', 'imported', NULL, 'approved', 'Seeder import dokumen SMP dari file asli.', '2026-07-23 10:11:34', '2026-07-23 10:11:34'),
('89', '88', '83', 'imported', NULL, 'approved', 'Seeder import dokumen SMP dari file asli.', '2026-07-23 10:11:34', '2026-07-23 10:11:34'),
('90', '89', '83', 'imported', NULL, 'approved', 'Seeder import dokumen SMP dari file asli.', '2026-07-23 10:11:34', '2026-07-23 10:11:34'),
('91', '90', '83', 'imported', NULL, 'approved', 'Seeder import dokumen SMP dari file asli.', '2026-07-23 10:11:34', '2026-07-23 10:11:34'),
('92', '91', '83', 'imported', NULL, 'approved', 'Seeder import dokumen SMP dari file asli.', '2026-07-23 10:11:34', '2026-07-23 10:11:34'),
('93', '92', '83', 'imported', NULL, 'approved', 'Seeder import dokumen SMP dari file asli.', '2026-07-23 10:11:34', '2026-07-23 10:11:34'),
('94', '93', '83', 'imported', NULL, 'approved', 'Seeder import dokumen SMP dari file asli.', '2026-07-23 10:11:34', '2026-07-23 10:11:34'),
('95', '94', '83', 'imported', NULL, 'approved', 'Seeder import dokumen SMP dari file asli.', '2026-07-23 10:11:34', '2026-07-23 10:11:34'),
('96', '95', '83', 'imported', NULL, 'approved', 'Seeder import dokumen SMP dari file asli.', '2026-07-23 10:11:34', '2026-07-23 10:11:34'),
('97', '96', '83', 'imported', NULL, 'approved', 'Seeder import dokumen SMP dari file asli.', '2026-07-23 10:11:34', '2026-07-23 10:11:34'),
('98', '97', '83', 'imported', NULL, 'approved', 'Seeder import dokumen SMP dari file asli.', '2026-07-23 10:11:34', '2026-07-23 10:11:34'),
('99', '98', '83', 'imported', NULL, 'approved', 'Seeder import dokumen SMP dari file asli.', '2026-07-23 10:11:34', '2026-07-23 10:11:34'),
('100', '99', '83', 'imported', NULL, 'approved', 'Seeder import dokumen SMP dari file asli.', '2026-07-23 10:11:34', '2026-07-23 10:11:34');
INSERT INTO `materi_approval_histories` (`id`, `materi_id`, `actor_id`, `action`, `status_from`, `status_to`, `catatan`, `created_at`, `updated_at`) VALUES
('101', '100', '83', 'imported', NULL, 'approved', 'Seeder import dokumen SMP dari file asli.', '2026-07-23 10:11:34', '2026-07-23 10:11:34'),
('102', '101', '83', 'imported', NULL, 'approved', 'Seeder import dokumen SMP dari file asli.', '2026-07-23 10:11:34', '2026-07-23 10:11:34'),
('103', '102', '83', 'imported', NULL, 'approved', 'Seeder import dokumen SMP dari file asli.', '2026-07-23 10:11:34', '2026-07-23 10:11:34'),
('104', '103', '83', 'imported', NULL, 'approved', 'Seeder import dokumen SMP dari file asli.', '2026-07-23 10:11:34', '2026-07-23 10:11:34'),
('105', '104', '83', 'imported', NULL, 'approved', 'Seeder import dokumen SMP dari file asli.', '2026-07-23 10:11:34', '2026-07-23 10:11:34'),
('106', '105', '83', 'imported', NULL, 'approved', 'Seeder import dokumen SMP dari file asli.', '2026-07-23 10:11:34', '2026-07-23 10:11:34'),
('107', '106', '83', 'imported', NULL, 'approved', 'Seeder import dokumen SMP dari file asli.', '2026-07-23 10:11:34', '2026-07-23 10:11:34'),
('108', '107', '83', 'imported', NULL, 'approved', 'Seeder import dokumen SMP dari file asli.', '2026-07-23 10:11:34', '2026-07-23 10:11:34'),
('109', '108', '83', 'imported', NULL, 'approved', 'Seeder import dokumen SMP dari file asli.', '2026-07-23 10:11:34', '2026-07-23 10:11:34'),
('110', '109', '83', 'imported', NULL, 'approved', 'Seeder import dokumen SMP dari file asli.', '2026-07-23 10:11:34', '2026-07-23 10:11:34'),
('111', '110', '83', 'imported', NULL, 'approved', 'Seeder import dokumen SMP dari file asli.', '2026-07-23 10:11:34', '2026-07-23 10:11:34'),
('112', '111', '83', 'imported', NULL, 'approved', 'Seeder import dokumen SMP dari file asli.', '2026-07-23 10:11:34', '2026-07-23 10:11:34'),
('113', '112', '83', 'imported', NULL, 'approved', 'Seeder import dokumen SMP dari file asli.', '2026-07-23 10:11:34', '2026-07-23 10:11:34'),
('114', '113', '83', 'imported', NULL, 'approved', 'Seeder import dokumen SMP dari file asli.', '2026-07-23 10:11:34', '2026-07-23 10:11:34'),
('115', '114', '83', 'imported', NULL, 'approved', 'Seeder import dokumen SMP dari file asli.', '2026-07-23 10:11:34', '2026-07-23 10:11:34'),
('116', '115', '83', 'imported', NULL, 'approved', 'Seeder import dokumen SMP dari file asli.', '2026-07-23 10:11:34', '2026-07-23 10:11:34'),
('117', '116', '83', 'imported', NULL, 'approved', 'Seeder import dokumen SMP dari file asli.', '2026-07-23 10:11:34', '2026-07-23 10:11:34'),
('118', '117', '83', 'imported', NULL, 'approved', 'Seeder import dokumen SMP dari file asli.', '2026-07-23 10:11:34', '2026-07-23 10:11:34'),
('119', '118', '83', 'imported', NULL, 'approved', 'Seeder import dokumen SMP dari file asli.', '2026-07-23 10:11:34', '2026-07-23 10:11:34'),
('120', '119', '83', 'imported', NULL, 'approved', 'Seeder import dokumen SMP dari file asli.', '2026-07-23 10:11:34', '2026-07-23 10:11:34'),
('121', '120', '83', 'imported', NULL, 'approved', 'Seeder import dokumen SMP dari file asli.', '2026-07-23 10:11:34', '2026-07-23 10:11:34'),
('122', '121', '83', 'imported', NULL, 'approved', 'Seeder import dokumen SMP dari file asli.', '2026-07-23 10:11:34', '2026-07-23 10:11:34'),
('123', '122', '83', 'imported', NULL, 'approved', 'Seeder import dokumen SMP dari file asli.', '2026-07-23 10:11:34', '2026-07-23 10:11:34'),
('124', '123', '83', 'imported', NULL, 'approved', 'Seeder import dokumen SMP dari file asli.', '2026-07-23 10:11:34', '2026-07-23 10:11:34'),
('125', '124', '83', 'imported', NULL, 'approved', 'Seeder import dokumen SMP dari file asli.', '2026-07-23 10:11:34', '2026-07-23 10:11:34'),
('126', '125', '83', 'imported', NULL, 'approved', 'Seeder import dokumen SMP dari file asli.', '2026-07-23 10:11:34', '2026-07-23 10:11:34'),
('127', '126', '83', 'imported', NULL, 'approved', 'Seeder import dokumen SMP dari file asli.', '2026-07-23 10:11:34', '2026-07-23 10:11:34'),
('128', '127', '83', 'imported', NULL, 'approved', 'Seeder import dokumen SMP dari file asli.', '2026-07-23 10:11:34', '2026-07-23 10:11:34'),
('129', '128', '83', 'imported', NULL, 'approved', 'Seeder import dokumen SMP dari file asli.', '2026-07-23 10:11:34', '2026-07-23 10:11:34'),
('130', '129', '83', 'imported', NULL, 'approved', 'Seeder import dokumen SMP dari file asli.', '2026-07-23 10:11:34', '2026-07-23 10:11:34'),
('131', '130', '83', 'imported', NULL, 'approved', 'Seeder import dokumen SMP dari file asli.', '2026-07-23 10:11:34', '2026-07-23 10:11:34'),
('132', '131', '83', 'imported', NULL, 'approved', 'Seeder import dokumen SMP dari file asli.', '2026-07-23 10:11:34', '2026-07-23 10:11:34'),
('133', '132', '83', 'imported', NULL, 'approved', 'Seeder import dokumen SMP dari file asli.', '2026-07-23 10:11:34', '2026-07-23 10:11:34'),
('134', '133', '83', 'imported', NULL, 'approved', 'Seeder import dokumen SMP dari file asli.', '2026-07-23 10:11:34', '2026-07-23 10:11:34'),
('135', '134', '83', 'imported', NULL, 'approved', 'Seeder import dokumen SMP dari file asli.', '2026-07-23 10:11:34', '2026-07-23 10:11:34'),
('136', '135', '83', 'imported', NULL, 'approved', 'Seeder import dokumen SMP dari file asli.', '2026-07-23 10:11:34', '2026-07-23 10:11:34'),
('137', '136', '83', 'imported', NULL, 'approved', 'Seeder import dokumen SMP dari file asli.', '2026-07-23 10:11:34', '2026-07-23 10:11:34'),
('138', '137', '83', 'imported', NULL, 'approved', 'Seeder import dokumen SMP dari file asli.', '2026-07-23 10:11:34', '2026-07-23 10:11:34'),
('139', '138', '83', 'imported', NULL, 'approved', 'Seeder import dokumen SMP dari file asli.', '2026-07-23 10:11:34', '2026-07-23 10:11:34'),
('140', '139', '83', 'imported', NULL, 'approved', 'Seeder import dokumen SMP dari file asli.', '2026-07-23 10:11:34', '2026-07-23 10:11:34'),
('141', '140', '83', 'imported', NULL, 'approved', 'Seeder import dokumen SMP dari file asli.', '2026-07-23 10:11:34', '2026-07-23 10:11:34'),
('142', '141', '83', 'imported', NULL, 'approved', 'Seeder import dokumen SMP dari file asli.', '2026-07-23 10:11:34', '2026-07-23 10:11:34'),
('143', '142', '83', 'imported', NULL, 'approved', 'Seeder import dokumen SMP dari file asli.', '2026-07-23 10:11:34', '2026-07-23 10:11:34'),
('144', '143', '83', 'imported', NULL, 'approved', 'Seeder import dokumen SMP dari file asli.', '2026-07-23 10:11:34', '2026-07-23 10:11:34'),
('145', '144', '83', 'imported', NULL, 'approved', 'Seeder import dokumen SMP dari file asli.', '2026-07-23 10:11:34', '2026-07-23 10:11:34'),
('146', '145', '83', 'imported', NULL, 'approved', 'Seeder import dokumen SMP dari file asli.', '2026-07-23 10:11:34', '2026-07-23 10:11:34'),
('147', '146', '83', 'imported', NULL, 'approved', 'Seeder import dokumen SMP dari file asli.', '2026-07-23 10:11:34', '2026-07-23 10:11:34'),
('148', '147', '83', 'imported', NULL, 'approved', 'Seeder import dokumen SMP dari file asli.', '2026-07-23 10:11:34', '2026-07-23 10:11:34'),
('149', '148', '83', 'imported', NULL, 'approved', 'Seeder import dokumen SMP dari file asli.', '2026-07-23 10:11:34', '2026-07-23 10:11:34'),
('150', '149', '83', 'imported', NULL, 'approved', 'Seeder import dokumen SMP dari file asli.', '2026-07-23 10:11:34', '2026-07-23 10:11:34'),
('151', '150', '83', 'imported', NULL, 'approved', 'Seeder import dokumen SMP dari file asli.', '2026-07-23 10:11:34', '2026-07-23 10:11:34'),
('152', '151', '83', 'imported', NULL, 'approved', 'Seeder import dokumen SMP dari file asli.', '2026-07-23 10:11:34', '2026-07-23 10:11:34'),
('153', '152', '83', 'imported', NULL, 'approved', 'Seeder import dokumen SMP dari file asli.', '2026-07-23 10:11:34', '2026-07-23 10:11:34'),
('154', '153', '83', 'imported', NULL, 'approved', 'Seeder import dokumen SMP dari file asli.', '2026-07-23 10:11:34', '2026-07-23 10:11:34'),
('155', '154', '83', 'imported', NULL, 'approved', 'Seeder import dokumen SMP dari file asli.', '2026-07-23 10:11:34', '2026-07-23 10:11:34'),
('156', '155', '83', 'imported', NULL, 'approved', 'Seeder import dokumen SMP dari file asli.', '2026-07-23 10:11:34', '2026-07-23 10:11:34'),
('157', '156', '83', 'imported', NULL, 'approved', 'Seeder import dokumen SMP dari file asli.', '2026-07-23 10:11:34', '2026-07-23 10:11:34'),
('158', '157', '83', 'imported', NULL, 'approved', 'Seeder import dokumen SMP dari file asli.', '2026-07-23 10:11:34', '2026-07-23 10:11:34'),
('159', '158', '83', 'imported', NULL, 'approved', 'Seeder import dokumen SMP dari file asli.', '2026-07-23 10:11:34', '2026-07-23 10:11:34'),
('160', '159', '83', 'imported', NULL, 'approved', 'Seeder import dokumen SMP dari file asli.', '2026-07-23 10:11:34', '2026-07-23 10:11:34'),
('161', '160', '83', 'imported', NULL, 'approved', 'Seeder import dokumen SMP dari file asli.', '2026-07-23 10:11:34', '2026-07-23 10:11:34'),
('162', '161', '83', 'imported', NULL, 'approved', 'Seeder import dokumen SMP dari file asli.', '2026-07-23 10:11:34', '2026-07-23 10:11:34'),
('163', '162', '83', 'imported', NULL, 'approved', 'Seeder import dokumen SMP dari file asli.', '2026-07-23 10:11:34', '2026-07-23 10:11:34'),
('164', '163', '83', 'imported', NULL, 'approved', 'Seeder import dokumen SMP dari file asli.', '2026-07-23 10:11:34', '2026-07-23 10:11:34'),
('165', '164', '83', 'imported', NULL, 'approved', 'Seeder import dokumen SMP dari file asli.', '2026-07-23 10:11:34', '2026-07-23 10:11:34'),
('166', '165', '83', 'imported', NULL, 'approved', 'Seeder import dokumen SMP dari file asli.', '2026-07-23 10:11:34', '2026-07-23 10:11:34'),
('167', '166', '83', 'imported', NULL, 'approved', 'Seeder import dokumen SMP dari file asli.', '2026-07-23 10:11:34', '2026-07-23 10:11:34'),
('168', '167', '83', 'imported', NULL, 'approved', 'Seeder import dokumen SMP dari file asli.', '2026-07-23 10:11:34', '2026-07-23 10:11:34'),
('169', '168', '83', 'imported', NULL, 'approved', 'Seeder import dokumen SMP dari file asli.', '2026-07-23 10:11:34', '2026-07-23 10:11:34'),
('170', '169', '83', 'imported', NULL, 'approved', 'Seeder import dokumen SMP dari file asli.', '2026-07-23 10:11:34', '2026-07-23 10:11:34'),
('171', '170', '83', 'imported', NULL, 'approved', 'Seeder import dokumen SMP dari file asli.', '2026-07-23 10:11:34', '2026-07-23 10:11:34'),
('172', '171', '83', 'imported', NULL, 'approved', 'Seeder import dokumen SMP dari file asli.', '2026-07-23 10:11:34', '2026-07-23 10:11:34'),
('173', '172', '83', 'imported', NULL, 'approved', 'Seeder import dokumen SMP dari file asli.', '2026-07-23 10:11:34', '2026-07-23 10:11:34'),
('174', '173', '83', 'imported', NULL, 'approved', 'Seeder import dokumen SMP dari file asli.', '2026-07-23 10:11:34', '2026-07-23 10:11:34'),
('175', '174', '83', 'imported', NULL, 'approved', 'Seeder import dokumen SMP dari file asli.', '2026-07-23 10:11:34', '2026-07-23 10:11:34'),
('176', '175', '83', 'imported', NULL, 'approved', 'Seeder import dokumen SMP dari file asli.', '2026-07-23 10:11:34', '2026-07-23 10:11:34'),
('177', '176', '83', 'imported', NULL, 'approved', 'Seeder import dokumen SMP dari file asli.', '2026-07-23 10:11:34', '2026-07-23 10:11:34'),
('178', '177', '83', 'imported', NULL, 'approved', 'Seeder import dokumen SMP dari file asli.', '2026-07-23 10:11:34', '2026-07-23 10:11:34');

DROP TABLE IF EXISTS `migrations`;
CREATE TABLE `migrations` (
  `id` bigint unsigned NOT NULL AUTO_INCREMENT,
  `migration` varchar(255) NOT NULL,
  `batch` int NOT NULL,
  PRIMARY KEY (`id`)
) ENGINE=InnoDB DEFAULT CHARSET=utf8mb4 COLLATE=utf8mb4_unicode_ci;

INSERT INTO `migrations` (`id`, `migration`, `batch`) VALUES
('1', '0001_01_01_000000_create_users_table', '1'),
('2', '0001_01_01_000001_create_cache_table', '1'),
('3', '0001_01_01_000002_create_jobs_table', '1'),
('4', '2026_05_29_081457_add_role_to_users_table', '1'),
('5', '2026_05_29_083954_create_kelas_table', '1'),
('6', '2026_05_29_084058_create_mapel_table', '1'),
('7', '2026_05_29_084110_create_kelas_quran_table', '1'),
('8', '2026_05_29_084114_create_siswa_table', '1'),
('9', '2026_05_29_084129_create_guru_table', '1'),
('10', '2026_05_29_084158_create_orang_tua_table', '1'),
('11', '2026_05_29_084209_create_jadwal_table', '1'),
('12', '2026_05_29_084209_create_orang_tua_siswa_table', '1'),
('13', '2026_05_29_084210_create_tahfidz_setoran_table', '1'),
('14', '2026_05_29_084210_create_tugas_table', '1'),
('15', '2026_05_29_084231_create_nilai_table', '1'),
('16', '2026_05_29_084231_create_pengumuman_table', '1'),
('17', '2026_05_29_084231_create_pesan_table', '1'),
('18', '2026_05_29_085947_create_catatan_wali_table', '1'),
('19', '2026_05_29_085947_create_kehadiran_table', '1'),
('20', '2026_05_29_090234_create_badges_table', '1'),
('21', '2026_05_29_090235_create_siswa_badge_table', '1'),
('22', '2026_05_29_090641_create_cbt_exams_table', '1'),
('23', '2026_05_29_090641_create_cbt_soals_table', '1'),
('24', '2026_05_29_090642_create_cbt_jawabans_table', '1'),
('25', '2026_05_29_090642_create_olympiad_exams_table', '1'),
('26', '2026_05_29_090643_create_olympiad_soals_table', '1'),
('27', '2026_05_29_090644_create_olympiad_jawabans_table', '1'),
('28', '2026_05_29_091037_create_workbooks_table', '1'),
('29', '2026_05_29_091038_create_spps_table', '1'),
('30', '2026_05_29_091038_create_workbook_soals_table', '1'),
('31', '2026_05_29_091039_create_pembayarans_table', '1'),
('32', '2026_05_29_091040_create_workbook_jawabans_table', '1'),
('33', '2026_05_29_091041_create_log_aktivitas_table', '1'),
('34', '2026_05_29_091041_create_pengaturan_table', '1'),
('35', '2026_05_29_094118_create_materi_table', '1'),
('36', '2026_05_29_095608_create_settings_table', '1'),
('37', '2026_05_29_101731_create_pengumpulan_tugas_table', '1'),
('38', '2026_05_29_103615_add_tipe_to_cbt_exams_table', '1'),
('39', '2026_07_01_115000_add_kepala_sekolah_to_roles', '1'),
('40', '2026_07_02_160300_add_jenis_nilai_to_nilai_table', '1'),
('41', '2026_07_04_150000_add_nilai_bahasa_to_nilai_table', '1'),
('42', '2026_07_04_153000_create_tahfidz_ayat_nilai_table', '1'),
('43', '2026_07_04_154500_add_tanggal_berikutnya_to_tahfidz_setoran_table', '1'),
('44', '2026_07_04_202500_create_kondisi_kelas_table', '1'),
('45', '2026_07_04_210500_create_remedials_table', '1'),
('46', '2026_07_04_222000_create_nilai_ktis_table', '1'),
('47', '2026_07_04_232000_create_laporan_mengajars_table', '1'),
('48', '2026_07_04_235500_add_status_to_materi_table', '1'),
('49', '2026_07_05_001500_add_kesulitan_and_metode_to_cbt_tables', '1'),
('50', '2026_07_05_130000_create_banding_nilai_table', '1'),
('51', '2026_07_05_140000_extend_nilai_ktis_table', '1'),
('52', '2026_07_05_141000_create_kti_bimbingans_table', '1'),
('53', '2026_07_14_174718_change_isi_to_json_in_laporan_mengajars_table', '1'),
('54', '2026_07_15_134315_add_audit_scores_to_materi_table', '1'),
('55', '2026_07_15_184307_add_guru_id_to_kelas_table', '1'),
('56', '2026_07_17_182402_create_guru_mapel_table', '1'),
('57', '2026_07_17_191636_modify_role_enum_in_users_table', '1'),
('58', '2026_07_18_014948_create_kehadiran_gurus_table', '1'),
('59', '2026_07_20_203000_create_tahsin_setorans_table', '1'),
('60', '2026_07_20_223000_create_tahfidz_progress_table', '1'),
('61', '2026_07_22_180000_revisi_1_smpit_schema', '1');

DROP TABLE IF EXISTS `nilai`;
CREATE TABLE `nilai` (
  `id` bigint unsigned NOT NULL AUTO_INCREMENT,
  `siswa_id` bigint unsigned NOT NULL,
  `tugas_id` bigint unsigned NULL,
  `mapel_id` bigint unsigned NOT NULL,
  `nilai` decimal(10,2) NOT NULL,
  `catatan` text NULL,
  `created_at` datetime NULL,
  `updated_at` datetime NULL,
  `jenis_nilai` varchar(255) NOT NULL DEFAULT 'biasa',
  `nilai_bahasa` decimal(10,2) NULL,
  `tahun_ajaran` varchar(255) NOT NULL DEFAULT '2025/2026',
  `semester` varchar(255) NOT NULL DEFAULT 'Genap',
  `jenis_rapor` varchar(255) NOT NULL DEFAULT 'akademik',
  `lingkup_materi` varchar(255) NULL,
  `tujuan_pembelajaran` text NULL,
  `tp_scores` text NULL,
  `tugas_scores` text NULL,
  `sumatif_scores` text NULL,
  `nilai_sumatif` decimal(10,2) NULL,
  `capaian_kompetensi` text NULL,
  `kompetensi_dikuasai` text NULL,
  `kompetensi_perlu_ditingkatkan` text NULL,
  PRIMARY KEY (`id`),
  KEY `nilai_jenis_rapor_index` (`jenis_rapor`),
  KEY `nilai_semester_index` (`semester`),
  KEY `nilai_tahun_ajaran_index` (`tahun_ajaran`),
  KEY `nilai_period_idx` (`siswa_id`, `tahun_ajaran`, `semester`, `jenis_rapor`)
) ENGINE=InnoDB DEFAULT CHARSET=utf8mb4 COLLATE=utf8mb4_unicode_ci;

INSERT INTO `nilai` (`id`, `siswa_id`, `tugas_id`, `mapel_id`, `nilai`, `catatan`, `created_at`, `updated_at`, `jenis_nilai`, `nilai_bahasa`, `tahun_ajaran`, `semester`, `jenis_rapor`, `lingkup_materi`, `tujuan_pembelajaran`, `tp_scores`, `tugas_scores`, `sumatif_scores`, `nilai_sumatif`, `capaian_kompetensi`, `kompetensi_dikuasai`, `kompetensi_perlu_ditingkatkan`) VALUES
('1', '67', NULL, '1', '86', 'Nilai akademik Demo.', '2026-07-23 10:11:33', '2026-07-23 10:11:33', 'biasa', NULL, '2025/2026', 'Genap', 'akademik', 'Lingkup Materi Demo 1', 'Tujuan Pembelajaran Demo Matematika', '{"TP 1":86,"TP 2":88,"TP 3":90,"TP 4":87}', '{"Tugas 1":86,"Tugas 2":88,"Tugas 3":90}', '{"Sumatif 1":84,"Sumatif 2":87}', '84', 'Ananda Demo menunjukkan pemahaman baik pada Matematika.', 'Mampu menyelesaikan tugas utama.', 'Perlu meningkatkan ketelitian pada soal cerita.'),
('2', '67', NULL, '3', '87', 'Nilai akademik Demo.', '2026-07-23 10:11:33', '2026-07-23 10:11:33', 'biasa', NULL, '2025/2026', 'Genap', 'akademik', 'Lingkup Materi Demo 2', 'Tujuan Pembelajaran Demo Bahasa Inggris', '{"TP 1":86,"TP 2":88,"TP 3":90,"TP 4":87}', '{"Tugas 1":86,"Tugas 2":88,"Tugas 3":90}', '{"Sumatif 1":84,"Sumatif 2":87}', '85', 'Ananda Demo menunjukkan pemahaman baik pada Bahasa Inggris.', 'Mampu menyelesaikan tugas utama.', 'Perlu meningkatkan ketelitian pada soal cerita.'),
('3', '67', NULL, '9', '88', 'Nilai akademik Demo.', '2026-07-23 10:11:33', '2026-07-23 10:11:33', 'biasa', NULL, '2025/2026', 'Genap', 'akademik', 'Lingkup Materi Demo 3', 'Tujuan Pembelajaran Demo Tahfidzul Qur''an', '{"TP 1":86,"TP 2":88,"TP 3":90,"TP 4":87}', '{"Tugas 1":86,"Tugas 2":88,"Tugas 3":90}', '{"Sumatif 1":84,"Sumatif 2":87}', '86', 'Ananda Demo menunjukkan pemahaman baik pada Tahfidzul Qur''an.', 'Mampu menyelesaikan tugas utama.', 'Perlu meningkatkan ketelitian pada soal cerita.'),
('4', '1', NULL, '1', '84', NULL, '2026-07-23 10:11:35', '2026-07-23 10:11:35', 'biasa', NULL, '2025/2026', 'Genap', 'akademik', NULL, NULL, NULL, NULL, NULL, NULL, NULL, NULL, NULL),
('5', '1', NULL, '2', '80', NULL, '2026-07-23 10:11:35', '2026-07-23 10:11:35', 'biasa', NULL, '2025/2026', 'Genap', 'akademik', NULL, NULL, NULL, NULL, NULL, NULL, NULL, NULL, NULL),
('6', '1', NULL, '3', '90', NULL, '2026-07-23 10:11:35', '2026-07-23 10:11:35', 'biasa', NULL, '2025/2026', 'Genap', 'akademik', NULL, NULL, NULL, NULL, NULL, NULL, NULL, NULL, NULL),
('7', '1', NULL, '4', '92', NULL, '2026-07-23 10:11:35', '2026-07-23 10:11:35', 'biasa', NULL, '2025/2026', 'Genap', 'akademik', NULL, NULL, NULL, NULL, NULL, NULL, NULL, NULL, NULL),
('8', '1', NULL, '5', '96', NULL, '2026-07-23 10:11:35', '2026-07-23 10:11:35', 'biasa', NULL, '2025/2026', 'Genap', 'akademik', NULL, NULL, NULL, NULL, NULL, NULL, NULL, NULL, NULL),
('9', '2', NULL, '1', '93', NULL, '2026-07-23 10:11:35', '2026-07-23 10:11:35', 'biasa', NULL, '2025/2026', 'Genap', 'akademik', NULL, NULL, NULL, NULL, NULL, NULL, NULL, NULL, NULL),
('10', '2', NULL, '2', '88', NULL, '2026-07-23 10:11:35', '2026-07-23 10:11:35', 'biasa', NULL, '2025/2026', 'Genap', 'akademik', NULL, NULL, NULL, NULL, NULL, NULL, NULL, NULL, NULL),
('11', '2', NULL, '3', '94', NULL, '2026-07-23 10:11:35', '2026-07-23 10:11:35', 'biasa', NULL, '2025/2026', 'Genap', 'akademik', NULL, NULL, NULL, NULL, NULL, NULL, NULL, NULL, NULL),
('12', '2', NULL, '4', '99', NULL, '2026-07-23 10:11:35', '2026-07-23 10:11:35', 'biasa', NULL, '2025/2026', 'Genap', 'akademik', NULL, NULL, NULL, NULL, NULL, NULL, NULL, NULL, NULL),
('13', '2', NULL, '5', '99', NULL, '2026-07-23 10:11:35', '2026-07-23 10:11:35', 'biasa', NULL, '2025/2026', 'Genap', 'akademik', NULL, NULL, NULL, NULL, NULL, NULL, NULL, NULL, NULL),
('14', '3', NULL, '1', '91', NULL, '2026-07-23 10:11:35', '2026-07-23 10:11:35', 'biasa', NULL, '2025/2026', 'Genap', 'akademik', NULL, NULL, NULL, NULL, NULL, NULL, NULL, NULL, NULL),
('15', '3', NULL, '2', '90', NULL, '2026-07-23 10:11:35', '2026-07-23 10:11:35', 'biasa', NULL, '2025/2026', 'Genap', 'akademik', NULL, NULL, NULL, NULL, NULL, NULL, NULL, NULL, NULL),
('16', '3', NULL, '3', '92', NULL, '2026-07-23 10:11:35', '2026-07-23 10:11:35', 'biasa', NULL, '2025/2026', 'Genap', 'akademik', NULL, NULL, NULL, NULL, NULL, NULL, NULL, NULL, NULL),
('17', '3', NULL, '4', '76', NULL, '2026-07-23 10:11:35', '2026-07-23 10:11:35', 'biasa', NULL, '2025/2026', 'Genap', 'akademik', NULL, NULL, NULL, NULL, NULL, NULL, NULL, NULL, NULL),
('18', '3', NULL, '5', '83', NULL, '2026-07-23 10:11:35', '2026-07-23 10:11:35', 'biasa', NULL, '2025/2026', 'Genap', 'akademik', NULL, NULL, NULL, NULL, NULL, NULL, NULL, NULL, NULL),
('19', '4', NULL, '1', '88', NULL, '2026-07-23 10:11:35', '2026-07-23 10:11:35', 'biasa', NULL, '2025/2026', 'Genap', 'akademik', NULL, NULL, NULL, NULL, NULL, NULL, NULL, NULL, NULL),
('20', '4', NULL, '2', '99', NULL, '2026-07-23 10:11:35', '2026-07-23 10:11:35', 'biasa', NULL, '2025/2026', 'Genap', 'akademik', NULL, NULL, NULL, NULL, NULL, NULL, NULL, NULL, NULL),
('21', '4', NULL, '3', '94', NULL, '2026-07-23 10:11:35', '2026-07-23 10:11:35', 'biasa', NULL, '2025/2026', 'Genap', 'akademik', NULL, NULL, NULL, NULL, NULL, NULL, NULL, NULL, NULL),
('22', '4', NULL, '4', '80', NULL, '2026-07-23 10:11:35', '2026-07-23 10:11:35', 'biasa', NULL, '2025/2026', 'Genap', 'akademik', NULL, NULL, NULL, NULL, NULL, NULL, NULL, NULL, NULL),
('23', '4', NULL, '5', '100', NULL, '2026-07-23 10:11:35', '2026-07-23 10:11:35', 'biasa', NULL, '2025/2026', 'Genap', 'akademik', NULL, NULL, NULL, NULL, NULL, NULL, NULL, NULL, NULL),
('24', '5', NULL, '1', '97', NULL, '2026-07-23 10:11:35', '2026-07-23 10:11:35', 'biasa', NULL, '2025/2026', 'Genap', 'akademik', NULL, NULL, NULL, NULL, NULL, NULL, NULL, NULL, NULL),
('25', '5', NULL, '2', '90', NULL, '2026-07-23 10:11:35', '2026-07-23 10:11:35', 'biasa', NULL, '2025/2026', 'Genap', 'akademik', NULL, NULL, NULL, NULL, NULL, NULL, NULL, NULL, NULL),
('26', '5', NULL, '3', '78', NULL, '2026-07-23 10:11:35', '2026-07-23 10:11:35', 'biasa', NULL, '2025/2026', 'Genap', 'akademik', NULL, NULL, NULL, NULL, NULL, NULL, NULL, NULL, NULL),
('27', '5', NULL, '4', '96', NULL, '2026-07-23 10:11:35', '2026-07-23 10:11:35', 'biasa', NULL, '2025/2026', 'Genap', 'akademik', NULL, NULL, NULL, NULL, NULL, NULL, NULL, NULL, NULL),
('28', '5', NULL, '5', '76', NULL, '2026-07-23 10:11:35', '2026-07-23 10:11:35', 'biasa', NULL, '2025/2026', 'Genap', 'akademik', NULL, NULL, NULL, NULL, NULL, NULL, NULL, NULL, NULL),
('29', '6', NULL, '1', '94', NULL, '2026-07-23 10:11:35', '2026-07-23 10:11:35', 'biasa', NULL, '2025/2026', 'Genap', 'akademik', NULL, NULL, NULL, NULL, NULL, NULL, NULL, NULL, NULL),
('30', '6', NULL, '2', '93', NULL, '2026-07-23 10:11:35', '2026-07-23 10:11:35', 'biasa', NULL, '2025/2026', 'Genap', 'akademik', NULL, NULL, NULL, NULL, NULL, NULL, NULL, NULL, NULL),
('31', '6', NULL, '3', '98', NULL, '2026-07-23 10:11:35', '2026-07-23 10:11:35', 'biasa', NULL, '2025/2026', 'Genap', 'akademik', NULL, NULL, NULL, NULL, NULL, NULL, NULL, NULL, NULL),
('32', '6', NULL, '4', '79', NULL, '2026-07-23 10:11:35', '2026-07-23 10:11:35', 'biasa', NULL, '2025/2026', 'Genap', 'akademik', NULL, NULL, NULL, NULL, NULL, NULL, NULL, NULL, NULL),
('33', '6', NULL, '5', '100', NULL, '2026-07-23 10:11:35', '2026-07-23 10:11:35', 'biasa', NULL, '2025/2026', 'Genap', 'akademik', NULL, NULL, NULL, NULL, NULL, NULL, NULL, NULL, NULL),
('34', '7', NULL, '1', '82', NULL, '2026-07-23 10:11:35', '2026-07-23 10:11:35', 'biasa', NULL, '2025/2026', 'Genap', 'akademik', NULL, NULL, NULL, NULL, NULL, NULL, NULL, NULL, NULL),
('35', '7', NULL, '2', '90', NULL, '2026-07-23 10:11:35', '2026-07-23 10:11:35', 'biasa', NULL, '2025/2026', 'Genap', 'akademik', NULL, NULL, NULL, NULL, NULL, NULL, NULL, NULL, NULL),
('36', '7', NULL, '3', '87', NULL, '2026-07-23 10:11:35', '2026-07-23 10:11:35', 'biasa', NULL, '2025/2026', 'Genap', 'akademik', NULL, NULL, NULL, NULL, NULL, NULL, NULL, NULL, NULL),
('37', '7', NULL, '4', '78', NULL, '2026-07-23 10:11:35', '2026-07-23 10:11:35', 'biasa', NULL, '2025/2026', 'Genap', 'akademik', NULL, NULL, NULL, NULL, NULL, NULL, NULL, NULL, NULL),
('38', '7', NULL, '5', '98', NULL, '2026-07-23 10:11:35', '2026-07-23 10:11:35', 'biasa', NULL, '2025/2026', 'Genap', 'akademik', NULL, NULL, NULL, NULL, NULL, NULL, NULL, NULL, NULL),
('39', '8', NULL, '1', '98', NULL, '2026-07-23 10:11:35', '2026-07-23 10:11:35', 'biasa', NULL, '2025/2026', 'Genap', 'akademik', NULL, NULL, NULL, NULL, NULL, NULL, NULL, NULL, NULL),
('40', '8', NULL, '2', '82', NULL, '2026-07-23 10:11:35', '2026-07-23 10:11:35', 'biasa', NULL, '2025/2026', 'Genap', 'akademik', NULL, NULL, NULL, NULL, NULL, NULL, NULL, NULL, NULL),
('41', '8', NULL, '3', '93', NULL, '2026-07-23 10:11:35', '2026-07-23 10:11:35', 'biasa', NULL, '2025/2026', 'Genap', 'akademik', NULL, NULL, NULL, NULL, NULL, NULL, NULL, NULL, NULL),
('42', '8', NULL, '4', '79', NULL, '2026-07-23 10:11:35', '2026-07-23 10:11:35', 'biasa', NULL, '2025/2026', 'Genap', 'akademik', NULL, NULL, NULL, NULL, NULL, NULL, NULL, NULL, NULL),
('43', '8', NULL, '5', '90', NULL, '2026-07-23 10:11:35', '2026-07-23 10:11:35', 'biasa', NULL, '2025/2026', 'Genap', 'akademik', NULL, NULL, NULL, NULL, NULL, NULL, NULL, NULL, NULL),
('44', '9', NULL, '1', '78', NULL, '2026-07-23 10:11:35', '2026-07-23 10:11:35', 'biasa', NULL, '2025/2026', 'Genap', 'akademik', NULL, NULL, NULL, NULL, NULL, NULL, NULL, NULL, NULL),
('45', '9', NULL, '2', '89', NULL, '2026-07-23 10:11:35', '2026-07-23 10:11:35', 'biasa', NULL, '2025/2026', 'Genap', 'akademik', NULL, NULL, NULL, NULL, NULL, NULL, NULL, NULL, NULL),
('46', '9', NULL, '3', '75', NULL, '2026-07-23 10:11:35', '2026-07-23 10:11:35', 'biasa', NULL, '2025/2026', 'Genap', 'akademik', NULL, NULL, NULL, NULL, NULL, NULL, NULL, NULL, NULL),
('47', '9', NULL, '4', '94', NULL, '2026-07-23 10:11:35', '2026-07-23 10:11:35', 'biasa', NULL, '2025/2026', 'Genap', 'akademik', NULL, NULL, NULL, NULL, NULL, NULL, NULL, NULL, NULL),
('48', '9', NULL, '5', '91', NULL, '2026-07-23 10:11:35', '2026-07-23 10:11:35', 'biasa', NULL, '2025/2026', 'Genap', 'akademik', NULL, NULL, NULL, NULL, NULL, NULL, NULL, NULL, NULL),
('49', '10', NULL, '1', '79', NULL, '2026-07-23 10:11:35', '2026-07-23 10:11:35', 'biasa', NULL, '2025/2026', 'Genap', 'akademik', NULL, NULL, NULL, NULL, NULL, NULL, NULL, NULL, NULL),
('50', '10', NULL, '2', '90', NULL, '2026-07-23 10:11:35', '2026-07-23 10:11:35', 'biasa', NULL, '2025/2026', 'Genap', 'akademik', NULL, NULL, NULL, NULL, NULL, NULL, NULL, NULL, NULL),
('51', '10', NULL, '3', '99', NULL, '2026-07-23 10:11:35', '2026-07-23 10:11:35', 'biasa', NULL, '2025/2026', 'Genap', 'akademik', NULL, NULL, NULL, NULL, NULL, NULL, NULL, NULL, NULL),
('52', '10', NULL, '4', '94', NULL, '2026-07-23 10:11:35', '2026-07-23 10:11:35', 'biasa', NULL, '2025/2026', 'Genap', 'akademik', NULL, NULL, NULL, NULL, NULL, NULL, NULL, NULL, NULL),
('53', '10', NULL, '5', '78', NULL, '2026-07-23 10:11:35', '2026-07-23 10:11:35', 'biasa', NULL, '2025/2026', 'Genap', 'akademik', NULL, NULL, NULL, NULL, NULL, NULL, NULL, NULL, NULL),
('54', '11', NULL, '1', '80', NULL, '2026-07-23 10:11:35', '2026-07-23 10:11:35', 'biasa', NULL, '2025/2026', 'Genap', 'akademik', NULL, NULL, NULL, NULL, NULL, NULL, NULL, NULL, NULL),
('55', '11', NULL, '2', '84', NULL, '2026-07-23 10:11:35', '2026-07-23 10:11:35', 'biasa', NULL, '2025/2026', 'Genap', 'akademik', NULL, NULL, NULL, NULL, NULL, NULL, NULL, NULL, NULL),
('56', '11', NULL, '3', '80', NULL, '2026-07-23 10:11:35', '2026-07-23 10:11:35', 'biasa', NULL, '2025/2026', 'Genap', 'akademik', NULL, NULL, NULL, NULL, NULL, NULL, NULL, NULL, NULL),
('57', '11', NULL, '4', '82', NULL, '2026-07-23 10:11:35', '2026-07-23 10:11:35', 'biasa', NULL, '2025/2026', 'Genap', 'akademik', NULL, NULL, NULL, NULL, NULL, NULL, NULL, NULL, NULL),
('58', '11', NULL, '5', '93', NULL, '2026-07-23 10:11:35', '2026-07-23 10:11:35', 'biasa', NULL, '2025/2026', 'Genap', 'akademik', NULL, NULL, NULL, NULL, NULL, NULL, NULL, NULL, NULL),
('59', '12', NULL, '1', '82', NULL, '2026-07-23 10:11:35', '2026-07-23 10:11:35', 'biasa', NULL, '2025/2026', 'Genap', 'akademik', NULL, NULL, NULL, NULL, NULL, NULL, NULL, NULL, NULL),
('60', '12', NULL, '2', '75', NULL, '2026-07-23 10:11:35', '2026-07-23 10:11:35', 'biasa', NULL, '2025/2026', 'Genap', 'akademik', NULL, NULL, NULL, NULL, NULL, NULL, NULL, NULL, NULL),
('61', '12', NULL, '3', '97', NULL, '2026-07-23 10:11:35', '2026-07-23 10:11:35', 'biasa', NULL, '2025/2026', 'Genap', 'akademik', NULL, NULL, NULL, NULL, NULL, NULL, NULL, NULL, NULL),
('62', '12', NULL, '4', '76', NULL, '2026-07-23 10:11:35', '2026-07-23 10:11:35', 'biasa', NULL, '2025/2026', 'Genap', 'akademik', NULL, NULL, NULL, NULL, NULL, NULL, NULL, NULL, NULL),
('63', '12', NULL, '5', '94', NULL, '2026-07-23 10:11:35', '2026-07-23 10:11:35', 'biasa', NULL, '2025/2026', 'Genap', 'akademik', NULL, NULL, NULL, NULL, NULL, NULL, NULL, NULL, NULL),
('64', '13', NULL, '1', '99', NULL, '2026-07-23 10:11:35', '2026-07-23 10:11:35', 'biasa', NULL, '2025/2026', 'Genap', 'akademik', NULL, NULL, NULL, NULL, NULL, NULL, NULL, NULL, NULL),
('65', '13', NULL, '2', '79', NULL, '2026-07-23 10:11:35', '2026-07-23 10:11:35', 'biasa', NULL, '2025/2026', 'Genap', 'akademik', NULL, NULL, NULL, NULL, NULL, NULL, NULL, NULL, NULL),
('66', '13', NULL, '3', '84', NULL, '2026-07-23 10:11:35', '2026-07-23 10:11:35', 'biasa', NULL, '2025/2026', 'Genap', 'akademik', NULL, NULL, NULL, NULL, NULL, NULL, NULL, NULL, NULL),
('67', '13', NULL, '4', '94', NULL, '2026-07-23 10:11:35', '2026-07-23 10:11:35', 'biasa', NULL, '2025/2026', 'Genap', 'akademik', NULL, NULL, NULL, NULL, NULL, NULL, NULL, NULL, NULL),
('68', '13', NULL, '5', '86', NULL, '2026-07-23 10:11:35', '2026-07-23 10:11:35', 'biasa', NULL, '2025/2026', 'Genap', 'akademik', NULL, NULL, NULL, NULL, NULL, NULL, NULL, NULL, NULL),
('69', '14', NULL, '1', '96', NULL, '2026-07-23 10:11:35', '2026-07-23 10:11:35', 'biasa', NULL, '2025/2026', 'Genap', 'akademik', NULL, NULL, NULL, NULL, NULL, NULL, NULL, NULL, NULL),
('70', '14', NULL, '2', '80', NULL, '2026-07-23 10:11:35', '2026-07-23 10:11:35', 'biasa', NULL, '2025/2026', 'Genap', 'akademik', NULL, NULL, NULL, NULL, NULL, NULL, NULL, NULL, NULL),
('71', '14', NULL, '3', '88', NULL, '2026-07-23 10:11:35', '2026-07-23 10:11:35', 'biasa', NULL, '2025/2026', 'Genap', 'akademik', NULL, NULL, NULL, NULL, NULL, NULL, NULL, NULL, NULL),
('72', '14', NULL, '4', '81', NULL, '2026-07-23 10:11:35', '2026-07-23 10:11:35', 'biasa', NULL, '2025/2026', 'Genap', 'akademik', NULL, NULL, NULL, NULL, NULL, NULL, NULL, NULL, NULL),
('73', '14', NULL, '5', '90', NULL, '2026-07-23 10:11:35', '2026-07-23 10:11:35', 'biasa', NULL, '2025/2026', 'Genap', 'akademik', NULL, NULL, NULL, NULL, NULL, NULL, NULL, NULL, NULL),
('74', '15', NULL, '1', '93', NULL, '2026-07-23 10:11:35', '2026-07-23 10:11:35', 'biasa', NULL, '2025/2026', 'Genap', 'akademik', NULL, NULL, NULL, NULL, NULL, NULL, NULL, NULL, NULL),
('75', '15', NULL, '2', '97', NULL, '2026-07-23 10:11:35', '2026-07-23 10:11:35', 'biasa', NULL, '2025/2026', 'Genap', 'akademik', NULL, NULL, NULL, NULL, NULL, NULL, NULL, NULL, NULL),
('76', '15', NULL, '3', '87', NULL, '2026-07-23 10:11:35', '2026-07-23 10:11:35', 'biasa', NULL, '2025/2026', 'Genap', 'akademik', NULL, NULL, NULL, NULL, NULL, NULL, NULL, NULL, NULL),
('77', '15', NULL, '4', '97', NULL, '2026-07-23 10:11:35', '2026-07-23 10:11:35', 'biasa', NULL, '2025/2026', 'Genap', 'akademik', NULL, NULL, NULL, NULL, NULL, NULL, NULL, NULL, NULL),
('78', '15', NULL, '5', '89', NULL, '2026-07-23 10:11:35', '2026-07-23 10:11:35', 'biasa', NULL, '2025/2026', 'Genap', 'akademik', NULL, NULL, NULL, NULL, NULL, NULL, NULL, NULL, NULL),
('79', '16', NULL, '1', '93', NULL, '2026-07-23 10:11:35', '2026-07-23 10:11:35', 'biasa', NULL, '2025/2026', 'Genap', 'akademik', NULL, NULL, NULL, NULL, NULL, NULL, NULL, NULL, NULL),
('80', '16', NULL, '2', '78', NULL, '2026-07-23 10:11:35', '2026-07-23 10:11:35', 'biasa', NULL, '2025/2026', 'Genap', 'akademik', NULL, NULL, NULL, NULL, NULL, NULL, NULL, NULL, NULL),
('81', '16', NULL, '3', '100', NULL, '2026-07-23 10:11:35', '2026-07-23 10:11:35', 'biasa', NULL, '2025/2026', 'Genap', 'akademik', NULL, NULL, NULL, NULL, NULL, NULL, NULL, NULL, NULL),
('82', '16', NULL, '4', '100', NULL, '2026-07-23 10:11:35', '2026-07-23 10:11:35', 'biasa', NULL, '2025/2026', 'Genap', 'akademik', NULL, NULL, NULL, NULL, NULL, NULL, NULL, NULL, NULL),
('83', '16', NULL, '5', '99', NULL, '2026-07-23 10:11:35', '2026-07-23 10:11:35', 'biasa', NULL, '2025/2026', 'Genap', 'akademik', NULL, NULL, NULL, NULL, NULL, NULL, NULL, NULL, NULL),
('84', '17', NULL, '1', '81', NULL, '2026-07-23 10:11:35', '2026-07-23 10:11:35', 'biasa', NULL, '2025/2026', 'Genap', 'akademik', NULL, NULL, NULL, NULL, NULL, NULL, NULL, NULL, NULL),
('85', '17', NULL, '2', '97', NULL, '2026-07-23 10:11:35', '2026-07-23 10:11:35', 'biasa', NULL, '2025/2026', 'Genap', 'akademik', NULL, NULL, NULL, NULL, NULL, NULL, NULL, NULL, NULL),
('86', '17', NULL, '3', '92', NULL, '2026-07-23 10:11:35', '2026-07-23 10:11:35', 'biasa', NULL, '2025/2026', 'Genap', 'akademik', NULL, NULL, NULL, NULL, NULL, NULL, NULL, NULL, NULL),
('87', '17', NULL, '4', '99', NULL, '2026-07-23 10:11:35', '2026-07-23 10:11:35', 'biasa', NULL, '2025/2026', 'Genap', 'akademik', NULL, NULL, NULL, NULL, NULL, NULL, NULL, NULL, NULL),
('88', '17', NULL, '5', '88', NULL, '2026-07-23 10:11:35', '2026-07-23 10:11:35', 'biasa', NULL, '2025/2026', 'Genap', 'akademik', NULL, NULL, NULL, NULL, NULL, NULL, NULL, NULL, NULL),
('89', '18', NULL, '1', '84', NULL, '2026-07-23 10:11:35', '2026-07-23 10:11:35', 'biasa', NULL, '2025/2026', 'Genap', 'akademik', NULL, NULL, NULL, NULL, NULL, NULL, NULL, NULL, NULL),
('90', '18', NULL, '2', '100', NULL, '2026-07-23 10:11:35', '2026-07-23 10:11:35', 'biasa', NULL, '2025/2026', 'Genap', 'akademik', NULL, NULL, NULL, NULL, NULL, NULL, NULL, NULL, NULL),
('91', '18', NULL, '3', '95', NULL, '2026-07-23 10:11:35', '2026-07-23 10:11:35', 'biasa', NULL, '2025/2026', 'Genap', 'akademik', NULL, NULL, NULL, NULL, NULL, NULL, NULL, NULL, NULL),
('92', '18', NULL, '4', '95', NULL, '2026-07-23 10:11:35', '2026-07-23 10:11:35', 'biasa', NULL, '2025/2026', 'Genap', 'akademik', NULL, NULL, NULL, NULL, NULL, NULL, NULL, NULL, NULL),
('93', '18', NULL, '5', '79', NULL, '2026-07-23 10:11:35', '2026-07-23 10:11:35', 'biasa', NULL, '2025/2026', 'Genap', 'akademik', NULL, NULL, NULL, NULL, NULL, NULL, NULL, NULL, NULL),
('94', '19', NULL, '1', '97', NULL, '2026-07-23 10:11:35', '2026-07-23 10:11:35', 'biasa', NULL, '2025/2026', 'Genap', 'akademik', NULL, NULL, NULL, NULL, NULL, NULL, NULL, NULL, NULL),
('95', '19', NULL, '2', '97', NULL, '2026-07-23 10:11:35', '2026-07-23 10:11:35', 'biasa', NULL, '2025/2026', 'Genap', 'akademik', NULL, NULL, NULL, NULL, NULL, NULL, NULL, NULL, NULL),
('96', '19', NULL, '3', '96', NULL, '2026-07-23 10:11:35', '2026-07-23 10:11:35', 'biasa', NULL, '2025/2026', 'Genap', 'akademik', NULL, NULL, NULL, NULL, NULL, NULL, NULL, NULL, NULL),
('97', '19', NULL, '4', '100', NULL, '2026-07-23 10:11:35', '2026-07-23 10:11:35', 'biasa', NULL, '2025/2026', 'Genap', 'akademik', NULL, NULL, NULL, NULL, NULL, NULL, NULL, NULL, NULL),
('98', '19', NULL, '5', '99', NULL, '2026-07-23 10:11:35', '2026-07-23 10:11:35', 'biasa', NULL, '2025/2026', 'Genap', 'akademik', NULL, NULL, NULL, NULL, NULL, NULL, NULL, NULL, NULL),
('99', '20', NULL, '1', '78', NULL, '2026-07-23 10:11:35', '2026-07-23 10:11:35', 'biasa', NULL, '2025/2026', 'Genap', 'akademik', NULL, NULL, NULL, NULL, NULL, NULL, NULL, NULL, NULL),
('100', '20', NULL, '2', '92', NULL, '2026-07-23 10:11:35', '2026-07-23 10:11:35', 'biasa', NULL, '2025/2026', 'Genap', 'akademik', NULL, NULL, NULL, NULL, NULL, NULL, NULL, NULL, NULL);
INSERT INTO `nilai` (`id`, `siswa_id`, `tugas_id`, `mapel_id`, `nilai`, `catatan`, `created_at`, `updated_at`, `jenis_nilai`, `nilai_bahasa`, `tahun_ajaran`, `semester`, `jenis_rapor`, `lingkup_materi`, `tujuan_pembelajaran`, `tp_scores`, `tugas_scores`, `sumatif_scores`, `nilai_sumatif`, `capaian_kompetensi`, `kompetensi_dikuasai`, `kompetensi_perlu_ditingkatkan`) VALUES
('101', '20', NULL, '3', '97', NULL, '2026-07-23 10:11:35', '2026-07-23 10:11:35', 'biasa', NULL, '2025/2026', 'Genap', 'akademik', NULL, NULL, NULL, NULL, NULL, NULL, NULL, NULL, NULL),
('102', '20', NULL, '4', '100', NULL, '2026-07-23 10:11:35', '2026-07-23 10:11:35', 'biasa', NULL, '2025/2026', 'Genap', 'akademik', NULL, NULL, NULL, NULL, NULL, NULL, NULL, NULL, NULL),
('103', '20', NULL, '5', '77', NULL, '2026-07-23 10:11:35', '2026-07-23 10:11:35', 'biasa', NULL, '2025/2026', 'Genap', 'akademik', NULL, NULL, NULL, NULL, NULL, NULL, NULL, NULL, NULL),
('104', '21', NULL, '1', '89', NULL, '2026-07-23 10:11:35', '2026-07-23 10:11:35', 'biasa', NULL, '2025/2026', 'Genap', 'akademik', NULL, NULL, NULL, NULL, NULL, NULL, NULL, NULL, NULL),
('105', '21', NULL, '2', '93', NULL, '2026-07-23 10:11:35', '2026-07-23 10:11:35', 'biasa', NULL, '2025/2026', 'Genap', 'akademik', NULL, NULL, NULL, NULL, NULL, NULL, NULL, NULL, NULL),
('106', '21', NULL, '3', '91', NULL, '2026-07-23 10:11:35', '2026-07-23 10:11:35', 'biasa', NULL, '2025/2026', 'Genap', 'akademik', NULL, NULL, NULL, NULL, NULL, NULL, NULL, NULL, NULL),
('107', '21', NULL, '4', '88', NULL, '2026-07-23 10:11:35', '2026-07-23 10:11:35', 'biasa', NULL, '2025/2026', 'Genap', 'akademik', NULL, NULL, NULL, NULL, NULL, NULL, NULL, NULL, NULL),
('108', '21', NULL, '5', '99', NULL, '2026-07-23 10:11:35', '2026-07-23 10:11:35', 'biasa', NULL, '2025/2026', 'Genap', 'akademik', NULL, NULL, NULL, NULL, NULL, NULL, NULL, NULL, NULL),
('109', '22', NULL, '1', '96', NULL, '2026-07-23 10:11:35', '2026-07-23 10:11:35', 'biasa', NULL, '2025/2026', 'Genap', 'akademik', NULL, NULL, NULL, NULL, NULL, NULL, NULL, NULL, NULL),
('110', '22', NULL, '2', '99', NULL, '2026-07-23 10:11:35', '2026-07-23 10:11:35', 'biasa', NULL, '2025/2026', 'Genap', 'akademik', NULL, NULL, NULL, NULL, NULL, NULL, NULL, NULL, NULL),
('111', '22', NULL, '3', '75', NULL, '2026-07-23 10:11:35', '2026-07-23 10:11:35', 'biasa', NULL, '2025/2026', 'Genap', 'akademik', NULL, NULL, NULL, NULL, NULL, NULL, NULL, NULL, NULL),
('112', '22', NULL, '4', '84', NULL, '2026-07-23 10:11:35', '2026-07-23 10:11:35', 'biasa', NULL, '2025/2026', 'Genap', 'akademik', NULL, NULL, NULL, NULL, NULL, NULL, NULL, NULL, NULL),
('113', '22', NULL, '5', '93', NULL, '2026-07-23 10:11:35', '2026-07-23 10:11:35', 'biasa', NULL, '2025/2026', 'Genap', 'akademik', NULL, NULL, NULL, NULL, NULL, NULL, NULL, NULL, NULL),
('114', '23', NULL, '1', '92', NULL, '2026-07-23 10:11:35', '2026-07-23 10:11:35', 'biasa', NULL, '2025/2026', 'Genap', 'akademik', NULL, NULL, NULL, NULL, NULL, NULL, NULL, NULL, NULL),
('115', '23', NULL, '2', '99', NULL, '2026-07-23 10:11:35', '2026-07-23 10:11:35', 'biasa', NULL, '2025/2026', 'Genap', 'akademik', NULL, NULL, NULL, NULL, NULL, NULL, NULL, NULL, NULL),
('116', '23', NULL, '3', '86', NULL, '2026-07-23 10:11:35', '2026-07-23 10:11:35', 'biasa', NULL, '2025/2026', 'Genap', 'akademik', NULL, NULL, NULL, NULL, NULL, NULL, NULL, NULL, NULL),
('117', '23', NULL, '4', '86', NULL, '2026-07-23 10:11:35', '2026-07-23 10:11:35', 'biasa', NULL, '2025/2026', 'Genap', 'akademik', NULL, NULL, NULL, NULL, NULL, NULL, NULL, NULL, NULL),
('118', '23', NULL, '5', '90', NULL, '2026-07-23 10:11:35', '2026-07-23 10:11:35', 'biasa', NULL, '2025/2026', 'Genap', 'akademik', NULL, NULL, NULL, NULL, NULL, NULL, NULL, NULL, NULL),
('119', '24', NULL, '1', '83', NULL, '2026-07-23 10:11:35', '2026-07-23 10:11:35', 'biasa', NULL, '2025/2026', 'Genap', 'akademik', NULL, NULL, NULL, NULL, NULL, NULL, NULL, NULL, NULL),
('120', '24', NULL, '2', '98', NULL, '2026-07-23 10:11:35', '2026-07-23 10:11:35', 'biasa', NULL, '2025/2026', 'Genap', 'akademik', NULL, NULL, NULL, NULL, NULL, NULL, NULL, NULL, NULL),
('121', '24', NULL, '3', '80', NULL, '2026-07-23 10:11:35', '2026-07-23 10:11:35', 'biasa', NULL, '2025/2026', 'Genap', 'akademik', NULL, NULL, NULL, NULL, NULL, NULL, NULL, NULL, NULL),
('122', '24', NULL, '4', '94', NULL, '2026-07-23 10:11:35', '2026-07-23 10:11:35', 'biasa', NULL, '2025/2026', 'Genap', 'akademik', NULL, NULL, NULL, NULL, NULL, NULL, NULL, NULL, NULL),
('123', '24', NULL, '5', '80', NULL, '2026-07-23 10:11:35', '2026-07-23 10:11:35', 'biasa', NULL, '2025/2026', 'Genap', 'akademik', NULL, NULL, NULL, NULL, NULL, NULL, NULL, NULL, NULL),
('124', '25', NULL, '1', '87', NULL, '2026-07-23 10:11:35', '2026-07-23 10:11:35', 'biasa', NULL, '2025/2026', 'Genap', 'akademik', NULL, NULL, NULL, NULL, NULL, NULL, NULL, NULL, NULL),
('125', '25', NULL, '2', '83', NULL, '2026-07-23 10:11:35', '2026-07-23 10:11:35', 'biasa', NULL, '2025/2026', 'Genap', 'akademik', NULL, NULL, NULL, NULL, NULL, NULL, NULL, NULL, NULL),
('126', '25', NULL, '3', '95', NULL, '2026-07-23 10:11:35', '2026-07-23 10:11:35', 'biasa', NULL, '2025/2026', 'Genap', 'akademik', NULL, NULL, NULL, NULL, NULL, NULL, NULL, NULL, NULL),
('127', '25', NULL, '4', '98', NULL, '2026-07-23 10:11:35', '2026-07-23 10:11:35', 'biasa', NULL, '2025/2026', 'Genap', 'akademik', NULL, NULL, NULL, NULL, NULL, NULL, NULL, NULL, NULL),
('128', '25', NULL, '5', '82', NULL, '2026-07-23 10:11:35', '2026-07-23 10:11:35', 'biasa', NULL, '2025/2026', 'Genap', 'akademik', NULL, NULL, NULL, NULL, NULL, NULL, NULL, NULL, NULL),
('129', '26', NULL, '1', '86', NULL, '2026-07-23 10:11:35', '2026-07-23 10:11:35', 'biasa', NULL, '2025/2026', 'Genap', 'akademik', NULL, NULL, NULL, NULL, NULL, NULL, NULL, NULL, NULL),
('130', '26', NULL, '2', '75', NULL, '2026-07-23 10:11:35', '2026-07-23 10:11:35', 'biasa', NULL, '2025/2026', 'Genap', 'akademik', NULL, NULL, NULL, NULL, NULL, NULL, NULL, NULL, NULL),
('131', '26', NULL, '3', '83', NULL, '2026-07-23 10:11:35', '2026-07-23 10:11:35', 'biasa', NULL, '2025/2026', 'Genap', 'akademik', NULL, NULL, NULL, NULL, NULL, NULL, NULL, NULL, NULL),
('132', '26', NULL, '4', '93', NULL, '2026-07-23 10:11:35', '2026-07-23 10:11:35', 'biasa', NULL, '2025/2026', 'Genap', 'akademik', NULL, NULL, NULL, NULL, NULL, NULL, NULL, NULL, NULL),
('133', '26', NULL, '5', '93', NULL, '2026-07-23 10:11:35', '2026-07-23 10:11:35', 'biasa', NULL, '2025/2026', 'Genap', 'akademik', NULL, NULL, NULL, NULL, NULL, NULL, NULL, NULL, NULL),
('134', '27', NULL, '1', '89', NULL, '2026-07-23 10:11:35', '2026-07-23 10:11:35', 'biasa', NULL, '2025/2026', 'Genap', 'akademik', NULL, NULL, NULL, NULL, NULL, NULL, NULL, NULL, NULL),
('135', '27', NULL, '2', '98', NULL, '2026-07-23 10:11:35', '2026-07-23 10:11:35', 'biasa', NULL, '2025/2026', 'Genap', 'akademik', NULL, NULL, NULL, NULL, NULL, NULL, NULL, NULL, NULL),
('136', '27', NULL, '3', '90', NULL, '2026-07-23 10:11:35', '2026-07-23 10:11:35', 'biasa', NULL, '2025/2026', 'Genap', 'akademik', NULL, NULL, NULL, NULL, NULL, NULL, NULL, NULL, NULL),
('137', '27', NULL, '4', '89', NULL, '2026-07-23 10:11:35', '2026-07-23 10:11:35', 'biasa', NULL, '2025/2026', 'Genap', 'akademik', NULL, NULL, NULL, NULL, NULL, NULL, NULL, NULL, NULL),
('138', '27', NULL, '5', '76', NULL, '2026-07-23 10:11:35', '2026-07-23 10:11:35', 'biasa', NULL, '2025/2026', 'Genap', 'akademik', NULL, NULL, NULL, NULL, NULL, NULL, NULL, NULL, NULL),
('139', '28', NULL, '1', '75', NULL, '2026-07-23 10:11:35', '2026-07-23 10:11:35', 'biasa', NULL, '2025/2026', 'Genap', 'akademik', NULL, NULL, NULL, NULL, NULL, NULL, NULL, NULL, NULL),
('140', '28', NULL, '2', '76', NULL, '2026-07-23 10:11:35', '2026-07-23 10:11:35', 'biasa', NULL, '2025/2026', 'Genap', 'akademik', NULL, NULL, NULL, NULL, NULL, NULL, NULL, NULL, NULL),
('141', '28', NULL, '3', '96', NULL, '2026-07-23 10:11:35', '2026-07-23 10:11:35', 'biasa', NULL, '2025/2026', 'Genap', 'akademik', NULL, NULL, NULL, NULL, NULL, NULL, NULL, NULL, NULL),
('142', '28', NULL, '4', '82', NULL, '2026-07-23 10:11:35', '2026-07-23 10:11:35', 'biasa', NULL, '2025/2026', 'Genap', 'akademik', NULL, NULL, NULL, NULL, NULL, NULL, NULL, NULL, NULL),
('143', '28', NULL, '5', '93', NULL, '2026-07-23 10:11:35', '2026-07-23 10:11:35', 'biasa', NULL, '2025/2026', 'Genap', 'akademik', NULL, NULL, NULL, NULL, NULL, NULL, NULL, NULL, NULL),
('144', '29', NULL, '1', '76', NULL, '2026-07-23 10:11:35', '2026-07-23 10:11:35', 'biasa', NULL, '2025/2026', 'Genap', 'akademik', NULL, NULL, NULL, NULL, NULL, NULL, NULL, NULL, NULL),
('145', '29', NULL, '2', '84', NULL, '2026-07-23 10:11:35', '2026-07-23 10:11:35', 'biasa', NULL, '2025/2026', 'Genap', 'akademik', NULL, NULL, NULL, NULL, NULL, NULL, NULL, NULL, NULL),
('146', '29', NULL, '3', '78', NULL, '2026-07-23 10:11:35', '2026-07-23 10:11:35', 'biasa', NULL, '2025/2026', 'Genap', 'akademik', NULL, NULL, NULL, NULL, NULL, NULL, NULL, NULL, NULL),
('147', '29', NULL, '4', '89', NULL, '2026-07-23 10:11:35', '2026-07-23 10:11:35', 'biasa', NULL, '2025/2026', 'Genap', 'akademik', NULL, NULL, NULL, NULL, NULL, NULL, NULL, NULL, NULL),
('148', '29', NULL, '5', '90', NULL, '2026-07-23 10:11:35', '2026-07-23 10:11:35', 'biasa', NULL, '2025/2026', 'Genap', 'akademik', NULL, NULL, NULL, NULL, NULL, NULL, NULL, NULL, NULL),
('149', '30', NULL, '1', '86', NULL, '2026-07-23 10:11:35', '2026-07-23 10:11:35', 'biasa', NULL, '2025/2026', 'Genap', 'akademik', NULL, NULL, NULL, NULL, NULL, NULL, NULL, NULL, NULL),
('150', '30', NULL, '2', '93', NULL, '2026-07-23 10:11:35', '2026-07-23 10:11:35', 'biasa', NULL, '2025/2026', 'Genap', 'akademik', NULL, NULL, NULL, NULL, NULL, NULL, NULL, NULL, NULL),
('151', '30', NULL, '3', '84', NULL, '2026-07-23 10:11:35', '2026-07-23 10:11:35', 'biasa', NULL, '2025/2026', 'Genap', 'akademik', NULL, NULL, NULL, NULL, NULL, NULL, NULL, NULL, NULL),
('152', '30', NULL, '4', '78', NULL, '2026-07-23 10:11:35', '2026-07-23 10:11:35', 'biasa', NULL, '2025/2026', 'Genap', 'akademik', NULL, NULL, NULL, NULL, NULL, NULL, NULL, NULL, NULL),
('153', '30', NULL, '5', '79', NULL, '2026-07-23 10:11:35', '2026-07-23 10:11:35', 'biasa', NULL, '2025/2026', 'Genap', 'akademik', NULL, NULL, NULL, NULL, NULL, NULL, NULL, NULL, NULL),
('154', '31', NULL, '1', '75', NULL, '2026-07-23 10:11:35', '2026-07-23 10:11:35', 'biasa', NULL, '2025/2026', 'Genap', 'akademik', NULL, NULL, NULL, NULL, NULL, NULL, NULL, NULL, NULL),
('155', '31', NULL, '2', '94', NULL, '2026-07-23 10:11:35', '2026-07-23 10:11:35', 'biasa', NULL, '2025/2026', 'Genap', 'akademik', NULL, NULL, NULL, NULL, NULL, NULL, NULL, NULL, NULL),
('156', '31', NULL, '3', '83', NULL, '2026-07-23 10:11:35', '2026-07-23 10:11:35', 'biasa', NULL, '2025/2026', 'Genap', 'akademik', NULL, NULL, NULL, NULL, NULL, NULL, NULL, NULL, NULL),
('157', '31', NULL, '4', '88', NULL, '2026-07-23 10:11:35', '2026-07-23 10:11:35', 'biasa', NULL, '2025/2026', 'Genap', 'akademik', NULL, NULL, NULL, NULL, NULL, NULL, NULL, NULL, NULL),
('158', '31', NULL, '5', '97', NULL, '2026-07-23 10:11:35', '2026-07-23 10:11:35', 'biasa', NULL, '2025/2026', 'Genap', 'akademik', NULL, NULL, NULL, NULL, NULL, NULL, NULL, NULL, NULL),
('159', '32', NULL, '1', '94', NULL, '2026-07-23 10:11:35', '2026-07-23 10:11:35', 'biasa', NULL, '2025/2026', 'Genap', 'akademik', NULL, NULL, NULL, NULL, NULL, NULL, NULL, NULL, NULL),
('160', '32', NULL, '2', '88', NULL, '2026-07-23 10:11:35', '2026-07-23 10:11:35', 'biasa', NULL, '2025/2026', 'Genap', 'akademik', NULL, NULL, NULL, NULL, NULL, NULL, NULL, NULL, NULL),
('161', '32', NULL, '3', '100', NULL, '2026-07-23 10:11:35', '2026-07-23 10:11:35', 'biasa', NULL, '2025/2026', 'Genap', 'akademik', NULL, NULL, NULL, NULL, NULL, NULL, NULL, NULL, NULL),
('162', '32', NULL, '4', '78', NULL, '2026-07-23 10:11:35', '2026-07-23 10:11:35', 'biasa', NULL, '2025/2026', 'Genap', 'akademik', NULL, NULL, NULL, NULL, NULL, NULL, NULL, NULL, NULL),
('163', '32', NULL, '5', '96', NULL, '2026-07-23 10:11:35', '2026-07-23 10:11:35', 'biasa', NULL, '2025/2026', 'Genap', 'akademik', NULL, NULL, NULL, NULL, NULL, NULL, NULL, NULL, NULL),
('164', '33', NULL, '1', '91', NULL, '2026-07-23 10:11:35', '2026-07-23 10:11:35', 'biasa', NULL, '2025/2026', 'Genap', 'akademik', NULL, NULL, NULL, NULL, NULL, NULL, NULL, NULL, NULL),
('165', '33', NULL, '2', '76', NULL, '2026-07-23 10:11:35', '2026-07-23 10:11:35', 'biasa', NULL, '2025/2026', 'Genap', 'akademik', NULL, NULL, NULL, NULL, NULL, NULL, NULL, NULL, NULL),
('166', '33', NULL, '3', '93', NULL, '2026-07-23 10:11:35', '2026-07-23 10:11:35', 'biasa', NULL, '2025/2026', 'Genap', 'akademik', NULL, NULL, NULL, NULL, NULL, NULL, NULL, NULL, NULL),
('167', '33', NULL, '4', '82', NULL, '2026-07-23 10:11:35', '2026-07-23 10:11:35', 'biasa', NULL, '2025/2026', 'Genap', 'akademik', NULL, NULL, NULL, NULL, NULL, NULL, NULL, NULL, NULL),
('168', '33', NULL, '5', '80', NULL, '2026-07-23 10:11:35', '2026-07-23 10:11:35', 'biasa', NULL, '2025/2026', 'Genap', 'akademik', NULL, NULL, NULL, NULL, NULL, NULL, NULL, NULL, NULL),
('169', '34', NULL, '1', '98', NULL, '2026-07-23 10:11:35', '2026-07-23 10:11:35', 'biasa', NULL, '2025/2026', 'Genap', 'akademik', NULL, NULL, NULL, NULL, NULL, NULL, NULL, NULL, NULL),
('170', '34', NULL, '2', '85', NULL, '2026-07-23 10:11:35', '2026-07-23 10:11:35', 'biasa', NULL, '2025/2026', 'Genap', 'akademik', NULL, NULL, NULL, NULL, NULL, NULL, NULL, NULL, NULL),
('171', '34', NULL, '3', '78', NULL, '2026-07-23 10:11:35', '2026-07-23 10:11:35', 'biasa', NULL, '2025/2026', 'Genap', 'akademik', NULL, NULL, NULL, NULL, NULL, NULL, NULL, NULL, NULL),
('172', '34', NULL, '4', '97', NULL, '2026-07-23 10:11:35', '2026-07-23 10:11:35', 'biasa', NULL, '2025/2026', 'Genap', 'akademik', NULL, NULL, NULL, NULL, NULL, NULL, NULL, NULL, NULL),
('173', '34', NULL, '5', '80', NULL, '2026-07-23 10:11:35', '2026-07-23 10:11:35', 'biasa', NULL, '2025/2026', 'Genap', 'akademik', NULL, NULL, NULL, NULL, NULL, NULL, NULL, NULL, NULL),
('174', '35', NULL, '1', '82', NULL, '2026-07-23 10:11:35', '2026-07-23 10:11:35', 'biasa', NULL, '2025/2026', 'Genap', 'akademik', NULL, NULL, NULL, NULL, NULL, NULL, NULL, NULL, NULL),
('175', '35', NULL, '2', '82', NULL, '2026-07-23 10:11:35', '2026-07-23 10:11:35', 'biasa', NULL, '2025/2026', 'Genap', 'akademik', NULL, NULL, NULL, NULL, NULL, NULL, NULL, NULL, NULL),
('176', '35', NULL, '3', '90', NULL, '2026-07-23 10:11:35', '2026-07-23 10:11:35', 'biasa', NULL, '2025/2026', 'Genap', 'akademik', NULL, NULL, NULL, NULL, NULL, NULL, NULL, NULL, NULL),
('177', '35', NULL, '4', '96', NULL, '2026-07-23 10:11:35', '2026-07-23 10:11:35', 'biasa', NULL, '2025/2026', 'Genap', 'akademik', NULL, NULL, NULL, NULL, NULL, NULL, NULL, NULL, NULL),
('178', '35', NULL, '5', '95', NULL, '2026-07-23 10:11:35', '2026-07-23 10:11:35', 'biasa', NULL, '2025/2026', 'Genap', 'akademik', NULL, NULL, NULL, NULL, NULL, NULL, NULL, NULL, NULL),
('179', '36', NULL, '1', '96', NULL, '2026-07-23 10:11:35', '2026-07-23 10:11:35', 'biasa', NULL, '2025/2026', 'Genap', 'akademik', NULL, NULL, NULL, NULL, NULL, NULL, NULL, NULL, NULL),
('180', '36', NULL, '2', '100', NULL, '2026-07-23 10:11:35', '2026-07-23 10:11:35', 'biasa', NULL, '2025/2026', 'Genap', 'akademik', NULL, NULL, NULL, NULL, NULL, NULL, NULL, NULL, NULL),
('181', '36', NULL, '3', '93', NULL, '2026-07-23 10:11:35', '2026-07-23 10:11:35', 'biasa', NULL, '2025/2026', 'Genap', 'akademik', NULL, NULL, NULL, NULL, NULL, NULL, NULL, NULL, NULL),
('182', '36', NULL, '4', '75', NULL, '2026-07-23 10:11:35', '2026-07-23 10:11:35', 'biasa', NULL, '2025/2026', 'Genap', 'akademik', NULL, NULL, NULL, NULL, NULL, NULL, NULL, NULL, NULL),
('183', '36', NULL, '5', '94', NULL, '2026-07-23 10:11:35', '2026-07-23 10:11:35', 'biasa', NULL, '2025/2026', 'Genap', 'akademik', NULL, NULL, NULL, NULL, NULL, NULL, NULL, NULL, NULL),
('184', '37', NULL, '1', '77', NULL, '2026-07-23 10:11:35', '2026-07-23 10:11:35', 'biasa', NULL, '2025/2026', 'Genap', 'akademik', NULL, NULL, NULL, NULL, NULL, NULL, NULL, NULL, NULL),
('185', '37', NULL, '2', '100', NULL, '2026-07-23 10:11:35', '2026-07-23 10:11:35', 'biasa', NULL, '2025/2026', 'Genap', 'akademik', NULL, NULL, NULL, NULL, NULL, NULL, NULL, NULL, NULL),
('186', '37', NULL, '3', '94', NULL, '2026-07-23 10:11:35', '2026-07-23 10:11:35', 'biasa', NULL, '2025/2026', 'Genap', 'akademik', NULL, NULL, NULL, NULL, NULL, NULL, NULL, NULL, NULL),
('187', '37', NULL, '4', '90', NULL, '2026-07-23 10:11:35', '2026-07-23 10:11:35', 'biasa', NULL, '2025/2026', 'Genap', 'akademik', NULL, NULL, NULL, NULL, NULL, NULL, NULL, NULL, NULL),
('188', '37', NULL, '5', '85', NULL, '2026-07-23 10:11:35', '2026-07-23 10:11:35', 'biasa', NULL, '2025/2026', 'Genap', 'akademik', NULL, NULL, NULL, NULL, NULL, NULL, NULL, NULL, NULL),
('189', '38', NULL, '1', '79', NULL, '2026-07-23 10:11:35', '2026-07-23 10:11:35', 'biasa', NULL, '2025/2026', 'Genap', 'akademik', NULL, NULL, NULL, NULL, NULL, NULL, NULL, NULL, NULL),
('190', '38', NULL, '2', '88', NULL, '2026-07-23 10:11:35', '2026-07-23 10:11:35', 'biasa', NULL, '2025/2026', 'Genap', 'akademik', NULL, NULL, NULL, NULL, NULL, NULL, NULL, NULL, NULL),
('191', '38', NULL, '3', '82', NULL, '2026-07-23 10:11:35', '2026-07-23 10:11:35', 'biasa', NULL, '2025/2026', 'Genap', 'akademik', NULL, NULL, NULL, NULL, NULL, NULL, NULL, NULL, NULL),
('192', '38', NULL, '4', '83', NULL, '2026-07-23 10:11:35', '2026-07-23 10:11:35', 'biasa', NULL, '2025/2026', 'Genap', 'akademik', NULL, NULL, NULL, NULL, NULL, NULL, NULL, NULL, NULL),
('193', '38', NULL, '5', '78', NULL, '2026-07-23 10:11:35', '2026-07-23 10:11:35', 'biasa', NULL, '2025/2026', 'Genap', 'akademik', NULL, NULL, NULL, NULL, NULL, NULL, NULL, NULL, NULL),
('194', '39', NULL, '1', '83', NULL, '2026-07-23 10:11:35', '2026-07-23 10:11:35', 'biasa', NULL, '2025/2026', 'Genap', 'akademik', NULL, NULL, NULL, NULL, NULL, NULL, NULL, NULL, NULL),
('195', '39', NULL, '2', '97', NULL, '2026-07-23 10:11:35', '2026-07-23 10:11:35', 'biasa', NULL, '2025/2026', 'Genap', 'akademik', NULL, NULL, NULL, NULL, NULL, NULL, NULL, NULL, NULL),
('196', '39', NULL, '3', '76', NULL, '2026-07-23 10:11:35', '2026-07-23 10:11:35', 'biasa', NULL, '2025/2026', 'Genap', 'akademik', NULL, NULL, NULL, NULL, NULL, NULL, NULL, NULL, NULL),
('197', '39', NULL, '4', '88', NULL, '2026-07-23 10:11:35', '2026-07-23 10:11:35', 'biasa', NULL, '2025/2026', 'Genap', 'akademik', NULL, NULL, NULL, NULL, NULL, NULL, NULL, NULL, NULL),
('198', '39', NULL, '5', '96', NULL, '2026-07-23 10:11:35', '2026-07-23 10:11:35', 'biasa', NULL, '2025/2026', 'Genap', 'akademik', NULL, NULL, NULL, NULL, NULL, NULL, NULL, NULL, NULL),
('199', '40', NULL, '1', '77', NULL, '2026-07-23 10:11:35', '2026-07-23 10:11:35', 'biasa', NULL, '2025/2026', 'Genap', 'akademik', NULL, NULL, NULL, NULL, NULL, NULL, NULL, NULL, NULL),
('200', '40', NULL, '2', '99', NULL, '2026-07-23 10:11:35', '2026-07-23 10:11:35', 'biasa', NULL, '2025/2026', 'Genap', 'akademik', NULL, NULL, NULL, NULL, NULL, NULL, NULL, NULL, NULL);
INSERT INTO `nilai` (`id`, `siswa_id`, `tugas_id`, `mapel_id`, `nilai`, `catatan`, `created_at`, `updated_at`, `jenis_nilai`, `nilai_bahasa`, `tahun_ajaran`, `semester`, `jenis_rapor`, `lingkup_materi`, `tujuan_pembelajaran`, `tp_scores`, `tugas_scores`, `sumatif_scores`, `nilai_sumatif`, `capaian_kompetensi`, `kompetensi_dikuasai`, `kompetensi_perlu_ditingkatkan`) VALUES
('201', '40', NULL, '3', '95', NULL, '2026-07-23 10:11:35', '2026-07-23 10:11:35', 'biasa', NULL, '2025/2026', 'Genap', 'akademik', NULL, NULL, NULL, NULL, NULL, NULL, NULL, NULL, NULL),
('202', '40', NULL, '4', '93', NULL, '2026-07-23 10:11:35', '2026-07-23 10:11:35', 'biasa', NULL, '2025/2026', 'Genap', 'akademik', NULL, NULL, NULL, NULL, NULL, NULL, NULL, NULL, NULL),
('203', '40', NULL, '5', '76', NULL, '2026-07-23 10:11:35', '2026-07-23 10:11:35', 'biasa', NULL, '2025/2026', 'Genap', 'akademik', NULL, NULL, NULL, NULL, NULL, NULL, NULL, NULL, NULL),
('204', '41', NULL, '1', '93', NULL, '2026-07-23 10:11:35', '2026-07-23 10:11:35', 'biasa', NULL, '2025/2026', 'Genap', 'akademik', NULL, NULL, NULL, NULL, NULL, NULL, NULL, NULL, NULL),
('205', '41', NULL, '2', '96', NULL, '2026-07-23 10:11:35', '2026-07-23 10:11:35', 'biasa', NULL, '2025/2026', 'Genap', 'akademik', NULL, NULL, NULL, NULL, NULL, NULL, NULL, NULL, NULL),
('206', '41', NULL, '3', '87', NULL, '2026-07-23 10:11:35', '2026-07-23 10:11:35', 'biasa', NULL, '2025/2026', 'Genap', 'akademik', NULL, NULL, NULL, NULL, NULL, NULL, NULL, NULL, NULL),
('207', '41', NULL, '4', '84', NULL, '2026-07-23 10:11:35', '2026-07-23 10:11:35', 'biasa', NULL, '2025/2026', 'Genap', 'akademik', NULL, NULL, NULL, NULL, NULL, NULL, NULL, NULL, NULL),
('208', '41', NULL, '5', '99', NULL, '2026-07-23 10:11:35', '2026-07-23 10:11:35', 'biasa', NULL, '2025/2026', 'Genap', 'akademik', NULL, NULL, NULL, NULL, NULL, NULL, NULL, NULL, NULL),
('209', '42', NULL, '1', '80', NULL, '2026-07-23 10:11:35', '2026-07-23 10:11:35', 'biasa', NULL, '2025/2026', 'Genap', 'akademik', NULL, NULL, NULL, NULL, NULL, NULL, NULL, NULL, NULL),
('210', '42', NULL, '2', '90', NULL, '2026-07-23 10:11:35', '2026-07-23 10:11:35', 'biasa', NULL, '2025/2026', 'Genap', 'akademik', NULL, NULL, NULL, NULL, NULL, NULL, NULL, NULL, NULL),
('211', '42', NULL, '3', '93', NULL, '2026-07-23 10:11:35', '2026-07-23 10:11:35', 'biasa', NULL, '2025/2026', 'Genap', 'akademik', NULL, NULL, NULL, NULL, NULL, NULL, NULL, NULL, NULL),
('212', '42', NULL, '4', '75', NULL, '2026-07-23 10:11:35', '2026-07-23 10:11:35', 'biasa', NULL, '2025/2026', 'Genap', 'akademik', NULL, NULL, NULL, NULL, NULL, NULL, NULL, NULL, NULL),
('213', '42', NULL, '5', '100', NULL, '2026-07-23 10:11:35', '2026-07-23 10:11:35', 'biasa', NULL, '2025/2026', 'Genap', 'akademik', NULL, NULL, NULL, NULL, NULL, NULL, NULL, NULL, NULL),
('214', '43', NULL, '1', '99', NULL, '2026-07-23 10:11:35', '2026-07-23 10:11:35', 'biasa', NULL, '2025/2026', 'Genap', 'akademik', NULL, NULL, NULL, NULL, NULL, NULL, NULL, NULL, NULL),
('215', '43', NULL, '2', '78', NULL, '2026-07-23 10:11:35', '2026-07-23 10:11:35', 'biasa', NULL, '2025/2026', 'Genap', 'akademik', NULL, NULL, NULL, NULL, NULL, NULL, NULL, NULL, NULL),
('216', '43', NULL, '3', '99', NULL, '2026-07-23 10:11:35', '2026-07-23 10:11:35', 'biasa', NULL, '2025/2026', 'Genap', 'akademik', NULL, NULL, NULL, NULL, NULL, NULL, NULL, NULL, NULL),
('217', '43', NULL, '4', '94', NULL, '2026-07-23 10:11:35', '2026-07-23 10:11:35', 'biasa', NULL, '2025/2026', 'Genap', 'akademik', NULL, NULL, NULL, NULL, NULL, NULL, NULL, NULL, NULL),
('218', '43', NULL, '5', '81', NULL, '2026-07-23 10:11:35', '2026-07-23 10:11:35', 'biasa', NULL, '2025/2026', 'Genap', 'akademik', NULL, NULL, NULL, NULL, NULL, NULL, NULL, NULL, NULL),
('219', '44', NULL, '1', '85', NULL, '2026-07-23 10:11:35', '2026-07-23 10:11:35', 'biasa', NULL, '2025/2026', 'Genap', 'akademik', NULL, NULL, NULL, NULL, NULL, NULL, NULL, NULL, NULL),
('220', '44', NULL, '2', '83', NULL, '2026-07-23 10:11:35', '2026-07-23 10:11:35', 'biasa', NULL, '2025/2026', 'Genap', 'akademik', NULL, NULL, NULL, NULL, NULL, NULL, NULL, NULL, NULL),
('221', '44', NULL, '3', '92', NULL, '2026-07-23 10:11:35', '2026-07-23 10:11:35', 'biasa', NULL, '2025/2026', 'Genap', 'akademik', NULL, NULL, NULL, NULL, NULL, NULL, NULL, NULL, NULL),
('222', '44', NULL, '4', '81', NULL, '2026-07-23 10:11:35', '2026-07-23 10:11:35', 'biasa', NULL, '2025/2026', 'Genap', 'akademik', NULL, NULL, NULL, NULL, NULL, NULL, NULL, NULL, NULL),
('223', '44', NULL, '5', '91', NULL, '2026-07-23 10:11:35', '2026-07-23 10:11:35', 'biasa', NULL, '2025/2026', 'Genap', 'akademik', NULL, NULL, NULL, NULL, NULL, NULL, NULL, NULL, NULL),
('224', '45', NULL, '1', '84', NULL, '2026-07-23 10:11:35', '2026-07-23 10:11:35', 'biasa', NULL, '2025/2026', 'Genap', 'akademik', NULL, NULL, NULL, NULL, NULL, NULL, NULL, NULL, NULL),
('225', '45', NULL, '2', '99', NULL, '2026-07-23 10:11:35', '2026-07-23 10:11:35', 'biasa', NULL, '2025/2026', 'Genap', 'akademik', NULL, NULL, NULL, NULL, NULL, NULL, NULL, NULL, NULL),
('226', '45', NULL, '3', '81', NULL, '2026-07-23 10:11:35', '2026-07-23 10:11:35', 'biasa', NULL, '2025/2026', 'Genap', 'akademik', NULL, NULL, NULL, NULL, NULL, NULL, NULL, NULL, NULL),
('227', '45', NULL, '4', '79', NULL, '2026-07-23 10:11:35', '2026-07-23 10:11:35', 'biasa', NULL, '2025/2026', 'Genap', 'akademik', NULL, NULL, NULL, NULL, NULL, NULL, NULL, NULL, NULL),
('228', '45', NULL, '5', '91', NULL, '2026-07-23 10:11:35', '2026-07-23 10:11:35', 'biasa', NULL, '2025/2026', 'Genap', 'akademik', NULL, NULL, NULL, NULL, NULL, NULL, NULL, NULL, NULL),
('229', '46', NULL, '1', '79', NULL, '2026-07-23 10:11:35', '2026-07-23 10:11:35', 'biasa', NULL, '2025/2026', 'Genap', 'akademik', NULL, NULL, NULL, NULL, NULL, NULL, NULL, NULL, NULL),
('230', '46', NULL, '2', '99', NULL, '2026-07-23 10:11:35', '2026-07-23 10:11:35', 'biasa', NULL, '2025/2026', 'Genap', 'akademik', NULL, NULL, NULL, NULL, NULL, NULL, NULL, NULL, NULL),
('231', '46', NULL, '3', '79', NULL, '2026-07-23 10:11:35', '2026-07-23 10:11:35', 'biasa', NULL, '2025/2026', 'Genap', 'akademik', NULL, NULL, NULL, NULL, NULL, NULL, NULL, NULL, NULL),
('232', '46', NULL, '4', '86', NULL, '2026-07-23 10:11:35', '2026-07-23 10:11:35', 'biasa', NULL, '2025/2026', 'Genap', 'akademik', NULL, NULL, NULL, NULL, NULL, NULL, NULL, NULL, NULL),
('233', '46', NULL, '5', '81', NULL, '2026-07-23 10:11:35', '2026-07-23 10:11:35', 'biasa', NULL, '2025/2026', 'Genap', 'akademik', NULL, NULL, NULL, NULL, NULL, NULL, NULL, NULL, NULL),
('234', '47', NULL, '1', '76', NULL, '2026-07-23 10:11:35', '2026-07-23 10:11:35', 'biasa', NULL, '2025/2026', 'Genap', 'akademik', NULL, NULL, NULL, NULL, NULL, NULL, NULL, NULL, NULL),
('235', '47', NULL, '2', '100', NULL, '2026-07-23 10:11:35', '2026-07-23 10:11:35', 'biasa', NULL, '2025/2026', 'Genap', 'akademik', NULL, NULL, NULL, NULL, NULL, NULL, NULL, NULL, NULL),
('236', '47', NULL, '3', '99', NULL, '2026-07-23 10:11:35', '2026-07-23 10:11:35', 'biasa', NULL, '2025/2026', 'Genap', 'akademik', NULL, NULL, NULL, NULL, NULL, NULL, NULL, NULL, NULL),
('237', '47', NULL, '4', '85', NULL, '2026-07-23 10:11:35', '2026-07-23 10:11:35', 'biasa', NULL, '2025/2026', 'Genap', 'akademik', NULL, NULL, NULL, NULL, NULL, NULL, NULL, NULL, NULL),
('238', '47', NULL, '5', '77', NULL, '2026-07-23 10:11:35', '2026-07-23 10:11:35', 'biasa', NULL, '2025/2026', 'Genap', 'akademik', NULL, NULL, NULL, NULL, NULL, NULL, NULL, NULL, NULL),
('239', '48', NULL, '1', '93', NULL, '2026-07-23 10:11:35', '2026-07-23 10:11:35', 'biasa', NULL, '2025/2026', 'Genap', 'akademik', NULL, NULL, NULL, NULL, NULL, NULL, NULL, NULL, NULL),
('240', '48', NULL, '2', '80', NULL, '2026-07-23 10:11:35', '2026-07-23 10:11:35', 'biasa', NULL, '2025/2026', 'Genap', 'akademik', NULL, NULL, NULL, NULL, NULL, NULL, NULL, NULL, NULL),
('241', '48', NULL, '3', '91', NULL, '2026-07-23 10:11:35', '2026-07-23 10:11:35', 'biasa', NULL, '2025/2026', 'Genap', 'akademik', NULL, NULL, NULL, NULL, NULL, NULL, NULL, NULL, NULL),
('242', '48', NULL, '4', '95', NULL, '2026-07-23 10:11:35', '2026-07-23 10:11:35', 'biasa', NULL, '2025/2026', 'Genap', 'akademik', NULL, NULL, NULL, NULL, NULL, NULL, NULL, NULL, NULL),
('243', '48', NULL, '5', '83', NULL, '2026-07-23 10:11:35', '2026-07-23 10:11:35', 'biasa', NULL, '2025/2026', 'Genap', 'akademik', NULL, NULL, NULL, NULL, NULL, NULL, NULL, NULL, NULL),
('244', '49', NULL, '1', '92', NULL, '2026-07-23 10:11:35', '2026-07-23 10:11:35', 'biasa', NULL, '2025/2026', 'Genap', 'akademik', NULL, NULL, NULL, NULL, NULL, NULL, NULL, NULL, NULL),
('245', '49', NULL, '2', '94', NULL, '2026-07-23 10:11:35', '2026-07-23 10:11:35', 'biasa', NULL, '2025/2026', 'Genap', 'akademik', NULL, NULL, NULL, NULL, NULL, NULL, NULL, NULL, NULL),
('246', '49', NULL, '3', '90', NULL, '2026-07-23 10:11:35', '2026-07-23 10:11:35', 'biasa', NULL, '2025/2026', 'Genap', 'akademik', NULL, NULL, NULL, NULL, NULL, NULL, NULL, NULL, NULL),
('247', '49', NULL, '4', '87', NULL, '2026-07-23 10:11:35', '2026-07-23 10:11:35', 'biasa', NULL, '2025/2026', 'Genap', 'akademik', NULL, NULL, NULL, NULL, NULL, NULL, NULL, NULL, NULL),
('248', '49', NULL, '5', '95', NULL, '2026-07-23 10:11:35', '2026-07-23 10:11:35', 'biasa', NULL, '2025/2026', 'Genap', 'akademik', NULL, NULL, NULL, NULL, NULL, NULL, NULL, NULL, NULL),
('249', '50', NULL, '1', '81', NULL, '2026-07-23 10:11:35', '2026-07-23 10:11:35', 'biasa', NULL, '2025/2026', 'Genap', 'akademik', NULL, NULL, NULL, NULL, NULL, NULL, NULL, NULL, NULL),
('250', '50', NULL, '2', '77', NULL, '2026-07-23 10:11:35', '2026-07-23 10:11:35', 'biasa', NULL, '2025/2026', 'Genap', 'akademik', NULL, NULL, NULL, NULL, NULL, NULL, NULL, NULL, NULL),
('251', '50', NULL, '3', '79', NULL, '2026-07-23 10:11:35', '2026-07-23 10:11:35', 'biasa', NULL, '2025/2026', 'Genap', 'akademik', NULL, NULL, NULL, NULL, NULL, NULL, NULL, NULL, NULL),
('252', '50', NULL, '4', '87', NULL, '2026-07-23 10:11:35', '2026-07-23 10:11:35', 'biasa', NULL, '2025/2026', 'Genap', 'akademik', NULL, NULL, NULL, NULL, NULL, NULL, NULL, NULL, NULL),
('253', '50', NULL, '5', '80', NULL, '2026-07-23 10:11:35', '2026-07-23 10:11:35', 'biasa', NULL, '2025/2026', 'Genap', 'akademik', NULL, NULL, NULL, NULL, NULL, NULL, NULL, NULL, NULL),
('254', '51', NULL, '1', '83', NULL, '2026-07-23 10:11:35', '2026-07-23 10:11:35', 'biasa', NULL, '2025/2026', 'Genap', 'akademik', NULL, NULL, NULL, NULL, NULL, NULL, NULL, NULL, NULL),
('255', '51', NULL, '2', '98', NULL, '2026-07-23 10:11:35', '2026-07-23 10:11:35', 'biasa', NULL, '2025/2026', 'Genap', 'akademik', NULL, NULL, NULL, NULL, NULL, NULL, NULL, NULL, NULL),
('256', '51', NULL, '3', '100', NULL, '2026-07-23 10:11:35', '2026-07-23 10:11:35', 'biasa', NULL, '2025/2026', 'Genap', 'akademik', NULL, NULL, NULL, NULL, NULL, NULL, NULL, NULL, NULL),
('257', '51', NULL, '4', '93', NULL, '2026-07-23 10:11:35', '2026-07-23 10:11:35', 'biasa', NULL, '2025/2026', 'Genap', 'akademik', NULL, NULL, NULL, NULL, NULL, NULL, NULL, NULL, NULL),
('258', '51', NULL, '5', '80', NULL, '2026-07-23 10:11:35', '2026-07-23 10:11:35', 'biasa', NULL, '2025/2026', 'Genap', 'akademik', NULL, NULL, NULL, NULL, NULL, NULL, NULL, NULL, NULL),
('259', '52', NULL, '1', '82', NULL, '2026-07-23 10:11:35', '2026-07-23 10:11:35', 'biasa', NULL, '2025/2026', 'Genap', 'akademik', NULL, NULL, NULL, NULL, NULL, NULL, NULL, NULL, NULL),
('260', '52', NULL, '2', '83', NULL, '2026-07-23 10:11:35', '2026-07-23 10:11:35', 'biasa', NULL, '2025/2026', 'Genap', 'akademik', NULL, NULL, NULL, NULL, NULL, NULL, NULL, NULL, NULL),
('261', '52', NULL, '3', '85', NULL, '2026-07-23 10:11:35', '2026-07-23 10:11:35', 'biasa', NULL, '2025/2026', 'Genap', 'akademik', NULL, NULL, NULL, NULL, NULL, NULL, NULL, NULL, NULL),
('262', '52', NULL, '4', '82', NULL, '2026-07-23 10:11:35', '2026-07-23 10:11:35', 'biasa', NULL, '2025/2026', 'Genap', 'akademik', NULL, NULL, NULL, NULL, NULL, NULL, NULL, NULL, NULL),
('263', '52', NULL, '5', '84', NULL, '2026-07-23 10:11:35', '2026-07-23 10:11:35', 'biasa', NULL, '2025/2026', 'Genap', 'akademik', NULL, NULL, NULL, NULL, NULL, NULL, NULL, NULL, NULL),
('264', '53', NULL, '1', '90', NULL, '2026-07-23 10:11:35', '2026-07-23 10:11:35', 'biasa', NULL, '2025/2026', 'Genap', 'akademik', NULL, NULL, NULL, NULL, NULL, NULL, NULL, NULL, NULL),
('265', '53', NULL, '2', '75', NULL, '2026-07-23 10:11:35', '2026-07-23 10:11:35', 'biasa', NULL, '2025/2026', 'Genap', 'akademik', NULL, NULL, NULL, NULL, NULL, NULL, NULL, NULL, NULL),
('266', '53', NULL, '3', '84', NULL, '2026-07-23 10:11:35', '2026-07-23 10:11:35', 'biasa', NULL, '2025/2026', 'Genap', 'akademik', NULL, NULL, NULL, NULL, NULL, NULL, NULL, NULL, NULL),
('267', '53', NULL, '4', '98', NULL, '2026-07-23 10:11:35', '2026-07-23 10:11:35', 'biasa', NULL, '2025/2026', 'Genap', 'akademik', NULL, NULL, NULL, NULL, NULL, NULL, NULL, NULL, NULL),
('268', '53', NULL, '5', '77', NULL, '2026-07-23 10:11:35', '2026-07-23 10:11:35', 'biasa', NULL, '2025/2026', 'Genap', 'akademik', NULL, NULL, NULL, NULL, NULL, NULL, NULL, NULL, NULL),
('269', '54', NULL, '1', '85', NULL, '2026-07-23 10:11:35', '2026-07-23 10:11:35', 'biasa', NULL, '2025/2026', 'Genap', 'akademik', NULL, NULL, NULL, NULL, NULL, NULL, NULL, NULL, NULL),
('270', '54', NULL, '2', '97', NULL, '2026-07-23 10:11:35', '2026-07-23 10:11:35', 'biasa', NULL, '2025/2026', 'Genap', 'akademik', NULL, NULL, NULL, NULL, NULL, NULL, NULL, NULL, NULL),
('271', '54', NULL, '3', '75', NULL, '2026-07-23 10:11:35', '2026-07-23 10:11:35', 'biasa', NULL, '2025/2026', 'Genap', 'akademik', NULL, NULL, NULL, NULL, NULL, NULL, NULL, NULL, NULL),
('272', '54', NULL, '4', '88', NULL, '2026-07-23 10:11:35', '2026-07-23 10:11:35', 'biasa', NULL, '2025/2026', 'Genap', 'akademik', NULL, NULL, NULL, NULL, NULL, NULL, NULL, NULL, NULL),
('273', '54', NULL, '5', '82', NULL, '2026-07-23 10:11:35', '2026-07-23 10:11:35', 'biasa', NULL, '2025/2026', 'Genap', 'akademik', NULL, NULL, NULL, NULL, NULL, NULL, NULL, NULL, NULL),
('274', '55', NULL, '1', '96', NULL, '2026-07-23 10:11:35', '2026-07-23 10:11:35', 'biasa', NULL, '2025/2026', 'Genap', 'akademik', NULL, NULL, NULL, NULL, NULL, NULL, NULL, NULL, NULL),
('275', '55', NULL, '2', '87', NULL, '2026-07-23 10:11:35', '2026-07-23 10:11:35', 'biasa', NULL, '2025/2026', 'Genap', 'akademik', NULL, NULL, NULL, NULL, NULL, NULL, NULL, NULL, NULL),
('276', '55', NULL, '3', '98', NULL, '2026-07-23 10:11:35', '2026-07-23 10:11:35', 'biasa', NULL, '2025/2026', 'Genap', 'akademik', NULL, NULL, NULL, NULL, NULL, NULL, NULL, NULL, NULL),
('277', '55', NULL, '4', '98', NULL, '2026-07-23 10:11:35', '2026-07-23 10:11:35', 'biasa', NULL, '2025/2026', 'Genap', 'akademik', NULL, NULL, NULL, NULL, NULL, NULL, NULL, NULL, NULL),
('278', '55', NULL, '5', '93', NULL, '2026-07-23 10:11:35', '2026-07-23 10:11:35', 'biasa', NULL, '2025/2026', 'Genap', 'akademik', NULL, NULL, NULL, NULL, NULL, NULL, NULL, NULL, NULL),
('279', '56', NULL, '1', '94', NULL, '2026-07-23 10:11:35', '2026-07-23 10:11:35', 'biasa', NULL, '2025/2026', 'Genap', 'akademik', NULL, NULL, NULL, NULL, NULL, NULL, NULL, NULL, NULL),
('280', '56', NULL, '2', '86', NULL, '2026-07-23 10:11:35', '2026-07-23 10:11:35', 'biasa', NULL, '2025/2026', 'Genap', 'akademik', NULL, NULL, NULL, NULL, NULL, NULL, NULL, NULL, NULL),
('281', '56', NULL, '3', '93', NULL, '2026-07-23 10:11:35', '2026-07-23 10:11:35', 'biasa', NULL, '2025/2026', 'Genap', 'akademik', NULL, NULL, NULL, NULL, NULL, NULL, NULL, NULL, NULL),
('282', '56', NULL, '4', '96', NULL, '2026-07-23 10:11:35', '2026-07-23 10:11:35', 'biasa', NULL, '2025/2026', 'Genap', 'akademik', NULL, NULL, NULL, NULL, NULL, NULL, NULL, NULL, NULL),
('283', '56', NULL, '5', '77', NULL, '2026-07-23 10:11:35', '2026-07-23 10:11:35', 'biasa', NULL, '2025/2026', 'Genap', 'akademik', NULL, NULL, NULL, NULL, NULL, NULL, NULL, NULL, NULL),
('284', '57', NULL, '1', '92', NULL, '2026-07-23 10:11:35', '2026-07-23 10:11:35', 'biasa', NULL, '2025/2026', 'Genap', 'akademik', NULL, NULL, NULL, NULL, NULL, NULL, NULL, NULL, NULL),
('285', '57', NULL, '2', '82', NULL, '2026-07-23 10:11:35', '2026-07-23 10:11:35', 'biasa', NULL, '2025/2026', 'Genap', 'akademik', NULL, NULL, NULL, NULL, NULL, NULL, NULL, NULL, NULL),
('286', '57', NULL, '3', '80', NULL, '2026-07-23 10:11:35', '2026-07-23 10:11:35', 'biasa', NULL, '2025/2026', 'Genap', 'akademik', NULL, NULL, NULL, NULL, NULL, NULL, NULL, NULL, NULL),
('287', '57', NULL, '4', '79', NULL, '2026-07-23 10:11:35', '2026-07-23 10:11:35', 'biasa', NULL, '2025/2026', 'Genap', 'akademik', NULL, NULL, NULL, NULL, NULL, NULL, NULL, NULL, NULL),
('288', '57', NULL, '5', '92', NULL, '2026-07-23 10:11:35', '2026-07-23 10:11:35', 'biasa', NULL, '2025/2026', 'Genap', 'akademik', NULL, NULL, NULL, NULL, NULL, NULL, NULL, NULL, NULL),
('289', '58', NULL, '1', '100', NULL, '2026-07-23 10:11:35', '2026-07-23 10:11:35', 'biasa', NULL, '2025/2026', 'Genap', 'akademik', NULL, NULL, NULL, NULL, NULL, NULL, NULL, NULL, NULL),
('290', '58', NULL, '2', '79', NULL, '2026-07-23 10:11:35', '2026-07-23 10:11:35', 'biasa', NULL, '2025/2026', 'Genap', 'akademik', NULL, NULL, NULL, NULL, NULL, NULL, NULL, NULL, NULL),
('291', '58', NULL, '3', '93', NULL, '2026-07-23 10:11:35', '2026-07-23 10:11:35', 'biasa', NULL, '2025/2026', 'Genap', 'akademik', NULL, NULL, NULL, NULL, NULL, NULL, NULL, NULL, NULL),
('292', '58', NULL, '4', '96', NULL, '2026-07-23 10:11:35', '2026-07-23 10:11:35', 'biasa', NULL, '2025/2026', 'Genap', 'akademik', NULL, NULL, NULL, NULL, NULL, NULL, NULL, NULL, NULL),
('293', '58', NULL, '5', '84', NULL, '2026-07-23 10:11:35', '2026-07-23 10:11:35', 'biasa', NULL, '2025/2026', 'Genap', 'akademik', NULL, NULL, NULL, NULL, NULL, NULL, NULL, NULL, NULL),
('294', '59', NULL, '1', '90', NULL, '2026-07-23 10:11:35', '2026-07-23 10:11:35', 'biasa', NULL, '2025/2026', 'Genap', 'akademik', NULL, NULL, NULL, NULL, NULL, NULL, NULL, NULL, NULL),
('295', '59', NULL, '2', '85', NULL, '2026-07-23 10:11:35', '2026-07-23 10:11:35', 'biasa', NULL, '2025/2026', 'Genap', 'akademik', NULL, NULL, NULL, NULL, NULL, NULL, NULL, NULL, NULL),
('296', '59', NULL, '3', '99', NULL, '2026-07-23 10:11:35', '2026-07-23 10:11:35', 'biasa', NULL, '2025/2026', 'Genap', 'akademik', NULL, NULL, NULL, NULL, NULL, NULL, NULL, NULL, NULL),
('297', '59', NULL, '4', '93', NULL, '2026-07-23 10:11:35', '2026-07-23 10:11:35', 'biasa', NULL, '2025/2026', 'Genap', 'akademik', NULL, NULL, NULL, NULL, NULL, NULL, NULL, NULL, NULL),
('298', '59', NULL, '5', '89', NULL, '2026-07-23 10:11:35', '2026-07-23 10:11:35', 'biasa', NULL, '2025/2026', 'Genap', 'akademik', NULL, NULL, NULL, NULL, NULL, NULL, NULL, NULL, NULL),
('299', '60', NULL, '1', '95', NULL, '2026-07-23 10:11:35', '2026-07-23 10:11:35', 'biasa', NULL, '2025/2026', 'Genap', 'akademik', NULL, NULL, NULL, NULL, NULL, NULL, NULL, NULL, NULL),
('300', '60', NULL, '2', '92', NULL, '2026-07-23 10:11:35', '2026-07-23 10:11:35', 'biasa', NULL, '2025/2026', 'Genap', 'akademik', NULL, NULL, NULL, NULL, NULL, NULL, NULL, NULL, NULL);
INSERT INTO `nilai` (`id`, `siswa_id`, `tugas_id`, `mapel_id`, `nilai`, `catatan`, `created_at`, `updated_at`, `jenis_nilai`, `nilai_bahasa`, `tahun_ajaran`, `semester`, `jenis_rapor`, `lingkup_materi`, `tujuan_pembelajaran`, `tp_scores`, `tugas_scores`, `sumatif_scores`, `nilai_sumatif`, `capaian_kompetensi`, `kompetensi_dikuasai`, `kompetensi_perlu_ditingkatkan`) VALUES
('301', '60', NULL, '3', '91', NULL, '2026-07-23 10:11:35', '2026-07-23 10:11:35', 'biasa', NULL, '2025/2026', 'Genap', 'akademik', NULL, NULL, NULL, NULL, NULL, NULL, NULL, NULL, NULL),
('302', '60', NULL, '4', '95', NULL, '2026-07-23 10:11:35', '2026-07-23 10:11:35', 'biasa', NULL, '2025/2026', 'Genap', 'akademik', NULL, NULL, NULL, NULL, NULL, NULL, NULL, NULL, NULL),
('303', '60', NULL, '5', '88', NULL, '2026-07-23 10:11:35', '2026-07-23 10:11:35', 'biasa', NULL, '2025/2026', 'Genap', 'akademik', NULL, NULL, NULL, NULL, NULL, NULL, NULL, NULL, NULL),
('304', '61', NULL, '1', '87', NULL, '2026-07-23 10:11:35', '2026-07-23 10:11:35', 'biasa', NULL, '2025/2026', 'Genap', 'akademik', NULL, NULL, NULL, NULL, NULL, NULL, NULL, NULL, NULL),
('305', '61', NULL, '2', '86', NULL, '2026-07-23 10:11:35', '2026-07-23 10:11:35', 'biasa', NULL, '2025/2026', 'Genap', 'akademik', NULL, NULL, NULL, NULL, NULL, NULL, NULL, NULL, NULL),
('306', '61', NULL, '3', '79', NULL, '2026-07-23 10:11:35', '2026-07-23 10:11:35', 'biasa', NULL, '2025/2026', 'Genap', 'akademik', NULL, NULL, NULL, NULL, NULL, NULL, NULL, NULL, NULL),
('307', '61', NULL, '4', '86', NULL, '2026-07-23 10:11:35', '2026-07-23 10:11:35', 'biasa', NULL, '2025/2026', 'Genap', 'akademik', NULL, NULL, NULL, NULL, NULL, NULL, NULL, NULL, NULL),
('308', '61', NULL, '5', '91', NULL, '2026-07-23 10:11:35', '2026-07-23 10:11:35', 'biasa', NULL, '2025/2026', 'Genap', 'akademik', NULL, NULL, NULL, NULL, NULL, NULL, NULL, NULL, NULL),
('309', '62', NULL, '1', '82', NULL, '2026-07-23 10:11:35', '2026-07-23 10:11:35', 'biasa', NULL, '2025/2026', 'Genap', 'akademik', NULL, NULL, NULL, NULL, NULL, NULL, NULL, NULL, NULL),
('310', '62', NULL, '2', '86', NULL, '2026-07-23 10:11:35', '2026-07-23 10:11:35', 'biasa', NULL, '2025/2026', 'Genap', 'akademik', NULL, NULL, NULL, NULL, NULL, NULL, NULL, NULL, NULL),
('311', '62', NULL, '3', '99', NULL, '2026-07-23 10:11:35', '2026-07-23 10:11:35', 'biasa', NULL, '2025/2026', 'Genap', 'akademik', NULL, NULL, NULL, NULL, NULL, NULL, NULL, NULL, NULL),
('312', '62', NULL, '4', '98', NULL, '2026-07-23 10:11:35', '2026-07-23 10:11:35', 'biasa', NULL, '2025/2026', 'Genap', 'akademik', NULL, NULL, NULL, NULL, NULL, NULL, NULL, NULL, NULL),
('313', '62', NULL, '5', '99', NULL, '2026-07-23 10:11:35', '2026-07-23 10:11:35', 'biasa', NULL, '2025/2026', 'Genap', 'akademik', NULL, NULL, NULL, NULL, NULL, NULL, NULL, NULL, NULL),
('314', '63', NULL, '1', '90', NULL, '2026-07-23 10:11:35', '2026-07-23 10:11:35', 'biasa', NULL, '2025/2026', 'Genap', 'akademik', NULL, NULL, NULL, NULL, NULL, NULL, NULL, NULL, NULL),
('315', '63', NULL, '2', '87', NULL, '2026-07-23 10:11:35', '2026-07-23 10:11:35', 'biasa', NULL, '2025/2026', 'Genap', 'akademik', NULL, NULL, NULL, NULL, NULL, NULL, NULL, NULL, NULL),
('316', '63', NULL, '3', '79', NULL, '2026-07-23 10:11:35', '2026-07-23 10:11:35', 'biasa', NULL, '2025/2026', 'Genap', 'akademik', NULL, NULL, NULL, NULL, NULL, NULL, NULL, NULL, NULL),
('317', '63', NULL, '4', '100', NULL, '2026-07-23 10:11:35', '2026-07-23 10:11:35', 'biasa', NULL, '2025/2026', 'Genap', 'akademik', NULL, NULL, NULL, NULL, NULL, NULL, NULL, NULL, NULL),
('318', '63', NULL, '5', '92', NULL, '2026-07-23 10:11:35', '2026-07-23 10:11:35', 'biasa', NULL, '2025/2026', 'Genap', 'akademik', NULL, NULL, NULL, NULL, NULL, NULL, NULL, NULL, NULL),
('319', '64', NULL, '1', '94', NULL, '2026-07-23 10:11:35', '2026-07-23 10:11:35', 'biasa', NULL, '2025/2026', 'Genap', 'akademik', NULL, NULL, NULL, NULL, NULL, NULL, NULL, NULL, NULL),
('320', '64', NULL, '2', '91', NULL, '2026-07-23 10:11:35', '2026-07-23 10:11:35', 'biasa', NULL, '2025/2026', 'Genap', 'akademik', NULL, NULL, NULL, NULL, NULL, NULL, NULL, NULL, NULL),
('321', '64', NULL, '3', '79', NULL, '2026-07-23 10:11:35', '2026-07-23 10:11:35', 'biasa', NULL, '2025/2026', 'Genap', 'akademik', NULL, NULL, NULL, NULL, NULL, NULL, NULL, NULL, NULL),
('322', '64', NULL, '4', '100', NULL, '2026-07-23 10:11:35', '2026-07-23 10:11:35', 'biasa', NULL, '2025/2026', 'Genap', 'akademik', NULL, NULL, NULL, NULL, NULL, NULL, NULL, NULL, NULL),
('323', '64', NULL, '5', '77', NULL, '2026-07-23 10:11:35', '2026-07-23 10:11:35', 'biasa', NULL, '2025/2026', 'Genap', 'akademik', NULL, NULL, NULL, NULL, NULL, NULL, NULL, NULL, NULL),
('324', '65', NULL, '1', '94', NULL, '2026-07-23 10:11:35', '2026-07-23 10:11:35', 'biasa', NULL, '2025/2026', 'Genap', 'akademik', NULL, NULL, NULL, NULL, NULL, NULL, NULL, NULL, NULL),
('325', '65', NULL, '2', '87', NULL, '2026-07-23 10:11:35', '2026-07-23 10:11:35', 'biasa', NULL, '2025/2026', 'Genap', 'akademik', NULL, NULL, NULL, NULL, NULL, NULL, NULL, NULL, NULL),
('326', '65', NULL, '3', '88', NULL, '2026-07-23 10:11:35', '2026-07-23 10:11:35', 'biasa', NULL, '2025/2026', 'Genap', 'akademik', NULL, NULL, NULL, NULL, NULL, NULL, NULL, NULL, NULL),
('327', '65', NULL, '4', '85', NULL, '2026-07-23 10:11:35', '2026-07-23 10:11:35', 'biasa', NULL, '2025/2026', 'Genap', 'akademik', NULL, NULL, NULL, NULL, NULL, NULL, NULL, NULL, NULL),
('328', '65', NULL, '5', '90', NULL, '2026-07-23 10:11:35', '2026-07-23 10:11:35', 'biasa', NULL, '2025/2026', 'Genap', 'akademik', NULL, NULL, NULL, NULL, NULL, NULL, NULL, NULL, NULL),
('329', '66', NULL, '1', '95', NULL, '2026-07-23 10:11:35', '2026-07-23 10:11:35', 'biasa', NULL, '2025/2026', 'Genap', 'akademik', NULL, NULL, NULL, NULL, NULL, NULL, NULL, NULL, NULL),
('330', '66', NULL, '2', '85', NULL, '2026-07-23 10:11:35', '2026-07-23 10:11:35', 'biasa', NULL, '2025/2026', 'Genap', 'akademik', NULL, NULL, NULL, NULL, NULL, NULL, NULL, NULL, NULL),
('331', '66', NULL, '3', '81', NULL, '2026-07-23 10:11:35', '2026-07-23 10:11:35', 'biasa', NULL, '2025/2026', 'Genap', 'akademik', NULL, NULL, NULL, NULL, NULL, NULL, NULL, NULL, NULL),
('332', '66', NULL, '4', '88', NULL, '2026-07-23 10:11:35', '2026-07-23 10:11:35', 'biasa', NULL, '2025/2026', 'Genap', 'akademik', NULL, NULL, NULL, NULL, NULL, NULL, NULL, NULL, NULL),
('333', '66', NULL, '5', '75', NULL, '2026-07-23 10:11:35', '2026-07-23 10:11:35', 'biasa', NULL, '2025/2026', 'Genap', 'akademik', NULL, NULL, NULL, NULL, NULL, NULL, NULL, NULL, NULL),
('334', '67', NULL, '2', '83', NULL, '2026-07-23 10:11:35', '2026-07-23 10:11:35', 'biasa', NULL, '2025/2026', 'Genap', 'akademik', NULL, NULL, NULL, NULL, NULL, NULL, NULL, NULL, NULL),
('335', '67', NULL, '4', '90', NULL, '2026-07-23 10:11:35', '2026-07-23 10:11:35', 'biasa', NULL, '2025/2026', 'Genap', 'akademik', NULL, NULL, NULL, NULL, NULL, NULL, NULL, NULL, NULL),
('336', '67', NULL, '5', '91', NULL, '2026-07-23 10:11:35', '2026-07-23 10:11:35', 'biasa', NULL, '2025/2026', 'Genap', 'akademik', NULL, NULL, NULL, NULL, NULL, NULL, NULL, NULL, NULL);

DROP TABLE IF EXISTS `nilai_ktis`;
CREATE TABLE `nilai_ktis` (
  `id` bigint unsigned NOT NULL AUTO_INCREMENT,
  `siswa_id` bigint unsigned NOT NULL,
  `judul_kti` varchar(255) NOT NULL,
  `nilai_proses` decimal(10,2) NOT NULL,
  `nilai_tulisan` decimal(10,2) NOT NULL,
  `nilai_sidang` decimal(10,2) NOT NULL,
  `nilai_akhir` decimal(10,2) NOT NULL,
  `catatan` text NULL,
  `created_at` datetime NULL,
  `updated_at` datetime NULL,
  `current_bab` varchar(255) NOT NULL DEFAULT 'Bab 1',
  `jadwal_sidang` datetime NULL,
  PRIMARY KEY (`id`),
  UNIQUE KEY `nilai_ktis_siswa_id_unique` (`siswa_id`)
) ENGINE=InnoDB DEFAULT CHARSET=utf8mb4 COLLATE=utf8mb4_unicode_ci;

DROP TABLE IF EXISTS `olympiad_exams`;
CREATE TABLE `olympiad_exams` (
  `id` bigint unsigned NOT NULL AUTO_INCREMENT,
  `judul` varchar(255) NOT NULL,
  `deskripsi` text NULL,
  `mapel_id` bigint unsigned NOT NULL,
  `kelas_id` bigint unsigned NULL,
  `guru_id` bigint unsigned NOT NULL,
  `tingkat` varchar(255) NULL,
  `durasi` int NOT NULL,
  `jumlah_soal` int NOT NULL DEFAULT '0',
  `status` varchar(255) NOT NULL DEFAULT 'draft',
  `approved_by` int NULL,
  `approved_at` datetime NULL,
  `catatan_reject` text NULL,
  `created_at` datetime NULL,
  `updated_at` datetime NULL,
  PRIMARY KEY (`id`)
) ENGINE=InnoDB DEFAULT CHARSET=utf8mb4 COLLATE=utf8mb4_unicode_ci;

DROP TABLE IF EXISTS `olympiad_jawabans`;
CREATE TABLE `olympiad_jawabans` (
  `id` bigint unsigned NOT NULL AUTO_INCREMENT,
  `olympiad_exam_id` bigint unsigned NOT NULL,
  `olympiad_soal_id` bigint unsigned NOT NULL,
  `siswa_id` bigint unsigned NOT NULL,
  `jawaban` text NULL,
  `nilai` decimal(10,2) NULL,
  `dinilai` tinyint NOT NULL DEFAULT '0',
  `created_at` datetime NULL,
  `updated_at` datetime NULL,
  PRIMARY KEY (`id`),
  UNIQUE KEY `olympiad_jawabans_olympiad_soal_id_siswa_id_unique` (`olympiad_soal_id`, `siswa_id`)
) ENGINE=InnoDB DEFAULT CHARSET=utf8mb4 COLLATE=utf8mb4_unicode_ci;

DROP TABLE IF EXISTS `olympiad_soals`;
CREATE TABLE `olympiad_soals` (
  `id` bigint unsigned NOT NULL AUTO_INCREMENT,
  `olympiad_exam_id` bigint unsigned NOT NULL,
  `nomor` int NOT NULL,
  `soal` text NOT NULL,
  `tipe` varchar(255) NOT NULL DEFAULT 'pg',
  `pilihan_a` text NULL,
  `pilihan_b` text NULL,
  `pilihan_c` text NULL,
  `pilihan_d` text NULL,
  `jawaban_benar` varchar(255) NULL,
  `bobot` int NOT NULL DEFAULT '1',
  `created_at` datetime NULL,
  `updated_at` datetime NULL,
  PRIMARY KEY (`id`)
) ENGINE=InnoDB DEFAULT CHARSET=utf8mb4 COLLATE=utf8mb4_unicode_ci;

DROP TABLE IF EXISTS `orang_tua`;
CREATE TABLE `orang_tua` (
  `id` bigint unsigned NOT NULL AUTO_INCREMENT,
  `user_id` bigint unsigned NOT NULL,
  `nama` varchar(255) NOT NULL,
  `no_telp` varchar(255) NULL,
  `alamat` text NULL,
  `created_at` datetime NULL,
  `updated_at` datetime NULL,
  PRIMARY KEY (`id`)
) ENGINE=InnoDB DEFAULT CHARSET=utf8mb4 COLLATE=utf8mb4_unicode_ci;

INSERT INTO `orang_tua` (`id`, `user_id`, `nama`, `no_telp`, `alamat`, `created_at`, `updated_at`) VALUES
('1', '80', 'Orang Tua Ahmad Fikri Demo', '080000000000', 'Alamat Orang Tua Demo', '2026-07-23 10:11:32', '2026-07-23 10:11:32'),
('2', '81', 'Ibu Sari Rahmawati', NULL, NULL, '2026-07-23 10:11:33', '2026-07-23 10:11:33');

DROP TABLE IF EXISTS `orang_tua_siswa`;
CREATE TABLE `orang_tua_siswa` (
  `id` bigint unsigned NOT NULL AUTO_INCREMENT,
  `orang_tua_id` bigint unsigned NOT NULL,
  `siswa_id` bigint unsigned NOT NULL,
  `created_at` datetime NULL,
  `updated_at` datetime NULL,
  PRIMARY KEY (`id`)
) ENGINE=InnoDB DEFAULT CHARSET=utf8mb4 COLLATE=utf8mb4_unicode_ci;

INSERT INTO `orang_tua_siswa` (`id`, `orang_tua_id`, `siswa_id`, `created_at`, `updated_at`) VALUES
('1', '1', '67', NULL, NULL);

DROP TABLE IF EXISTS `password_reset_tokens`;
CREATE TABLE `password_reset_tokens` (
  `email` varchar(255) NOT NULL,
  `token` varchar(255) NOT NULL,
  `created_at` datetime NULL,
  PRIMARY KEY (`email`)
) ENGINE=InnoDB DEFAULT CHARSET=utf8mb4 COLLATE=utf8mb4_unicode_ci;

DROP TABLE IF EXISTS `pembayarans`;
CREATE TABLE `pembayarans` (
  `id` bigint unsigned NOT NULL AUTO_INCREMENT,
  `spp_id` bigint unsigned NOT NULL,
  `orang_tua_id` bigint unsigned NOT NULL,
  `tanggal_bayar` date NOT NULL,
  `jumlah` decimal(10,2) NOT NULL,
  `metode` varchar(255) NOT NULL DEFAULT 'transfer',
  `bukti` varchar(255) NULL,
  `status` varchar(255) NOT NULL DEFAULT 'pending',
  `created_at` datetime NULL,
  `updated_at` datetime NULL,
  PRIMARY KEY (`id`)
) ENGINE=InnoDB DEFAULT CHARSET=utf8mb4 COLLATE=utf8mb4_unicode_ci;

INSERT INTO `pembayarans` (`id`, `spp_id`, `orang_tua_id`, `tanggal_bayar`, `jumlah`, `metode`, `bukti`, `status`, `created_at`, `updated_at`) VALUES
('1', '1', '1', '2026-01-05', '250000', 'transfer', NULL, 'confirmed', '2026-07-23 10:11:36', '2026-07-23 10:11:36'),
('2', '2', '1', '2026-02-05', '250000', 'transfer', NULL, 'confirmed', '2026-07-23 10:11:36', '2026-07-23 10:11:36'),
('3', '3', '1', '2026-03-05', '250000', 'transfer', NULL, 'confirmed', '2026-07-23 10:11:36', '2026-07-23 10:11:36'),
('4', '4', '1', '2026-04-05', '250000', 'transfer', NULL, 'confirmed', '2026-07-23 10:11:36', '2026-07-23 10:11:36'),
('5', '5', '1', '2026-05-05', '250000', 'transfer', NULL, 'confirmed', '2026-07-23 10:11:36', '2026-07-23 10:11:36'),
('6', '6', '1', '2026-06-05', '250000', 'transfer', NULL, 'confirmed', '2026-07-23 10:11:36', '2026-07-23 10:11:36'),
('7', '8', '1', '2026-01-05', '250000', 'transfer', NULL, 'confirmed', '2026-07-23 10:11:36', '2026-07-23 10:11:36'),
('8', '9', '1', '2026-02-05', '250000', 'transfer', NULL, 'confirmed', '2026-07-23 10:11:36', '2026-07-23 10:11:36'),
('9', '10', '1', '2026-03-05', '250000', 'transfer', NULL, 'confirmed', '2026-07-23 10:11:36', '2026-07-23 10:11:36'),
('10', '11', '1', '2026-04-05', '250000', 'transfer', NULL, 'confirmed', '2026-07-23 10:11:36', '2026-07-23 10:11:36'),
('11', '12', '1', '2026-05-05', '250000', 'transfer', NULL, 'confirmed', '2026-07-23 10:11:36', '2026-07-23 10:11:36'),
('12', '13', '1', '2026-06-05', '250000', 'transfer', NULL, 'confirmed', '2026-07-23 10:11:36', '2026-07-23 10:11:36'),
('13', '15', '1', '2026-01-05', '250000', 'transfer', NULL, 'confirmed', '2026-07-23 10:11:36', '2026-07-23 10:11:36'),
('14', '16', '1', '2026-02-05', '250000', 'transfer', NULL, 'confirmed', '2026-07-23 10:11:36', '2026-07-23 10:11:36'),
('15', '17', '1', '2026-03-05', '250000', 'transfer', NULL, 'confirmed', '2026-07-23 10:11:36', '2026-07-23 10:11:36'),
('16', '18', '1', '2026-04-05', '250000', 'transfer', NULL, 'confirmed', '2026-07-23 10:11:36', '2026-07-23 10:11:36'),
('17', '19', '1', '2026-05-05', '250000', 'transfer', NULL, 'confirmed', '2026-07-23 10:11:36', '2026-07-23 10:11:36'),
('18', '20', '1', '2026-06-05', '250000', 'transfer', NULL, 'confirmed', '2026-07-23 10:11:36', '2026-07-23 10:11:36');

DROP TABLE IF EXISTS `pengaturan`;
CREATE TABLE `pengaturan` (
  `id` bigint unsigned NOT NULL AUTO_INCREMENT,
  `key` varchar(255) NOT NULL,
  `value` text NOT NULL,
  `created_at` datetime NULL,
  `updated_at` datetime NULL,
  PRIMARY KEY (`id`),
  UNIQUE KEY `pengaturan_key_unique` (`key`)
) ENGINE=InnoDB DEFAULT CHARSET=utf8mb4 COLLATE=utf8mb4_unicode_ci;

INSERT INTO `pengaturan` (`id`, `key`, `value`, `created_at`, `updated_at`) VALUES
('1', 'nama_sekolah', 'SMPIT Al Azhar Jaya Indonesia', '2026-07-23 10:11:36', '2026-07-23 10:11:36'),
('2', 'tahun_ajaran', '2025/2026', '2026-07-23 10:11:36', '2026-07-23 10:11:36'),
('3', 'semester', 'Genap', '2026-07-23 10:11:36', '2026-07-23 10:11:36'),
('4', 'alamat_sekolah', 'Jl. Raya Cendana No. 123, Kota Tangerang Selatan, Banten', '2026-07-23 10:11:36', '2026-07-23 10:11:36'),
('5', 'kkm_default', '70', '2026-07-23 10:11:36', '2026-07-23 10:11:36');

DROP TABLE IF EXISTS `pengumpulan_tugas`;
CREATE TABLE `pengumpulan_tugas` (
  `id` bigint unsigned NOT NULL AUTO_INCREMENT,
  `tugas_id` bigint unsigned NOT NULL,
  `siswa_id` bigint unsigned NOT NULL,
  `file_path` varchar(255) NULL,
  `catatan_siswa` text NULL,
  `nilai` decimal(10,2) NULL,
  `catatan_guru` text NULL,
  `dikumpulkan_at` datetime NULL,
  `created_at` datetime NULL,
  `updated_at` datetime NULL,
  PRIMARY KEY (`id`),
  UNIQUE KEY `pengumpulan_tugas_tugas_id_siswa_id_unique` (`tugas_id`, `siswa_id`)
) ENGINE=InnoDB DEFAULT CHARSET=utf8mb4 COLLATE=utf8mb4_unicode_ci;

DROP TABLE IF EXISTS `pengumuman`;
CREATE TABLE `pengumuman` (
  `id` bigint unsigned NOT NULL AUTO_INCREMENT,
  `judul` varchar(255) NOT NULL,
  `konten` text NOT NULL,
  `created_by` int NOT NULL,
  `target_role` varchar(255) NULL,
  `created_at` datetime NULL,
  `updated_at` datetime NULL,
  PRIMARY KEY (`id`)
) ENGINE=InnoDB DEFAULT CHARSET=utf8mb4 COLLATE=utf8mb4_unicode_ci;

INSERT INTO `pengumuman` (`id`, `judul`, `konten`, `created_by`, `target_role`, `created_at`, `updated_at`) VALUES
('1', 'Pengumuman Demo SMPIT', 'Informasi sekolah Demo untuk akun dummy.', '78', 'semua', '2026-07-23 10:11:33', '2026-07-23 10:11:33'),
('2', 'Libur Hari Raya Nyepi', 'Sekolah libur pada tanggal 30 Maret 2026.', '82', NULL, '2026-03-25 00:00:00', '2026-03-25 00:00:00'),
('3', 'Pesantren Kilat Ramadhan', 'Kegiatan pesantren kilat akan diadakan pada minggu kedua April.', '82', NULL, '2026-03-20 00:00:00', '2026-03-20 00:00:00');

DROP TABLE IF EXISTS `pesan`;
CREATE TABLE `pesan` (
  `id` bigint unsigned NOT NULL AUTO_INCREMENT,
  `pengirim_id` bigint unsigned NOT NULL,
  `penerima_id` bigint unsigned NOT NULL,
  `subjek` varchar(255) NULL,
  `isi` text NOT NULL,
  `dibaca` tinyint NOT NULL DEFAULT '0',
  `created_at` datetime NULL,
  `updated_at` datetime NULL,
  `siswa_id` bigint unsigned NULL,
  `kategori` varchar(255) NOT NULL DEFAULT 'Lainnya',
  `tanggal` datetime NULL,
  `parent_message_id` bigint unsigned NULL,
  `thread_id` varchar(255) NULL,
  `lampiran_path` varchar(255) NULL,
  PRIMARY KEY (`id`),
  KEY `pesan_thread_id_index` (`thread_id`),
  KEY `pesan_tanggal_index` (`tanggal`),
  KEY `pesan_kategori_index` (`kategori`),
  KEY `pesan_siswa_id_created_at_index` (`siswa_id`, `created_at`),
  KEY `pesan_penerima_id_dibaca_created_at_index` (`penerima_id`, `dibaca`, `created_at`)
) ENGINE=InnoDB DEFAULT CHARSET=utf8mb4 COLLATE=utf8mb4_unicode_ci;

INSERT INTO `pesan` (`id`, `pengirim_id`, `penerima_id`, `subjek`, `isi`, `dibaca`, `created_at`, `updated_at`, `siswa_id`, `kategori`, `tanggal`, `parent_message_id`, `thread_id`, `lampiran_path`) VALUES
('1', '78', '80', 'Kehadiran Demo', 'Ahmad Fikri Demo tercatat dua kali terlambat. Mohon pendampingan dari rumah.', '1', '2026-07-23 10:11:33', '2026-07-23 10:11:33', '67', 'Kehadiran', '2026-07-17 10:11:33', NULL, 'demo-buku-penghubung-67', NULL),
('2', '80', '78', 'Re: Kehadiran Demo', 'Terima kasih informasinya, kami akan mengatur keberangkatan lebih awal.', '0', '2026-07-23 10:11:33', '2026-07-23 10:11:33', '67', 'Kehadiran', '2026-07-18 10:11:33', '1', 'demo-buku-penghubung-67', NULL),
('3', '78', '80', 'Perkembangan Tahfidz Demo', 'Setoran Al-Falaq Ahmad Fikri Demo semakin lancar. Target berikutnya Al-Ikhlas.', '1', '2026-07-23 10:11:33', '2026-07-23 10:11:33', '67', 'Tahsin/Tahfidz', '2026-07-19 10:11:33', '1', 'demo-buku-penghubung-67', NULL),
('4', '78', '79', 'Tugas Matematika Demo', 'Jangan lupa menyelesaikan tugas Matematika Demo sebelum Jumat.', '0', '2026-07-23 10:11:33', '2026-07-23 10:11:33', '67', 'Tugas', '2026-07-20 10:11:33', '1', 'demo-buku-penghubung-67', NULL),
('5', '80', '78', 'Hasil Belajar Demo', 'Mohon informasi perkembangan belajar Ahmad Fikri Demo pekan ini.', '1', '2026-07-23 10:11:33', '2026-07-23 10:11:33', '67', 'Akademik', '2026-07-21 10:11:33', '1', 'demo-buku-penghubung-67', NULL),
('6', '78', '80', 'Re: Hasil Belajar Demo', 'Ahmad Fikri Demo aktif dan nilai formatifnya stabil. Latihan soal cerita tetap perlu ditambah.', '0', '2026-07-23 10:11:33', '2026-07-23 10:11:33', '67', 'Akademik', '2026-07-22 10:11:33', '1', 'demo-buku-penghubung-67', NULL),
('7', '1', '12', 'PR Matematika', 'Jangan lupa kumpulkan PR besok!', '0', '2026-07-23 10:11:36', '2026-07-23 10:11:36', NULL, 'Lainnya', NULL, NULL, NULL, NULL);

DROP TABLE IF EXISTS `program_pengayaans`;
CREATE TABLE `program_pengayaans` (
  `id` bigint unsigned NOT NULL AUTO_INCREMENT,
  `guru_id` bigint unsigned NOT NULL,
  `mapel_id` bigint unsigned NULL,
  `kelas_id` bigint unsigned NULL,
  `kompetensi_dasar` varchar(255) NULL,
  `materi` text NULL,
  `bentuk_pengayaan` text NULL,
  `keterangan` text NULL,
  `tahun_ajaran` varchar(255) NOT NULL DEFAULT '2026/2027',
  `semester` varchar(255) NOT NULL DEFAULT 'Ganjil',
  `created_at` datetime NULL,
  `updated_at` datetime NULL,
  PRIMARY KEY (`id`),
  KEY `program_pengayaans_semester_index` (`semester`),
  KEY `program_pengayaans_tahun_ajaran_index` (`tahun_ajaran`),
  KEY `program_pengayaans_guru_id_tahun_ajaran_semester_index` (`guru_id`, `tahun_ajaran`, `semester`)
) ENGINE=InnoDB DEFAULT CHARSET=utf8mb4 COLLATE=utf8mb4_unicode_ci;

INSERT INTO `program_pengayaans` (`id`, `guru_id`, `mapel_id`, `kelas_id`, `kompetensi_dasar`, `materi`, `bentuk_pengayaan`, `keterangan`, `tahun_ajaran`, `semester`, `created_at`, `updated_at`) VALUES
('1', '12', '1', '6', 'KD Demo', 'Soal cerita bilangan Demo', 'Latihan proyek mini Demo', 'Untuk siswa cepat selesai.', '2026/2027', 'Ganjil', '2026-07-23 10:11:33', '2026-07-23 10:11:33');

DROP TABLE IF EXISTS `program_remedials`;
CREATE TABLE `program_remedials` (
  `id` bigint unsigned NOT NULL AUTO_INCREMENT,
  `remedial_id` bigint unsigned NULL,
  `guru_id` bigint unsigned NOT NULL,
  `siswa_id` bigint unsigned NOT NULL,
  `mapel_id` bigint unsigned NULL,
  `kelas_id` bigint unsigned NULL,
  `kompetensi_dasar` varchar(255) NULL,
  `materi` text NULL,
  `nilai_sebelum` decimal(10,2) NULL,
  `nilai_sesudah` decimal(10,2) NULL,
  `keterangan` text NULL,
  `paraf` varchar(255) NULL,
  `status` varchar(255) NOT NULL DEFAULT 'pending',
  `tahun_ajaran` varchar(255) NOT NULL DEFAULT '2026/2027',
  `semester` varchar(255) NOT NULL DEFAULT 'Ganjil',
  `created_at` datetime NULL,
  `updated_at` datetime NULL,
  PRIMARY KEY (`id`),
  KEY `program_remedials_semester_index` (`semester`),
  KEY `program_remedials_tahun_ajaran_index` (`tahun_ajaran`),
  KEY `program_remedials_status_index` (`status`),
  KEY `program_remedials_siswa_id_status_index` (`siswa_id`, `status`),
  KEY `program_remedials_guru_id_tahun_ajaran_semester_index` (`guru_id`, `tahun_ajaran`, `semester`)
) ENGINE=InnoDB DEFAULT CHARSET=utf8mb4 COLLATE=utf8mb4_unicode_ci;

INSERT INTO `program_remedials` (`id`, `remedial_id`, `guru_id`, `siswa_id`, `mapel_id`, `kelas_id`, `kompetensi_dasar`, `materi`, `nilai_sebelum`, `nilai_sesudah`, `keterangan`, `paraf`, `status`, `tahun_ajaran`, `semester`, `created_at`, `updated_at`) VALUES
('1', '1', '12', '67', '1', '6', 'KD Remedial Demo', 'Perbaikan operasi hitung Demo', '68', '78', 'Demo selesai latihan ulang.', 'GD', 'selesai', '2026/2027', 'Ganjil', '2026-07-23 10:11:33', '2026-07-23 10:11:33');

DROP TABLE IF EXISTS `rapor_items`;
CREATE TABLE `rapor_items` (
  `id` bigint unsigned NOT NULL AUTO_INCREMENT,
  `rapor_id` bigint unsigned NOT NULL,
  `mapel_id` bigint unsigned NULL,
  `kategori` varchar(255) NULL,
  `komponen` varchar(255) NOT NULL,
  `nilai` decimal(10,2) NULL,
  `predikat` varchar(255) NULL,
  `deskripsi` text NULL,
  `metadata` text NULL,
  `created_at` datetime NULL,
  `updated_at` datetime NULL,
  PRIMARY KEY (`id`),
  KEY `rapor_items_kategori_index` (`kategori`),
  KEY `rapor_items_rapor_id_kategori_index` (`rapor_id`, `kategori`)
) ENGINE=InnoDB DEFAULT CHARSET=utf8mb4 COLLATE=utf8mb4_unicode_ci;

INSERT INTO `rapor_items` (`id`, `rapor_id`, `mapel_id`, `kategori`, `komponen`, `nilai`, `predikat`, `deskripsi`, `metadata`, `created_at`, `updated_at`) VALUES
('1', '1', '1', 'akademik', 'Matematika', '86', 'B', 'Capaian kompetensi Demo untuk Matematika.', NULL, '2026-07-23 10:11:33', '2026-07-23 10:11:33'),
('2', '1', '3', 'akademik', 'Bahasa Inggris', '87', 'B', 'Capaian kompetensi Demo untuk Bahasa Inggris.', NULL, '2026-07-23 10:11:33', '2026-07-23 10:11:33'),
('3', '1', '9', 'akademik', 'Tahfidzul Qur''an', '88', 'B', 'Capaian kompetensi Demo untuk Tahfidzul Qur''an.', NULL, '2026-07-23 10:11:33', '2026-07-23 10:11:33'),
('4', '1', NULL, 'ekstrakurikuler', 'Pramuka Demo', NULL, 'Berkembang', 'Aktif mengikuti kegiatan Demo.', NULL, '2026-07-23 10:11:33', '2026-07-23 10:11:33'),
('5', '2', NULL, 'english', 'Listening', '82', 'Good', 'Komponen English Demo.', NULL, '2026-07-23 10:11:33', '2026-07-23 10:11:33'),
('6', '2', NULL, 'english', 'Speaking', '83', 'Good', 'Komponen English Demo.', NULL, '2026-07-23 10:11:33', '2026-07-23 10:11:33'),
('7', '2', NULL, 'english', 'Reading', '84', 'Good', 'Komponen English Demo.', NULL, '2026-07-23 10:11:33', '2026-07-23 10:11:33'),
('8', '2', NULL, 'english', 'Writing', '85', 'Good', 'Komponen English Demo.', NULL, '2026-07-23 10:11:33', '2026-07-23 10:11:33'),
('9', '2', NULL, 'english', 'Vocabulary', '86', 'Good', 'Komponen English Demo.', NULL, '2026-07-23 10:11:33', '2026-07-23 10:11:33'),
('10', '2', NULL, 'english', 'Grammar', '87', 'Good', 'Komponen English Demo.', NULL, '2026-07-23 10:11:33', '2026-07-23 10:11:33'),
('11', '2', NULL, 'english', 'Pronunciation', '88', 'Good', 'Komponen English Demo.', NULL, '2026-07-23 10:11:33', '2026-07-23 10:11:33'),
('12', '2', NULL, 'english', 'Participation', '89', 'Good', 'Komponen English Demo.', NULL, '2026-07-23 10:11:33', '2026-07-23 10:11:33'),
('13', '2', NULL, 'english', 'Final Score', '90', 'Good', 'Komponen English Demo.', NULL, '2026-07-23 10:11:33', '2026-07-23 10:11:33'),
('14', '2', NULL, 'english', 'Teacher Comment', NULL, NULL, 'Ahmad Fikri Demo participates well in English class.', NULL, '2026-07-23 10:11:33', '2026-07-23 10:11:33'),
('15', '3', NULL, 'quran_reading', 'Ketelitian', NULL, 'B', 'Penilaian Quran Demo.', NULL, '2026-07-23 10:11:33', '2026-07-23 10:11:33'),
('16', '3', NULL, 'quran_reading', 'Kelancaran', NULL, 'B', 'Penilaian Quran Demo.', NULL, '2026-07-23 10:11:33', '2026-07-23 10:11:33'),
('17', '3', NULL, 'quran_reading', 'Makhorijul Huruf dan Sifatul Huruf', NULL, 'B', 'Penilaian Quran Demo.', NULL, '2026-07-23 10:11:33', '2026-07-23 10:11:33'),
('18', '3', NULL, 'quran_reading', 'Mad/Bacaan Panjang', NULL, 'B', 'Penilaian Quran Demo.', NULL, '2026-07-23 10:11:33', '2026-07-23 10:11:33'),
('19', '3', NULL, 'quran_reading', 'Ghunnah/Bacaan Dengung', NULL, 'B', 'Penilaian Quran Demo.', NULL, '2026-07-23 10:11:33', '2026-07-23 10:11:33'),
('20', '3', NULL, 'quran_reading', 'Qolqolah/Bacaan Memantul', NULL, 'B', 'Penilaian Quran Demo.', NULL, '2026-07-23 10:11:33', '2026-07-23 10:11:33'),
('21', '3', NULL, 'quran_reading', 'Idzhar/Bacaan Jelas', NULL, 'B', 'Penilaian Quran Demo.', NULL, '2026-07-23 10:11:33', '2026-07-23 10:11:33'),
('22', '3', NULL, 'quran_reading', 'Waqof Wal Ibtida', NULL, 'B', 'Penilaian Quran Demo.', NULL, '2026-07-23 10:11:33', '2026-07-23 10:11:33'),
('23', '3', NULL, 'quran_reading', 'Materi Ghorib', NULL, 'B', 'Penilaian Quran Demo.', NULL, '2026-07-23 10:11:33', '2026-07-23 10:11:33'),
('24', '3', NULL, 'quran_reading', 'Materi Tajwid', NULL, 'B', 'Penilaian Quran Demo.', NULL, '2026-07-23 10:11:33', '2026-07-23 10:11:33'),
('25', '3', NULL, 'quran_reading', 'Kehadiran', NULL, 'A', 'Penilaian Quran Demo.', NULL, '2026-07-23 10:11:33', '2026-07-23 10:11:33'),
('26', '3', NULL, 'quran_reading', 'Adab dan Perilaku', NULL, 'A', 'Penilaian Quran Demo.', NULL, '2026-07-23 10:11:33', '2026-07-23 10:11:33'),
('27', '3', NULL, 'quran_surah', 'Al-Fatihah', NULL, 'A', 'Hafalan Juz 30 Demo.', NULL, '2026-07-23 10:11:33', '2026-07-23 10:11:33'),
('28', '3', NULL, 'quran_surah', 'An-Naas', NULL, 'A', 'Hafalan Juz 30 Demo.', NULL, '2026-07-23 10:11:33', '2026-07-23 10:11:33'),
('29', '3', NULL, 'quran_surah', 'Al-Falaq', NULL, 'A', 'Hafalan Juz 30 Demo.', NULL, '2026-07-23 10:11:33', '2026-07-23 10:11:33'),
('30', '3', NULL, 'quran_surah', 'Al-Ikhlash', NULL, 'B', 'Hafalan Juz 30 Demo.', NULL, '2026-07-23 10:11:33', '2026-07-23 10:11:33'),
('31', '3', NULL, 'quran_surah', 'Al-Lahab', NULL, 'B', 'Hafalan Juz 30 Demo.', NULL, '2026-07-23 10:11:33', '2026-07-23 10:11:33'),
('32', '3', NULL, 'quran_surah', 'An-Nashr', NULL, 'B', 'Hafalan Juz 30 Demo.', NULL, '2026-07-23 10:11:33', '2026-07-23 10:11:33'),
('33', '3', NULL, 'quran_surah', 'Al-Kafirun', NULL, 'B', 'Hafalan Juz 30 Demo.', NULL, '2026-07-23 10:11:33', '2026-07-23 10:11:33'),
('34', '3', NULL, 'quran_surah', 'Al-Kautsar', NULL, 'B', 'Hafalan Juz 30 Demo.', NULL, '2026-07-23 10:11:33', '2026-07-23 10:11:33'),
('35', '3', NULL, 'quran_surah', 'Al-Maun', NULL, NULL, 'Hafalan Juz 30 Demo.', NULL, '2026-07-23 10:11:33', '2026-07-23 10:11:33'),
('36', '3', NULL, 'quran_surah', 'Quraisy', NULL, NULL, 'Hafalan Juz 30 Demo.', NULL, '2026-07-23 10:11:33', '2026-07-23 10:11:33'),
('37', '3', NULL, 'quran_surah', 'Al-Fiil', NULL, NULL, 'Hafalan Juz 30 Demo.', NULL, '2026-07-23 10:11:33', '2026-07-23 10:11:33'),
('38', '3', NULL, 'quran_surah', 'Al-Humazah', NULL, NULL, 'Hafalan Juz 30 Demo.', NULL, '2026-07-23 10:11:33', '2026-07-23 10:11:33'),
('39', '3', NULL, 'quran_surah', 'Al-Ashr', NULL, NULL, 'Hafalan Juz 30 Demo.', NULL, '2026-07-23 10:11:33', '2026-07-23 10:11:33'),
('40', '3', NULL, 'quran_surah', 'At-Takatsur', NULL, NULL, 'Hafalan Juz 30 Demo.', NULL, '2026-07-23 10:11:33', '2026-07-23 10:11:33'),
('41', '3', NULL, 'quran_surah', 'Al-Qariah', NULL, NULL, 'Hafalan Juz 30 Demo.', NULL, '2026-07-23 10:11:33', '2026-07-23 10:11:33'),
('42', '3', NULL, 'quran_surah', 'Al-Adiyat', NULL, NULL, 'Hafalan Juz 30 Demo.', NULL, '2026-07-23 10:11:33', '2026-07-23 10:11:33'),
('43', '3', NULL, 'quran_surah', 'Az-Zalzalah', NULL, NULL, 'Hafalan Juz 30 Demo.', NULL, '2026-07-23 10:11:33', '2026-07-23 10:11:33'),
('44', '3', NULL, 'quran_surah', 'Al-Bayyinah', NULL, NULL, 'Hafalan Juz 30 Demo.', NULL, '2026-07-23 10:11:33', '2026-07-23 10:11:33'),
('45', '3', NULL, 'quran_surah', 'Al-Qadr', NULL, NULL, 'Hafalan Juz 30 Demo.', NULL, '2026-07-23 10:11:33', '2026-07-23 10:11:33'),
('46', '3', NULL, 'quran_surah', 'Al-Alaq', NULL, NULL, 'Hafalan Juz 30 Demo.', NULL, '2026-07-23 10:11:33', '2026-07-23 10:11:33'),
('47', '3', NULL, 'quran_surah', 'At-Tiin', NULL, NULL, 'Hafalan Juz 30 Demo.', NULL, '2026-07-23 10:11:33', '2026-07-23 10:11:33'),
('48', '3', NULL, 'quran_surah', 'Al-Insyirah', NULL, NULL, 'Hafalan Juz 30 Demo.', NULL, '2026-07-23 10:11:33', '2026-07-23 10:11:33'),
('49', '3', NULL, 'quran_surah', 'Adh-Dhuha', NULL, NULL, 'Hafalan Juz 30 Demo.', NULL, '2026-07-23 10:11:33', '2026-07-23 10:11:33'),
('50', '3', NULL, 'quran_surah', 'Al-Lail', NULL, NULL, 'Hafalan Juz 30 Demo.', NULL, '2026-07-23 10:11:33', '2026-07-23 10:11:33'),
('51', '3', NULL, 'quran_surah', 'Asy-Syams', NULL, NULL, 'Hafalan Juz 30 Demo.', NULL, '2026-07-23 10:11:33', '2026-07-23 10:11:33'),
('52', '3', NULL, 'quran_surah', 'Al-Balad', NULL, NULL, 'Hafalan Juz 30 Demo.', NULL, '2026-07-23 10:11:33', '2026-07-23 10:11:33'),
('53', '3', NULL, 'quran_surah', 'Al-Fajr', NULL, NULL, 'Hafalan Juz 30 Demo.', NULL, '2026-07-23 10:11:33', '2026-07-23 10:11:33'),
('54', '3', NULL, 'quran_surah', 'Al-Ghasyiyah', NULL, NULL, 'Hafalan Juz 30 Demo.', NULL, '2026-07-23 10:11:33', '2026-07-23 10:11:33'),
('55', '3', NULL, 'quran_surah', 'Al-Ala', NULL, NULL, 'Hafalan Juz 30 Demo.', NULL, '2026-07-23 10:11:33', '2026-07-23 10:11:33'),
('56', '3', NULL, 'quran_surah', 'At-Thariq', NULL, NULL, 'Hafalan Juz 30 Demo.', NULL, '2026-07-23 10:11:33', '2026-07-23 10:11:33'),
('57', '3', NULL, 'quran_surah', 'Al-Buruj', NULL, NULL, 'Hafalan Juz 30 Demo.', NULL, '2026-07-23 10:11:33', '2026-07-23 10:11:33'),
('58', '3', NULL, 'quran_surah', 'Al-Insyiqaq', NULL, NULL, 'Hafalan Juz 30 Demo.', NULL, '2026-07-23 10:11:33', '2026-07-23 10:11:33'),
('59', '3', NULL, 'quran_surah', 'Al-Muthaffifin', NULL, NULL, 'Hafalan Juz 30 Demo.', NULL, '2026-07-23 10:11:33', '2026-07-23 10:11:33'),
('60', '3', NULL, 'quran_surah', 'Al-Infithar', NULL, NULL, 'Hafalan Juz 30 Demo.', NULL, '2026-07-23 10:11:33', '2026-07-23 10:11:33'),
('61', '3', NULL, 'quran_surah', 'At-Takwir', NULL, NULL, 'Hafalan Juz 30 Demo.', NULL, '2026-07-23 10:11:33', '2026-07-23 10:11:33'),
('62', '3', NULL, 'quran_surah', 'Abasa', NULL, NULL, 'Hafalan Juz 30 Demo.', NULL, '2026-07-23 10:11:33', '2026-07-23 10:11:33'),
('63', '3', NULL, 'quran_surah', 'An-Naziat', NULL, NULL, 'Hafalan Juz 30 Demo.', NULL, '2026-07-23 10:11:33', '2026-07-23 10:11:33'),
('64', '3', NULL, 'quran_surah', 'An-Naba', NULL, NULL, 'Hafalan Juz 30 Demo.', NULL, '2026-07-23 10:11:33', '2026-07-23 10:11:33');

DROP TABLE IF EXISTS `rapors`;
CREATE TABLE `rapors` (
  `id` bigint unsigned NOT NULL AUTO_INCREMENT,
  `siswa_id` bigint unsigned NOT NULL,
  `tahun_ajaran` varchar(255) NOT NULL,
  `semester` varchar(255) NOT NULL,
  `jenis_rapor` varchar(255) NOT NULL,
  `status` varchar(255) NOT NULL DEFAULT 'draft',
  `published_at` datetime NULL,
  `created_by` int NULL,
  `updated_by` int NULL,
  `catatan` text NULL,
  `snapshot` text NULL,
  `signature_metadata` text NULL,
  `created_at` datetime NULL,
  `updated_at` datetime NULL,
  PRIMARY KEY (`id`),
  KEY `rapors_status_index` (`status`),
  KEY `rapors_jenis_rapor_index` (`jenis_rapor`),
  KEY `rapors_semester_index` (`semester`),
  KEY `rapors_tahun_ajaran_index` (`tahun_ajaran`),
  UNIQUE KEY `rapor_period_unique` (`siswa_id`, `tahun_ajaran`, `semester`, `jenis_rapor`)
) ENGINE=InnoDB DEFAULT CHARSET=utf8mb4 COLLATE=utf8mb4_unicode_ci;

INSERT INTO `rapors` (`id`, `siswa_id`, `tahun_ajaran`, `semester`, `jenis_rapor`, `status`, `published_at`, `created_by`, `updated_by`, `catatan`, `snapshot`, `signature_metadata`, `created_at`, `updated_at`) VALUES
('1', '67', '2025/2026', 'Genap', 'akademik', 'published', '2026-07-23 10:11:33', '78', '78', 'Ananda Demo menunjukkan perkembangan akademik yang baik.', '{"source":"Revisi1Seeder","siswa":"Ahmad Fikri Demo"}', '{"tempat_tanggal":"Bekasi, 24 Juli 2026","wali_kelas":"Guru Demo SMPIT","kepala_sekolah":"Kepala Sekolah","koordinator_quran":"Koordinator Quran","guru_tahfidz":"Guru Demo SMPIT"}', '2026-07-23 10:11:33', '2026-07-23 10:11:33'),
('2', '67', '2026/2027', 'Ganjil', 'english', 'published', '2026-07-23 10:11:33', '78', '78', 'Teacher comment Demo: active and confident.', '{"source":"Revisi1Seeder","siswa":"Ahmad Fikri Demo"}', '{"tempat_tanggal":"Bekasi, 24 Juli 2026","wali_kelas":"Guru Demo SMPIT","kepala_sekolah":"Kepala Sekolah","koordinator_quran":"Koordinator Quran","guru_tahfidz":"Guru Demo SMPIT"}', '2026-07-23 10:11:33', '2026-07-23 10:11:33'),
('3', '67', '2026/2027', 'Ganjil', 'quran', 'published', '2026-07-23 10:11:33', '78', '78', 'Alhamdulillah, capaian Quran Ananda Demo semakin baik. Tetap semangat murojaah.', '{"source":"Revisi1Seeder","siswa":"Ahmad Fikri Demo"}', '{"tempat_tanggal":"Bekasi, 24 Juli 2026","wali_kelas":"Guru Demo SMPIT","kepala_sekolah":"Kepala Sekolah","koordinator_quran":"Koordinator Quran","guru_tahfidz":"Guru Demo SMPIT"}', '2026-07-23 10:11:33', '2026-07-23 10:11:33');

DROP TABLE IF EXISTS `remedials`;
CREATE TABLE `remedials` (
  `id` bigint unsigned NOT NULL AUTO_INCREMENT,
  `siswa_id` bigint unsigned NOT NULL,
  `mapel_id` bigint unsigned NOT NULL,
  `nilai_id` bigint unsigned NOT NULL,
  `nilai_asal` decimal(10,2) NOT NULL,
  `deadline` date NOT NULL,
  `status` varchar(255) NOT NULL DEFAULT 'pending',
  `created_at` datetime NULL,
  `updated_at` datetime NULL,
  PRIMARY KEY (`id`)
) ENGINE=InnoDB DEFAULT CHARSET=utf8mb4 COLLATE=utf8mb4_unicode_ci;

INSERT INTO `remedials` (`id`, `siswa_id`, `mapel_id`, `nilai_id`, `nilai_asal`, `deadline`, `status`, `created_at`, `updated_at`) VALUES
('1', '67', '1', '1', '68', '2026-07-29', 'pending', '2026-07-23 10:11:33', '2026-07-23 10:11:33');

DROP TABLE IF EXISTS `sessions`;
CREATE TABLE `sessions` (
  `id` bigint unsigned NOT NULL AUTO_INCREMENT,
  `user_id` bigint unsigned NULL,
  `ip_address` varchar(255) NULL,
  `user_agent` text NULL,
  `payload` text NOT NULL,
  `last_activity` int NOT NULL,
  PRIMARY KEY (`id`),
  KEY `sessions_last_activity_index` (`last_activity`),
  KEY `sessions_user_id_index` (`user_id`)
) ENGINE=InnoDB DEFAULT CHARSET=utf8mb4 COLLATE=utf8mb4_unicode_ci;

DROP TABLE IF EXISTS `settings`;
CREATE TABLE `settings` (
  `id` bigint unsigned NOT NULL AUTO_INCREMENT,
  `key` varchar(255) NOT NULL,
  `value` text NULL,
  `created_at` datetime NULL,
  `updated_at` datetime NULL,
  PRIMARY KEY (`id`),
  UNIQUE KEY `settings_key_unique` (`key`)
) ENGINE=InnoDB DEFAULT CHARSET=utf8mb4 COLLATE=utf8mb4_unicode_ci;

INSERT INTO `settings` (`id`, `key`, `value`, `created_at`, `updated_at`) VALUES
('1', 'kkm_sd', '70', NULL, NULL),
('2', 'kkm_smp', '75', NULL, NULL),
('3', 'school_name', 'Al Azhar Jaya Indonesia', NULL, NULL),
('4', 'semester_aktif', 'Genap 2025/2026', NULL, NULL),
('5', 'alamat_sekolah', 'Jl. Al Azhar No. 1, Bekasi', NULL, NULL);

DROP TABLE IF EXISTS `siswa`;
CREATE TABLE `siswa` (
  `id` bigint unsigned NOT NULL AUTO_INCREMENT,
  `user_id` bigint unsigned NOT NULL,
  `nis` varchar(255) NOT NULL,
  `nama` varchar(255) NOT NULL,
  `kelas_id` bigint unsigned NULL,
  `kelas_quran_id` bigint unsigned NULL,
  `jenis_kelamin` varchar(255) NOT NULL,
  `tempat_lahir` varchar(255) NULL,
  `tanggal_lahir` date NULL,
  `alamat` text NULL,
  `nama_ayah` varchar(255) NULL,
  `nama_ibu` varchar(255) NULL,
  `status` varchar(255) NOT NULL DEFAULT 'aktif',
  `created_at` datetime NULL,
  `updated_at` datetime NULL,
  PRIMARY KEY (`id`),
  UNIQUE KEY `siswa_nis_unique` (`nis`)
) ENGINE=InnoDB DEFAULT CHARSET=utf8mb4 COLLATE=utf8mb4_unicode_ci;

INSERT INTO `siswa` (`id`, `user_id`, `nis`, `nama`, `kelas_id`, `kelas_quran_id`, `jenis_kelamin`, `tempat_lahir`, `tanggal_lahir`, `alamat`, `nama_ayah`, `nama_ibu`, `status`, `created_at`, `updated_at`) VALUES
('1', '12', '26001', 'Abdul Latif', '2', '1', 'L', NULL, NULL, NULL, NULL, NULL, 'aktif', '2026-07-23 10:11:20', '2026-07-23 10:11:20'),
('2', '13', '26002', 'Abid Abyan Tsany Solihansyah', '2', '1', 'L', NULL, NULL, NULL, NULL, NULL, 'aktif', '2026-07-23 10:11:20', '2026-07-23 10:11:20'),
('3', '14', '26003', 'Aldeen Hadwan Shirazi', '2', '1', 'L', NULL, NULL, NULL, NULL, NULL, 'aktif', '2026-07-23 10:11:20', '2026-07-23 10:11:20'),
('4', '15', '26004', 'Chaidar Rafisqy Hermawan', '2', '1', 'L', NULL, NULL, NULL, NULL, NULL, 'aktif', '2026-07-23 10:11:20', '2026-07-23 10:11:20'),
('5', '16', '26005', 'Daffa Zaidan Pratama', '4', '1', 'L', NULL, NULL, NULL, NULL, NULL, 'aktif', '2026-07-23 10:11:20', '2026-07-23 10:11:20'),
('6', '17', '26006', 'Fauzi Abdu Rohman', '4', '1', 'L', NULL, NULL, NULL, NULL, NULL, 'aktif', '2026-07-23 10:11:20', '2026-07-23 10:11:20'),
('7', '18', '26007', 'Galang Hernandes', '4', '1', 'L', NULL, NULL, NULL, NULL, NULL, 'aktif', '2026-07-23 10:11:21', '2026-07-23 10:11:21'),
('8', '19', '26008', 'Hamzah Irfan Fadillah', '4', '1', 'L', NULL, NULL, NULL, NULL, NULL, 'aktif', '2026-07-23 10:11:21', '2026-07-23 10:11:21'),
('9', '20', '26009', 'Kelvin Adel Pratama', '4', '1', 'L', NULL, NULL, NULL, NULL, NULL, 'aktif', '2026-07-23 10:11:21', '2026-07-23 10:11:21'),
('10', '21', '26010', 'Maherdes Attaufiq Riziqlillah', '4', '1', 'L', NULL, NULL, NULL, NULL, NULL, 'aktif', '2026-07-23 10:11:21', '2026-07-23 10:11:21'),
('11', '22', '26011', 'Muhammad Albyan', '4', '1', 'L', NULL, NULL, NULL, NULL, NULL, 'aktif', '2026-07-23 10:11:21', '2026-07-23 10:11:21'),
('12', '23', '26012', 'Muhammad Alhafidz', '4', '1', 'L', NULL, NULL, NULL, NULL, NULL, 'aktif', '2026-07-23 10:11:21', '2026-07-23 10:11:21'),
('13', '24', '26013', 'Muhammad Aslam Zayyan', '4', '1', 'L', NULL, NULL, NULL, NULL, NULL, 'aktif', '2026-07-23 10:11:22', '2026-07-23 10:11:22'),
('14', '25', '26014', 'Rizky Maulana As Shidiq', '2', '1', 'L', NULL, NULL, NULL, NULL, NULL, 'aktif', '2026-07-23 10:11:22', '2026-07-23 10:11:22'),
('15', '26', '26015', 'Muhammad Azzam Nufail', '2', '2', 'L', NULL, NULL, NULL, NULL, NULL, 'aktif', '2026-07-23 10:11:22', '2026-07-23 10:11:22'),
('16', '27', '26016', 'Muhammad Daffa Al Ghifari', '4', '2', 'L', NULL, NULL, NULL, NULL, NULL, 'aktif', '2026-07-23 10:11:22', '2026-07-23 10:11:22'),
('17', '28', '26017', 'Muhammad Eldafi Satya Irawan', '4', '2', 'L', NULL, NULL, NULL, NULL, NULL, 'aktif', '2026-07-23 10:11:22', '2026-07-23 10:11:22'),
('18', '29', '26018', 'Muhammad Falah Pratama Mulya', '2', '2', 'L', NULL, NULL, NULL, NULL, NULL, 'aktif', '2026-07-23 10:11:23', '2026-07-23 10:11:23'),
('19', '30', '26019', 'Muhammad Maher', '2', '2', 'L', NULL, NULL, NULL, NULL, NULL, 'aktif', '2026-07-23 10:11:23', '2026-07-23 10:11:23'),
('20', '31', '26020', 'Muhammad Quincy Satyamulya', '2', '2', 'L', NULL, NULL, NULL, NULL, NULL, 'aktif', '2026-07-23 10:11:23', '2026-07-23 10:11:23'),
('21', '32', '26021', 'Muhammad Rakha Solihansyah', '4', '2', 'L', NULL, NULL, NULL, NULL, NULL, 'aktif', '2026-07-23 10:11:23', '2026-07-23 10:11:23'),
('22', '33', '26022', 'Muhammad Wafi Alkiram', '2', '2', 'L', NULL, NULL, NULL, NULL, NULL, 'aktif', '2026-07-23 10:11:23', '2026-07-23 10:11:23'),
('23', '34', '26023', 'Naufal Djaky Ardani', '4', '2', 'L', NULL, NULL, NULL, NULL, NULL, 'aktif', '2026-07-23 10:11:23', '2026-07-23 10:11:23'),
('24', '35', '26024', 'Pandu Bagus Damar Wiyono', '4', '2', 'L', NULL, NULL, NULL, NULL, NULL, 'aktif', '2026-07-23 10:11:24', '2026-07-23 10:11:24'),
('25', '36', '26025', 'Tsabit Wafi Musyaffa', '2', '2', 'L', NULL, NULL, NULL, NULL, NULL, 'aktif', '2026-07-23 10:11:24', '2026-07-23 10:11:24'),
('26', '37', '26026', 'Zahran Farid Firdaus', '2', '2', 'L', NULL, NULL, NULL, NULL, NULL, 'aktif', '2026-07-23 10:11:24', '2026-07-23 10:11:24'),
('27', '38', '26027', 'Zein Maulana Muaffin', '4', '2', 'L', NULL, NULL, NULL, NULL, NULL, 'aktif', '2026-07-23 10:11:24', '2026-07-23 10:11:24'),
('28', '39', '26028', 'Alviandra Chesta Radityatama', '1', '3', 'L', NULL, NULL, NULL, NULL, NULL, 'aktif', '2026-07-23 10:11:24', '2026-07-23 10:11:24'),
('29', '40', '26029', 'Argia Raya Adz Dzikra', '1', '3', 'L', NULL, NULL, NULL, NULL, NULL, 'aktif', '2026-07-23 10:11:24', '2026-07-23 10:11:24'),
('30', '41', '26030', 'Muhammad Hafidz Alfahrezi', '1', '3', 'L', NULL, NULL, NULL, NULL, NULL, 'aktif', '2026-07-23 10:11:25', '2026-07-23 10:11:25'),
('31', '42', '26031', 'Muhammad Al Farizy Setyanto', '1', '3', 'L', NULL, NULL, NULL, NULL, NULL, 'aktif', '2026-07-23 10:11:25', '2026-07-23 10:11:25'),
('32', '43', '26032', 'Muhammad Al Fatih', '1', '3', 'L', NULL, NULL, NULL, NULL, NULL, 'aktif', '2026-07-23 10:11:25', '2026-07-23 10:11:25'),
('33', '44', '26033', 'Muhammad Fadlan Adelmar', '1', '3', 'L', NULL, NULL, NULL, NULL, NULL, 'aktif', '2026-07-23 10:11:25', '2026-07-23 10:11:25'),
('34', '45', '26034', 'Reval Rama Sulistiyo', '1', '3', 'L', NULL, NULL, NULL, NULL, NULL, 'aktif', '2026-07-23 10:11:25', '2026-07-23 10:11:25'),
('35', '46', '26035', 'Aila Zahwa Aqilah', '3', '4', 'P', NULL, NULL, NULL, NULL, NULL, 'aktif', '2026-07-23 10:11:26', '2026-07-23 10:11:26'),
('36', '47', '26036', 'Aisyah Rahma Haniya', '3', '4', 'P', NULL, NULL, NULL, NULL, NULL, 'aktif', '2026-07-23 10:11:26', '2026-07-23 10:11:26'),
('37', '48', '26037', 'Anindita Valencia Aurora', '5', '4', 'P', NULL, NULL, NULL, NULL, NULL, 'aktif', '2026-07-23 10:11:26', '2026-07-23 10:11:26'),
('38', '49', '26038', 'Atsilah Azka Ramadhani', '5', '4', 'P', NULL, NULL, NULL, NULL, NULL, 'aktif', '2026-07-23 10:11:26', '2026-07-23 10:11:26'),
('39', '50', '26039', 'Dara Medina Putri', '5', '4', 'P', NULL, NULL, NULL, NULL, NULL, 'aktif', '2026-07-23 10:11:26', '2026-07-23 10:11:26'),
('40', '51', '26040', 'Elsa Sri Isyana', '5', '4', 'P', NULL, NULL, NULL, NULL, NULL, 'aktif', '2026-07-23 10:11:26', '2026-07-23 10:11:26'),
('41', '52', '26041', 'Fadhilah Ramadhani', '5', '4', 'P', NULL, NULL, NULL, NULL, NULL, 'aktif', '2026-07-23 10:11:27', '2026-07-23 10:11:27'),
('42', '53', '26042', 'Fakhirah Khansa Anditasyah', '5', '4', 'P', NULL, NULL, NULL, NULL, NULL, 'aktif', '2026-07-23 10:11:27', '2026-07-23 10:11:27'),
('43', '54', '26043', 'Fauziah Adawiyah', '5', '4', 'P', NULL, NULL, NULL, NULL, NULL, 'aktif', '2026-07-23 10:11:27', '2026-07-23 10:11:27'),
('44', '55', '26044', 'Gadis Bening Arsandi', '5', '4', 'P', NULL, NULL, NULL, NULL, NULL, 'aktif', '2026-07-23 10:11:27', '2026-07-23 10:11:27'),
('45', '56', '26045', 'Gian Naifa Shofa', '5', '4', 'P', NULL, NULL, NULL, NULL, NULL, 'aktif', '2026-07-23 10:11:27', '2026-07-23 10:11:27'),
('46', '57', '26046', 'Jihan Makaila Fakhirah', '5', '4', 'P', NULL, NULL, NULL, NULL, NULL, 'aktif', '2026-07-23 10:11:27', '2026-07-23 10:11:27'),
('47', '58', '26047', 'Jillan Azra Hakimah', '3', '4', 'P', NULL, NULL, NULL, NULL, NULL, 'aktif', '2026-07-23 10:11:28', '2026-07-23 10:11:28'),
('48', '59', '26048', 'Kalula Ayesha Alkanza', '3', '5', 'P', NULL, NULL, NULL, NULL, NULL, 'aktif', '2026-07-23 10:11:28', '2026-07-23 10:11:28'),
('49', '60', '26049', 'Kayyasah Sholiha', '5', '5', 'P', NULL, NULL, NULL, NULL, NULL, 'aktif', '2026-07-23 10:11:28', '2026-07-23 10:11:28'),
('50', '61', '26050', 'Khayla Almira Maritza H', '5', '5', 'P', NULL, NULL, NULL, NULL, NULL, 'aktif', '2026-07-23 10:11:28', '2026-07-23 10:11:28'),
('51', '62', '26051', 'Muhdatus Sa''idah', '3', '5', 'P', NULL, NULL, NULL, NULL, NULL, 'aktif', '2026-07-23 10:11:28', '2026-07-23 10:11:28'),
('52', '63', '26052', 'Nadia Aqila Shanum', '5', '5', 'P', NULL, NULL, NULL, NULL, NULL, 'aktif', '2026-07-23 10:11:29', '2026-07-23 10:11:29'),
('53', '64', '26053', 'Naila Syahira Mumtazah', '5', '5', 'P', NULL, NULL, NULL, NULL, NULL, 'aktif', '2026-07-23 10:11:29', '2026-07-23 10:11:29'),
('54', '65', '26054', 'Nasywa Maulida', '5', '5', 'P', NULL, NULL, NULL, NULL, NULL, 'aktif', '2026-07-23 10:11:29', '2026-07-23 10:11:29'),
('55', '66', '26055', 'Nurul Hanis Nahilah', '5', '5', 'P', NULL, NULL, NULL, NULL, NULL, 'aktif', '2026-07-23 10:11:29', '2026-07-23 10:11:29'),
('56', '67', '26056', 'Nurul Kasyfatul Mahjubiyyah', '5', '5', 'P', NULL, NULL, NULL, NULL, NULL, 'aktif', '2026-07-23 10:11:29', '2026-07-23 10:11:29'),
('57', '68', '26057', 'Putri Yara', '5', '5', 'P', NULL, NULL, NULL, NULL, NULL, 'aktif', '2026-07-23 10:11:29', '2026-07-23 10:11:29'),
('58', '69', '26058', 'Ribkha Pramesti Wijaya', '3', '5', 'P', NULL, NULL, NULL, NULL, NULL, 'aktif', '2026-07-23 10:11:30', '2026-07-23 10:11:30'),
('59', '70', '26059', 'Syaila Unatsa Putri', '3', '5', 'P', NULL, NULL, NULL, NULL, NULL, 'aktif', '2026-07-23 10:11:30', '2026-07-23 10:11:30'),
('60', '71', '26060', 'Syakira Sausan Khairunnisa', '5', '5', 'P', NULL, NULL, NULL, NULL, NULL, 'aktif', '2026-07-23 10:11:30', '2026-07-23 10:11:30'),
('61', '72', '26061', 'Violine Atha Al-Husna', '3', '5', 'P', NULL, NULL, NULL, NULL, NULL, 'aktif', '2026-07-23 10:11:30', '2026-07-23 10:11:30'),
('62', '73', '26062', 'Aqilah Naurah', '1', '6', 'P', NULL, NULL, NULL, NULL, NULL, 'aktif', '2026-07-23 10:11:30', '2026-07-23 10:11:30'),
('63', '74', '26063', 'Sahla Azka Hafizah', '1', '6', 'P', NULL, NULL, NULL, NULL, NULL, 'aktif', '2026-07-23 10:11:30', '2026-07-23 10:11:30'),
('64', '75', '26064', 'Hanna Mufidah', '1', '6', 'P', NULL, NULL, NULL, NULL, NULL, 'aktif', '2026-07-23 10:11:31', '2026-07-23 10:11:31'),
('65', '76', '26065', 'Khanza Izzatunnisa', '1', '6', 'P', NULL, NULL, NULL, NULL, NULL, 'aktif', '2026-07-23 10:11:31', '2026-07-23 10:11:31'),
('66', '77', '26066', 'Ziya Zivana Zubi', '1', '6', 'P', NULL, NULL, NULL, NULL, NULL, 'aktif', '2026-07-23 10:11:31', '2026-07-23 10:11:31'),
('67', '79', 'SISWA-DEMO-001', 'Ahmad Fikri Demo', '6', '7', 'L', 'Bekasi', '2012-07-10', 'Alamat Demo LMS Al Azhar', 'Ayah Demo', 'Ibu Demo', 'aktif', '2026-07-23 10:11:32', '2026-07-23 10:11:32');

DROP TABLE IF EXISTS `siswa_badge`;
CREATE TABLE `siswa_badge` (
  `id` bigint unsigned NOT NULL AUTO_INCREMENT,
  `siswa_id` bigint unsigned NOT NULL,
  `badge_id` bigint unsigned NOT NULL,
  `achieved_at` datetime NOT NULL DEFAULT CURRENT_TIMESTAMP,
  PRIMARY KEY (`id`),
  UNIQUE KEY `siswa_badge_siswa_id_badge_id_unique` (`siswa_id`, `badge_id`)
) ENGINE=InnoDB DEFAULT CHARSET=utf8mb4 COLLATE=utf8mb4_unicode_ci;

INSERT INTO `siswa_badge` (`id`, `siswa_id`, `badge_id`, `achieved_at`) VALUES
('1', '67', '1', '2026-07-23 10:11:33'),
('2', '1', '2', '2026-07-23 03:11:36'),
('3', '2', '2', '2026-07-23 03:11:36'),
('4', '3', '5', '2026-07-23 03:11:36'),
('5', '4', '5', '2026-07-23 03:11:36'),
('6', '5', '2', '2026-07-23 03:11:36');

DROP TABLE IF EXISTS `spps`;
CREATE TABLE `spps` (
  `id` bigint unsigned NOT NULL AUTO_INCREMENT,
  `siswa_id` bigint unsigned NOT NULL,
  `bulan` int NOT NULL,
  `tahun` int NOT NULL,
  `jumlah` decimal(10,2) NOT NULL,
  `tenggat` date NULL,
  `status` varchar(255) NOT NULL DEFAULT 'belum',
  `created_at` datetime NULL,
  `updated_at` datetime NULL,
  PRIMARY KEY (`id`),
  UNIQUE KEY `spps_siswa_id_bulan_tahun_unique` (`siswa_id`, `bulan`, `tahun`)
) ENGINE=InnoDB DEFAULT CHARSET=utf8mb4 COLLATE=utf8mb4_unicode_ci;

INSERT INTO `spps` (`id`, `siswa_id`, `bulan`, `tahun`, `jumlah`, `tenggat`, `status`, `created_at`, `updated_at`) VALUES
('1', '1', '1', '2026', '250000', '2026-01-10', 'lunas', '2026-07-23 10:11:36', '2026-07-23 10:11:36'),
('2', '1', '2', '2026', '250000', '2026-02-10', 'lunas', '2026-07-23 10:11:36', '2026-07-23 10:11:36'),
('3', '1', '3', '2026', '250000', '2026-03-10', 'lunas', '2026-07-23 10:11:36', '2026-07-23 10:11:36'),
('4', '1', '4', '2026', '250000', '2026-04-10', 'lunas', '2026-07-23 10:11:36', '2026-07-23 10:11:36'),
('5', '1', '5', '2026', '250000', '2026-05-10', 'lunas', '2026-07-23 10:11:36', '2026-07-23 10:11:36'),
('6', '1', '6', '2026', '250000', '2026-06-10', 'lunas', '2026-07-23 10:11:36', '2026-07-23 10:11:36'),
('7', '1', '7', '2026', '250000', '2026-07-10', 'belum', '2026-07-23 10:11:36', '2026-07-23 10:11:36'),
('8', '2', '1', '2026', '250000', '2026-01-10', 'lunas', '2026-07-23 10:11:36', '2026-07-23 10:11:36'),
('9', '2', '2', '2026', '250000', '2026-02-10', 'lunas', '2026-07-23 10:11:36', '2026-07-23 10:11:36'),
('10', '2', '3', '2026', '250000', '2026-03-10', 'lunas', '2026-07-23 10:11:36', '2026-07-23 10:11:36'),
('11', '2', '4', '2026', '250000', '2026-04-10', 'lunas', '2026-07-23 10:11:36', '2026-07-23 10:11:36'),
('12', '2', '5', '2026', '250000', '2026-05-10', 'lunas', '2026-07-23 10:11:36', '2026-07-23 10:11:36'),
('13', '2', '6', '2026', '250000', '2026-06-10', 'lunas', '2026-07-23 10:11:36', '2026-07-23 10:11:36'),
('14', '2', '7', '2026', '250000', '2026-07-10', 'belum', '2026-07-23 10:11:36', '2026-07-23 10:11:36'),
('15', '3', '1', '2026', '250000', '2026-01-10', 'lunas', '2026-07-23 10:11:36', '2026-07-23 10:11:36'),
('16', '3', '2', '2026', '250000', '2026-02-10', 'lunas', '2026-07-23 10:11:36', '2026-07-23 10:11:36'),
('17', '3', '3', '2026', '250000', '2026-03-10', 'lunas', '2026-07-23 10:11:36', '2026-07-23 10:11:36'),
('18', '3', '4', '2026', '250000', '2026-04-10', 'lunas', '2026-07-23 10:11:36', '2026-07-23 10:11:36'),
('19', '3', '5', '2026', '250000', '2026-05-10', 'lunas', '2026-07-23 10:11:36', '2026-07-23 10:11:36'),
('20', '3', '6', '2026', '250000', '2026-06-10', 'lunas', '2026-07-23 10:11:36', '2026-07-23 10:11:36'),
('21', '3', '7', '2026', '250000', '2026-07-10', 'belum', '2026-07-23 10:11:36', '2026-07-23 10:11:36');

DROP TABLE IF EXISTS `tahfidz_ayat_nilai`;
CREATE TABLE `tahfidz_ayat_nilai` (
  `id` bigint unsigned NOT NULL AUTO_INCREMENT,
  `tahfidz_setoran_id` bigint unsigned NOT NULL,
  `guru_id` bigint unsigned NOT NULL,
  `nomor_ayat` int NOT NULL,
  `makhroj` int NOT NULL,
  `tajwid` int NOT NULL,
  `kelancaran` int NOT NULL,
  `created_at` datetime NULL,
  `updated_at` datetime NULL,
  PRIMARY KEY (`id`),
  UNIQUE KEY `tahfidz_ayat_nilai_unique` (`tahfidz_setoran_id`, `guru_id`, `nomor_ayat`)
) ENGINE=InnoDB DEFAULT CHARSET=utf8mb4 COLLATE=utf8mb4_unicode_ci;

DROP TABLE IF EXISTS `tahfidz_progress`;
CREATE TABLE `tahfidz_progress` (
  `id` bigint unsigned NOT NULL AUTO_INCREMENT,
  `siswa_id` bigint unsigned NOT NULL,
  `kelas_id` bigint unsigned NULL,
  `kelas_quran_id` bigint unsigned NULL,
  `surah` varchar(255) NULL,
  `ayat_mulai` int NULL,
  `ayat_selesai` int NULL,
  `juz_dihafal` int NOT NULL DEFAULT '0',
  `total_ayat` int NULL,
  `progress_percent` decimal(10,2) NOT NULL DEFAULT '0',
  `target_deskripsi` varchar(255) NULL,
  `status` varchar(255) NOT NULL DEFAULT 'berproses',
  `catatan` text NULL,
  `updated_by` int NULL,
  `created_at` datetime NULL,
  `updated_at` datetime NULL,
  `tingkat_ummi` varchar(255) NULL,
  `posisi_tilawah` varchar(255) NULL,
  `hafalan_terakhir` varchar(255) NULL,
  `kelancaran` int NULL,
  `tajwid` int NULL,
  `makhroj` int NULL,
  `adab` int NULL,
  `predikat` varchar(255) NULL,
  `target_berikutnya` varchar(255) NULL,
  `tanggal_pertemuan_berikutnya` date NULL,
  PRIMARY KEY (`id`),
  UNIQUE KEY `tahfidz_progress_siswa_id_unique` (`siswa_id`),
  KEY `tahfidz_progress_kelas_quran_id_progress_percent_index` (`kelas_quran_id`, `progress_percent`),
  KEY `tahfidz_progress_kelas_id_progress_percent_index` (`kelas_id`, `progress_percent`)
) ENGINE=InnoDB DEFAULT CHARSET=utf8mb4 COLLATE=utf8mb4_unicode_ci;

INSERT INTO `tahfidz_progress` (`id`, `siswa_id`, `kelas_id`, `kelas_quran_id`, `surah`, `ayat_mulai`, `ayat_selesai`, `juz_dihafal`, `total_ayat`, `progress_percent`, `target_deskripsi`, `status`, `catatan`, `updated_by`, `created_at`, `updated_at`, `tingkat_ummi`, `posisi_tilawah`, `hafalan_terakhir`, `kelancaran`, `tajwid`, `makhroj`, `adab`, `predikat`, `target_berikutnya`, `tanggal_pertemuan_berikutnya`) VALUES
('1', '67', '6', '7', 'Al-Falaq', '1', '5', '1', '42', '77.78', 'Murojaah An-Naas sampai Al-Falaq', 'berproses', 'Demo: bacaan semakin lancar, perlu murojaah pada makhroj tertentu.', '78', '2026-07-23 10:11:33', '2026-07-23 10:11:33', 'UMMI Jilid 2', 'Jilid 2 Halaman 16', 'Al-Falaq', '88', '86', '84', '90', 'Jayyid', 'Al-Ikhlas', '2026-07-27 00:00:00');

DROP TABLE IF EXISTS `tahfidz_setoran`;
CREATE TABLE `tahfidz_setoran` (
  `id` bigint unsigned NOT NULL AUTO_INCREMENT,
  `siswa_id` bigint unsigned NOT NULL,
  `guru_id` bigint unsigned NOT NULL,
  `tanggal` date NOT NULL,
  `surah` varchar(255) NOT NULL,
  `ayat_mulai` int NOT NULL,
  `ayat_selesai` int NOT NULL,
  `jumlah_ayat` int NOT NULL,
  `status` varchar(255) NOT NULL DEFAULT 'baru',
  `nilai` int NULL,
  `catatan_guru` text NULL,
  `created_at` datetime NULL,
  `updated_at` datetime NULL,
  `tanggal_berikutnya` date NULL,
  `tahun_ajaran` varchar(255) NOT NULL DEFAULT '2026/2027',
  `semester` varchar(255) NOT NULL DEFAULT 'Ganjil',
  PRIMARY KEY (`id`),
  KEY `tahfidz_setoran_semester_index` (`semester`),
  KEY `tahfidz_setoran_tahun_ajaran_index` (`tahun_ajaran`)
) ENGINE=InnoDB DEFAULT CHARSET=utf8mb4 COLLATE=utf8mb4_unicode_ci;

INSERT INTO `tahfidz_setoran` (`id`, `siswa_id`, `guru_id`, `tanggal`, `surah`, `ayat_mulai`, `ayat_selesai`, `jumlah_ayat`, `status`, `nilai`, `catatan_guru`, `created_at`, `updated_at`, `tanggal_berikutnya`, `tahun_ajaran`, `semester`) VALUES
('1', '67', '12', '2026-07-08 00:00:00', 'An-Naas', '1', '6', '6', 'baru', '88', 'Setoran Tahfidz Demo.', '2026-07-23 10:11:33', '2026-07-23 10:11:33', '2026-07-27 00:00:00', '2026/2027', 'Ganjil'),
('2', '67', '12', '2026-07-15 00:00:00', 'Al-Falaq', '1', '5', '5', 'baru', '90', 'Setoran Tahfidz Demo.', '2026-07-23 10:11:33', '2026-07-23 10:11:33', '2026-07-27 00:00:00', '2026/2027', 'Ganjil'),
('3', '1', '12', '2026-03-06 00:00:00', 'An-Nazi''at', '1', '14', '5', 'murojaah', '81', NULL, '2026-07-23 10:11:35', '2026-07-23 10:11:35', NULL, '2026/2027', 'Ganjil'),
('4', '1', '12', '2026-03-13 00:00:00', 'An-Nazi''at', '1', '7', '11', 'baru', '99', NULL, '2026-07-23 10:11:35', '2026-07-23 10:11:35', NULL, '2026/2027', 'Ganjil'),
('5', '1', '11', '2026-03-24 00:00:00', 'Abasa', '1', '7', '10', 'baru', '100', NULL, '2026-07-23 10:11:35', '2026-07-23 10:11:35', NULL, '2026/2027', 'Ganjil'),
('6', '2', '1', '2026-03-23 00:00:00', 'An-Nazi''at', '1', '14', '9', 'baru', '95', NULL, '2026-07-23 10:11:35', '2026-07-23 10:11:35', NULL, '2026/2027', 'Ganjil'),
('7', '2', '11', '2026-03-15 00:00:00', 'Abasa', '1', '9', '8', 'murojaah', '92', NULL, '2026-07-23 10:11:36', '2026-07-23 10:11:36', NULL, '2026/2027', 'Ganjil'),
('8', '2', '6', '2026-03-10 00:00:00', 'Abasa', '1', '6', '14', 'baru', '97', NULL, '2026-07-23 10:11:36', '2026-07-23 10:11:36', NULL, '2026/2027', 'Ganjil'),
('9', '3', '11', '2026-03-10 00:00:00', 'An-Nazi''at', '1', '12', '11', 'murojaah', '87', NULL, '2026-07-23 10:11:36', '2026-07-23 10:11:36', NULL, '2026/2027', 'Ganjil'),
('10', '3', '4', '2026-03-22 00:00:00', 'An-Naba''', '1', '11', '15', 'murojaah', '94', NULL, '2026-07-23 10:11:36', '2026-07-23 10:11:36', NULL, '2026/2027', 'Ganjil'),
('11', '3', '5', '2026-03-15 00:00:00', 'An-Nazi''at', '1', '15', '7', 'murojaah', '88', NULL, '2026-07-23 10:11:36', '2026-07-23 10:11:36', NULL, '2026/2027', 'Ganjil'),
('12', '4', '9', '2026-03-16 00:00:00', 'An-Naba''', '1', '9', '11', 'murojaah', '100', NULL, '2026-07-23 10:11:36', '2026-07-23 10:11:36', NULL, '2026/2027', 'Ganjil'),
('13', '4', '3', '2026-03-13 00:00:00', 'Abasa', '1', '12', '8', 'murojaah', '96', NULL, '2026-07-23 10:11:36', '2026-07-23 10:11:36', NULL, '2026/2027', 'Ganjil'),
('14', '4', '12', '2026-03-21 00:00:00', 'An-Naba''', '1', '5', '11', 'murojaah', '95', NULL, '2026-07-23 10:11:36', '2026-07-23 10:11:36', NULL, '2026/2027', 'Ganjil'),
('15', '5', '12', '2026-03-16 00:00:00', 'An-Naba''', '1', '15', '14', 'baru', '94', NULL, '2026-07-23 10:11:36', '2026-07-23 10:11:36', NULL, '2026/2027', 'Ganjil'),
('16', '5', '9', '2026-03-08 00:00:00', 'An-Naba''', '1', '5', '6', 'baru', '100', NULL, '2026-07-23 10:11:36', '2026-07-23 10:11:36', NULL, '2026/2027', 'Ganjil'),
('17', '5', '1', '2026-03-09 00:00:00', 'Abasa', '1', '12', '12', 'baru', '85', NULL, '2026-07-23 10:11:36', '2026-07-23 10:11:36', NULL, '2026/2027', 'Ganjil'),
('18', '6', '7', '2026-03-10 00:00:00', 'An-Naba''', '1', '14', '7', 'baru', '87', NULL, '2026-07-23 10:11:36', '2026-07-23 10:11:36', NULL, '2026/2027', 'Ganjil'),
('19', '6', '4', '2026-03-12 00:00:00', 'An-Nazi''at', '1', '12', '10', 'baru', '92', NULL, '2026-07-23 10:11:36', '2026-07-23 10:11:36', NULL, '2026/2027', 'Ganjil'),
('20', '6', '3', '2026-03-26 00:00:00', 'An-Naba''', '1', '14', '5', 'murojaah', '91', NULL, '2026-07-23 10:11:36', '2026-07-23 10:11:36', NULL, '2026/2027', 'Ganjil'),
('21', '7', '9', '2026-03-16 00:00:00', 'An-Naba''', '1', '14', '15', 'murojaah', '89', NULL, '2026-07-23 10:11:36', '2026-07-23 10:11:36', NULL, '2026/2027', 'Ganjil'),
('22', '7', '1', '2026-03-16 00:00:00', 'An-Nazi''at', '1', '12', '14', 'baru', '85', NULL, '2026-07-23 10:11:36', '2026-07-23 10:11:36', NULL, '2026/2027', 'Ganjil'),
('23', '7', '1', '2026-03-28 00:00:00', 'Abasa', '1', '14', '7', 'murojaah', '85', NULL, '2026-07-23 10:11:36', '2026-07-23 10:11:36', NULL, '2026/2027', 'Ganjil'),
('24', '8', '4', '2026-03-08 00:00:00', 'Abasa', '1', '11', '9', 'baru', '82', NULL, '2026-07-23 10:11:36', '2026-07-23 10:11:36', NULL, '2026/2027', 'Ganjil'),
('25', '8', '4', '2026-03-02 00:00:00', 'An-Nazi''at', '1', '10', '15', 'baru', '99', NULL, '2026-07-23 10:11:36', '2026-07-23 10:11:36', NULL, '2026/2027', 'Ganjil'),
('26', '8', '5', '2026-03-18 00:00:00', 'An-Nazi''at', '1', '5', '11', 'baru', '90', NULL, '2026-07-23 10:11:36', '2026-07-23 10:11:36', NULL, '2026/2027', 'Ganjil'),
('27', '9', '3', '2026-03-06 00:00:00', 'An-Naba''', '1', '7', '15', 'baru', '100', NULL, '2026-07-23 10:11:36', '2026-07-23 10:11:36', NULL, '2026/2027', 'Ganjil'),
('28', '9', '5', '2026-03-24 00:00:00', 'Abasa', '1', '15', '7', 'baru', '90', NULL, '2026-07-23 10:11:36', '2026-07-23 10:11:36', NULL, '2026/2027', 'Ganjil'),
('29', '9', '3', '2026-03-12 00:00:00', 'Abasa', '1', '10', '12', 'murojaah', '84', NULL, '2026-07-23 10:11:36', '2026-07-23 10:11:36', NULL, '2026/2027', 'Ganjil'),
('30', '10', '7', '2026-03-02 00:00:00', 'Abasa', '1', '6', '12', 'baru', '89', NULL, '2026-07-23 10:11:36', '2026-07-23 10:11:36', NULL, '2026/2027', 'Ganjil'),
('31', '10', '9', '2026-03-20 00:00:00', 'An-Naba''', '1', '7', '5', 'murojaah', '88', NULL, '2026-07-23 10:11:36', '2026-07-23 10:11:36', NULL, '2026/2027', 'Ganjil'),
('32', '10', '12', '2026-03-17 00:00:00', 'Abasa', '1', '11', '12', 'baru', '100', NULL, '2026-07-23 10:11:36', '2026-07-23 10:11:36', NULL, '2026/2027', 'Ganjil');

DROP TABLE IF EXISTS `tahsin_setorans`;
CREATE TABLE `tahsin_setorans` (
  `id` bigint unsigned NOT NULL AUTO_INCREMENT,
  `siswa_id` bigint unsigned NOT NULL,
  `guru_id` bigint unsigned NULL,
  `kelas_id` bigint unsigned NULL,
  `tanggal` date NOT NULL,
  `materi_tahsin` varchar(255) NOT NULL,
  `jilid_halaman` varchar(255) NULL,
  `nilai` int NULL,
  `catatan` text NULL,
  `status` varchar(255) NOT NULL DEFAULT 'proses',
  `created_at` datetime NULL,
  `updated_at` datetime NULL,
  `tahun_ajaran` varchar(255) NOT NULL DEFAULT '2026/2027',
  `semester` varchar(255) NOT NULL DEFAULT 'Ganjil',
  PRIMARY KEY (`id`),
  KEY `tahsin_setorans_semester_index` (`semester`),
  KEY `tahsin_setorans_tahun_ajaran_index` (`tahun_ajaran`),
  KEY `tahsin_setorans_guru_id_tanggal_index` (`guru_id`, `tanggal`),
  KEY `tahsin_setorans_siswa_id_tanggal_index` (`siswa_id`, `tanggal`)
) ENGINE=InnoDB DEFAULT CHARSET=utf8mb4 COLLATE=utf8mb4_unicode_ci;

INSERT INTO `tahsin_setorans` (`id`, `siswa_id`, `guru_id`, `kelas_id`, `tanggal`, `materi_tahsin`, `jilid_halaman`, `nilai`, `catatan`, `status`, `created_at`, `updated_at`, `tahun_ajaran`, `semester`) VALUES
('1', '67', '12', '6', '2026-07-16 00:00:00', 'Makharijul huruf Demo', 'Jilid 2 Halaman 16', '88', 'Tahsin Demo: kelancaran baik.', 'proses', '2026-07-23 10:11:33', '2026-07-23 10:11:33', '2026/2027', 'Ganjil');

DROP TABLE IF EXISTS `tugas`;
CREATE TABLE `tugas` (
  `id` bigint unsigned NOT NULL AUTO_INCREMENT,
  `judul` varchar(255) NOT NULL,
  `deskripsi` text NULL,
  `mapel_id` bigint unsigned NOT NULL,
  `kelas_id` bigint unsigned NOT NULL,
  `guru_id` bigint unsigned NOT NULL,
  `tipe` varchar(255) NOT NULL DEFAULT 'tugas',
  `tanggal_deadline` date NULL,
  `file_path` varchar(255) NULL,
  `created_at` datetime NULL,
  `updated_at` datetime NULL,
  `tahun_ajaran` varchar(255) NOT NULL DEFAULT '2026/2027',
  `semester` varchar(255) NOT NULL DEFAULT 'Ganjil',
  PRIMARY KEY (`id`),
  KEY `tugas_semester_index` (`semester`),
  KEY `tugas_tahun_ajaran_index` (`tahun_ajaran`)
) ENGINE=InnoDB DEFAULT CHARSET=utf8mb4 COLLATE=utf8mb4_unicode_ci;

INSERT INTO `tugas` (`id`, `judul`, `deskripsi`, `mapel_id`, `kelas_id`, `guru_id`, `tipe`, `tanggal_deadline`, `file_path`, `created_at`, `updated_at`, `tahun_ajaran`, `semester`) VALUES
('1', 'Tugas Matematika Demo', 'Tugas Demo operasi hitung.', '1', '6', '12', 'tugas', '2026-07-31', NULL, '2026-07-23 10:11:33', '2026-07-23 10:11:33', '2026/2027', 'Ganjil'),
('2', 'Tugas Praktek Sholat', NULL, '13', '5', '1', 'tugas', '2026-04-02', NULL, '2026-07-23 10:11:34', '2026-07-23 10:11:34', '2026/2027', 'Ganjil'),
('3', 'PR Persamaan Linear', NULL, '7', '4', '12', 'tugas', '2026-04-05', NULL, '2026-07-23 10:11:34', '2026-07-23 10:11:34', '2026/2027', 'Ganjil'),
('4', 'Laporan Pengamatan', NULL, '9', '6', '8', 'tugas', '2026-04-10', NULL, '2026-07-23 10:11:34', '2026-07-23 10:11:34', '2026/2027', 'Ganjil'),
('5', 'Esai Liburan', NULL, '11', '2', '12', 'tugas', '2026-04-15', NULL, '2026-07-23 10:11:34', '2026-07-23 10:11:34', '2026/2027', 'Ganjil'),
('6', 'Vocabulary Quiz', NULL, '21', '1', '2', 'tugas', '2026-04-12', NULL, '2026-07-23 10:11:34', '2026-07-23 10:11:34', '2026/2027', 'Ganjil'),
('7', 'Ulangan Harian Bab 4', NULL, '36', '1', '4', 'ulangan', '2026-04-08', NULL, '2026-07-23 10:11:34', '2026-07-23 10:11:34', '2026/2027', 'Ganjil'),
('8', 'UTS Genap', NULL, '2', '3', '6', 'ulangan', '2026-04-20', NULL, '2026-07-23 10:11:34', '2026-07-23 10:11:34', '2026/2027', 'Ganjil'),
('9', 'Ulangan Harian Bab 3', NULL, '42', '4', '8', 'ulangan', '2026-03-15', NULL, '2026-07-23 10:11:35', '2026-07-23 10:11:35', '2026/2027', 'Ganjil');

DROP TABLE IF EXISTS `users`;
CREATE TABLE `users` (
  `id` bigint unsigned NOT NULL AUTO_INCREMENT,
  `name` varchar(255) NOT NULL,
  `email` varchar(255) NOT NULL,
  `email_verified_at` datetime NULL,
  `password` varchar(255) NOT NULL,
  `remember_token` varchar(255) NULL,
  `created_at` datetime NULL,
  `updated_at` datetime NULL,
  `role` varchar(255) NOT NULL DEFAULT 'siswa_smp',
  PRIMARY KEY (`id`),
  UNIQUE KEY `users_email_unique` (`email`)
) ENGINE=InnoDB DEFAULT CHARSET=utf8mb4 COLLATE=utf8mb4_unicode_ci;

INSERT INTO `users` (`id`, `name`, `email`, `email_verified_at`, `password`, `remember_token`, `created_at`, `updated_at`, `role`) VALUES
('1', 'Sahrial Pulungan, M.Pd', 'sahrial.pulungan.mpd@alazharjayaindonesia.sch.id', NULL, '$2y$12$5/ee..2VwZVtFUZAI9a30.JunWtQJVqGufgWTetN/CpakUk812U0m', NULL, '2026-07-23 10:11:17', '2026-07-23 10:11:17', 'guru'),
('2', 'Riva Riana, S.Pd', 'riva.riana.spd@alazharjayaindonesia.sch.id', NULL, '$2y$12$3ZDtzGsm3RyUvFj2MHmTl.ys0.X32..mO0q/znac0itB3rrbt3wZi', NULL, '2026-07-23 10:11:18', '2026-07-23 10:11:18', 'guru'),
('3', 'Adinda Oktavhiani S.Pd', 'adinda.oktavhiani.spd@alazharjayaindonesia.sch.id', NULL, '$2y$12$d6ckwTQEcA/IYIISGiPrj.h2V0MHvHf5TC1tHR3l8AlOn22JuMNv6', NULL, '2026-07-23 10:11:18', '2026-07-23 10:11:18', 'guru'),
('4', 'Intan Kusuma Dera, S.Ag', 'intan.kusuma.dera.sag@alazharjayaindonesia.sch.id', NULL, '$2y$12$yxCczy7APxgQSAmve6Z6ZOyhdLeqzyOvneOvKydQawzC3b79rhsQm', NULL, '2026-07-23 10:11:18', '2026-07-23 10:11:18', 'guru'),
('5', 'Vika Wati Dzulciha, S.Ag', 'vika.wati.dzulciha.sag@alazharjayaindonesia.sch.id', NULL, '$2y$12$Ns6jYy9dgcGZUKX0T0lfHevYAL2c3t8ufbdJhVyMvn8HwSjNe3yFC', NULL, '2026-07-23 10:11:18', '2026-07-23 10:11:18', 'guru'),
('6', 'Irnika Widiyan Dini, S.Li', 'irnika.widiyan.dini.sli@alazharjayaindonesia.sch.id', NULL, '$2y$12$moawudaD/5H5W3O11HtWbe9rdh2xUl3F7cdVnnYrW/rRn/gFLwkCS', NULL, '2026-07-23 10:11:18', '2026-07-23 10:11:18', 'guru'),
('7', 'Ajeng Putyri Aryantika, S.Pd', 'ajeng.putyri.aryantika.spd@alazharjayaindonesia.sch.id', NULL, '$2y$12$FKNxlqQR8rGvnPVe5uF7HuGO5EbzW30Cot3yoZApM8lRblQYvRsSW', NULL, '2026-07-23 10:11:19', '2026-07-23 10:11:19', 'guru'),
('8', 'Nurhayati, S.Ag', 'nurhayati.sag@alazharjayaindonesia.sch.id', NULL, '$2y$12$WwIpoX2HCaMTa4CDFBXRvuy3leONE4SuK72a69BpiBRZgSlTF36O6', NULL, '2026-07-23 10:11:19', '2026-07-23 10:11:19', 'guru'),
('9', 'Sri Wanti Maulani, S.Pd', 'sri.wanti.maulani.spd@alazharjayaindonesia.sch.id', NULL, '$2y$12$AYgmUGH1G3YDpnOF8K/x5e9RP8ORppT4Di9cp8mZLo.EglVIGLvOG', NULL, '2026-07-23 10:11:19', '2026-07-23 10:11:19', 'guru'),
('10', 'Khoirunnisa, S.Ag', 'khoirunnisa@alazharjayaindonesia.sch.id', NULL, '$2y$12$wJag9Qbd7u4vpbDW7PxA0e48DZpxkmJAhftReLB5mX2WZdV7z7dn.', NULL, '2026-07-23 10:11:19', '2026-07-23 10:11:19', 'guru'),
('11', 'Ai Sunariah, S.Pd', 'ai.sunariah.spd@alazharjayaindonesia.sch.id', NULL, '$2y$12$7xgfK2276MrZqG6YdBdn4.fLogxwMVLaOL8AKkDIMQl05lPLG1wgW', NULL, '2026-07-23 10:11:19', '2026-07-23 10:11:19', 'guru'),
('12', 'Abdul Latif', 'abdul.latif@alazharjayaindonesia.sch.id', NULL, '$2y$12$FjQNqgdfaYJNSwVs6YB91uDGi8Q3Z0mRBYhqzRN9IPWBOY2MLxt6G', NULL, '2026-07-23 10:11:20', '2026-07-23 10:11:20', 'siswa_smp'),
('13', 'Abid Abyan Tsany Solihansyah', 'abid.abyan.tsany.solihansyah@alazharjayaindonesia.sch.id', NULL, '$2y$12$YIciQ7llyjA4VpElIvhqrumQd0lnb.8KN/zXctuwZko2XOKQfaH5i', NULL, '2026-07-23 10:11:20', '2026-07-23 10:11:20', 'siswa_smp'),
('14', 'Aldeen Hadwan Shirazi', 'aldeen.hadwan.shirazi@alazharjayaindonesia.sch.id', NULL, '$2y$12$1sH5DIhRIgyBRIS89jeTqu2Hs4W.zLAEFYJKjx89Ga0qBbNVKAYX6', NULL, '2026-07-23 10:11:20', '2026-07-23 10:11:20', 'siswa_smp'),
('15', 'Chaidar Rafisqy Hermawan', 'chaidar.rafisqy.hermawan@alazharjayaindonesia.sch.id', NULL, '$2y$12$UGGV7i4dwsbg0NQv8asH/exWjS9s/Af5Tk1AMtNNbvB5ZzyN76O5y', NULL, '2026-07-23 10:11:20', '2026-07-23 10:11:20', 'siswa_smp'),
('16', 'Daffa Zaidan Pratama', 'daffa.zaidan.pratama@alazharjayaindonesia.sch.id', NULL, '$2y$12$9yp7MxPSqFQMcVjc/2a/U.cKDYZ7hHdyfPrfsNfSx1DKZjUcUOVvW', NULL, '2026-07-23 10:11:20', '2026-07-23 10:11:20', 'siswa_smp'),
('17', 'Fauzi Abdu Rohman', 'fauzi.abdu.rohman@alazharjayaindonesia.sch.id', NULL, '$2y$12$FEgOnB46sjiGunUUrnWvT.OieFJLJ1xuLt7u83uCQhmj45nIGzfQK', NULL, '2026-07-23 10:11:20', '2026-07-23 10:11:20', 'siswa_smp'),
('18', 'Galang Hernandes', 'galang.hernandes@alazharjayaindonesia.sch.id', NULL, '$2y$12$dRFhiiGjtilpO/uWHIDS1Og0GqvZltoJAcz9m4YlRCRtLMjcFMoPu', NULL, '2026-07-23 10:11:21', '2026-07-23 10:11:21', 'siswa_smp'),
('19', 'Hamzah Irfan Fadillah', 'hamzah.irfan.fadillah@alazharjayaindonesia.sch.id', NULL, '$2y$12$2.fBNwCpKAL6/moi67Uh7eBlHNkPi3jSUzYLIWZOjAGRzrm30X/oC', NULL, '2026-07-23 10:11:21', '2026-07-23 10:11:21', 'siswa_smp'),
('20', 'Kelvin Adel Pratama', 'kelvin.adel.pratama@alazharjayaindonesia.sch.id', NULL, '$2y$12$RPGsL6HUFoVLiG//kP6MIegaDiE23DzbUOGVsXK7YsuQRNGSj6V9a', NULL, '2026-07-23 10:11:21', '2026-07-23 10:11:21', 'siswa_smp'),
('21', 'Maherdes Attaufiq Riziqlillah', 'maherdes.attaufiq.riziqlillah@alazharjayaindonesia.sch.id', NULL, '$2y$12$Cx2q6Sr9ppKK.v9xmMx6V.dJZHz13ORJZ4rClsjtUWrSZr0DY1OgK', NULL, '2026-07-23 10:11:21', '2026-07-23 10:11:21', 'siswa_smp'),
('22', 'Muhammad Albyan', 'muhammad.albyan@alazharjayaindonesia.sch.id', NULL, '$2y$12$ERLpV6U3hEMsGlJiauqyw.pC17FcAkmEzmqcQSGLLkJVbaSTNm9lG', NULL, '2026-07-23 10:11:21', '2026-07-23 10:11:21', 'siswa_smp'),
('23', 'Muhammad Alhafidz', 'muhammad.alhafidz@alazharjayaindonesia.sch.id', NULL, '$2y$12$ZgLoLKyDZuj8FbJ6yp68/Op11VDbADMmkSRjcnMwaCV0Yf.gTcBc2', NULL, '2026-07-23 10:11:21', '2026-07-23 10:11:21', 'siswa_smp'),
('24', 'Muhammad Aslam Zayyan', 'muhammad.aslam.zayyan@alazharjayaindonesia.sch.id', NULL, '$2y$12$JuK2kebeSNpaeLTTFdqA7.sNGG6v68L4IVzlL4onh18QQRcljGfHa', NULL, '2026-07-23 10:11:22', '2026-07-23 10:11:22', 'siswa_smp'),
('25', 'Rizky Maulana As Shidiq', 'rizky.maulana.as.shidiq@alazharjayaindonesia.sch.id', NULL, '$2y$12$T8eWer/0C/QFvegsReUVSOs/l9wldd2NA6eo34j1IwWZ7uDBglI56', NULL, '2026-07-23 10:11:22', '2026-07-23 10:11:22', 'siswa_smp'),
('26', 'Muhammad Azzam Nufail', 'muhammad.azzam.nufail@alazharjayaindonesia.sch.id', NULL, '$2y$12$qmttN3oMHbJG4PFTZ6YfJOAhij6oPe3mQNEOTSmjdJ2Bg5cSf0RlO', NULL, '2026-07-23 10:11:22', '2026-07-23 10:11:22', 'siswa_smp'),
('27', 'Muhammad Daffa Al Ghifari', 'muhammad.daffa.al.ghifari@alazharjayaindonesia.sch.id', NULL, '$2y$12$vW9xt0pHjA.enOopLtHb5OnpHGHWjA8AAhcAF8a6hpPRs7JihTOrC', NULL, '2026-07-23 10:11:22', '2026-07-23 10:11:22', 'siswa_smp'),
('28', 'Muhammad Eldafi Satya Irawan', 'muhammad.eldafi.satya.irawan@alazharjayaindonesia.sch.id', NULL, '$2y$12$1JVKAyAjtN5vZzou033cL.ZmdCE5Lqrsa3fG01mi3VGpUTwDQ8eA2', NULL, '2026-07-23 10:11:22', '2026-07-23 10:11:22', 'siswa_smp'),
('29', 'Muhammad Falah Pratama Mulya', 'muhammad.falah.pratama.mulya@alazharjayaindonesia.sch.id', NULL, '$2y$12$JUr6jhz5811DtwNXBYcPlu1F9ojMEjKmb2qOaa/peh3EifmJ32xKW', NULL, '2026-07-23 10:11:23', '2026-07-23 10:11:23', 'siswa_smp'),
('30', 'Muhammad Maher', 'muhammad.maher@alazharjayaindonesia.sch.id', NULL, '$2y$12$s.8yCbsaMKzhQ0jiLUzPI.keDUDrQEV6B1Ekc4KuvCTIBcoQPXk/6', NULL, '2026-07-23 10:11:23', '2026-07-23 10:11:23', 'siswa_smp'),
('31', 'Muhammad Quincy Satyamulya', 'muhammad.quincy.satyamulya@alazharjayaindonesia.sch.id', NULL, '$2y$12$pzRvQaeD09ja9LYFqJCwjO0iQyRNVhu6FWDvkycFXjx6tLeDoOsnu', NULL, '2026-07-23 10:11:23', '2026-07-23 10:11:23', 'siswa_smp'),
('32', 'Muhammad Rakha Solihansyah', 'muhammad.rakha.solihansyah@alazharjayaindonesia.sch.id', NULL, '$2y$12$rPfcKqicMSeZpbPr4UBsBuaPQxqZLNDnWub/Pjt91AVZaqiIWDGgG', NULL, '2026-07-23 10:11:23', '2026-07-23 10:11:23', 'siswa_smp'),
('33', 'Muhammad Wafi Alkiram', 'muhammad.wafi.alkiram@alazharjayaindonesia.sch.id', NULL, '$2y$12$TUtgnV2vyg9tDjQHQNlEZ.2HCtbU4/ZXvD/rliNG5MynRpYeSF1MG', NULL, '2026-07-23 10:11:23', '2026-07-23 10:11:23', 'siswa_smp'),
('34', 'Naufal Djaky Ardani', 'naufal.djaky.ardani@alazharjayaindonesia.sch.id', NULL, '$2y$12$ivhle1iNQYxNHFk/Cv7ReeD73Q5a/DTYsy7fNLeIqVXzPQz0OMdxK', NULL, '2026-07-23 10:11:23', '2026-07-23 10:11:23', 'siswa_smp'),
('35', 'Pandu Bagus Damar Wiyono', 'pandu.bagus.damar.wiyono@alazharjayaindonesia.sch.id', NULL, '$2y$12$GPdBCz707J14yVYofnaNS./ig97bnlKwLNXKqeAoyK6OqtNIKoUTq', NULL, '2026-07-23 10:11:24', '2026-07-23 10:11:24', 'siswa_smp'),
('36', 'Tsabit Wafi Musyaffa', 'tsabit.wafi.musyaffa@alazharjayaindonesia.sch.id', NULL, '$2y$12$jyb.e5CP6GTOZVdt3z8jjuM/0QEHAX/s09EGle4X/pPI9HQJnN9HC', NULL, '2026-07-23 10:11:24', '2026-07-23 10:11:24', 'siswa_smp'),
('37', 'Zahran Farid Firdaus', 'zahran.farid.firdaus@alazharjayaindonesia.sch.id', NULL, '$2y$12$r1WVkHHuzUxYOF2S2bRiW.uVBwYUphPJkMsoudl6qyYJe8jffTQcG', NULL, '2026-07-23 10:11:24', '2026-07-23 10:11:24', 'siswa_smp'),
('38', 'Zein Maulana Muaffin', 'zein.maulana.muaffin@alazharjayaindonesia.sch.id', NULL, '$2y$12$HZuadC9xHcn4bILHkj714.Nv1q48UNM2EKXaNNZoJoyN/0EBw7a2C', NULL, '2026-07-23 10:11:24', '2026-07-23 10:11:24', 'siswa_smp'),
('39', 'Alviandra Chesta Radityatama', 'alviandra.chesta.radityatama@alazharjayaindonesia.sch.id', NULL, '$2y$12$SfuY6/eIJs1TKp.kVt4eVOGs1drtBYoukq/R1tCa5EDZqhsc2lNZ2', NULL, '2026-07-23 10:11:24', '2026-07-23 10:11:24', 'siswa_smp'),
('40', 'Argia Raya Adz Dzikra', 'argia.raya.adz.dzikra@alazharjayaindonesia.sch.id', NULL, '$2y$12$AWr6dgER.VPOj.r0BnsOFu0Q253B9ANJoxPHaWnW81c84.b2cUqqO', NULL, '2026-07-23 10:11:24', '2026-07-23 10:11:24', 'siswa_smp'),
('41', 'Muhammad Hafidz Alfahrezi', 'muhammad.hafidz.alfahrezi@alazharjayaindonesia.sch.id', NULL, '$2y$12$Vp9MXPVIaZwgM/vlB3AMFuI/o/Wq2X37cMezFc1Mezjtqb.ENQzbC', NULL, '2026-07-23 10:11:25', '2026-07-23 10:11:25', 'siswa_smp'),
('42', 'Muhammad Al Farizy Setyanto', 'muhammad.al.farizy.setyanto@alazharjayaindonesia.sch.id', NULL, '$2y$12$eRW0YsNWzHvhOFB/DHA47uNILM7RDqHv7Dq7ToDdwC3aezCMfhNV.', NULL, '2026-07-23 10:11:25', '2026-07-23 10:11:25', 'siswa_smp'),
('43', 'Muhammad Al Fatih', 'muhammad.al.fatih@alazharjayaindonesia.sch.id', NULL, '$2y$12$Nu93JOsQMfxH6CdaPn1tLuWgcrUM3N3BiOhzlfbJwaFPsLXmZlGyu', NULL, '2026-07-23 10:11:25', '2026-07-23 10:11:25', 'siswa_smp'),
('44', 'Muhammad Fadlan Adelmar', 'muhammad.fadlan.adelmar@alazharjayaindonesia.sch.id', NULL, '$2y$12$4sND3gKInK.NG2te8BKu5.yzipCzroLLWI9qo2tRtYqd.ERh9klz6', NULL, '2026-07-23 10:11:25', '2026-07-23 10:11:25', 'siswa_smp'),
('45', 'Reval Rama Sulistiyo', 'reval.rama.sulistiyo@alazharjayaindonesia.sch.id', NULL, '$2y$12$hTAx3HtnCdKQi68YhPpV8.7yzXLTxUiwM0AtpyWLG2/p9KMg50wYm', NULL, '2026-07-23 10:11:25', '2026-07-23 10:11:25', 'siswa_smp'),
('46', 'Aila Zahwa Aqilah', 'aila.zahwa.aqilah@alazharjayaindonesia.sch.id', NULL, '$2y$12$IedCs6pUL0Lve/EyT8Yh0OqkhvGgoYnd17NkZsAcZ0shtc5VN8Onm', NULL, '2026-07-23 10:11:26', '2026-07-23 10:11:26', 'siswa_smp'),
('47', 'Aisyah Rahma Haniya', 'aisyah.rahma.haniya@alazharjayaindonesia.sch.id', NULL, '$2y$12$pPdMWHZiR1PDD53JMaNoBOwvJ0T.RCSQE06OHSGxhPblU1PEFnaya', NULL, '2026-07-23 10:11:26', '2026-07-23 10:11:26', 'siswa_smp'),
('48', 'Anindita Valencia Aurora', 'anindita.valencia.aurora@alazharjayaindonesia.sch.id', NULL, '$2y$12$XL92NhZApgpqilsKtyOQnehFbHZyX4qwijg737x.P5ySKf5kiMdqa', NULL, '2026-07-23 10:11:26', '2026-07-23 10:11:26', 'siswa_smp'),
('49', 'Atsilah Azka Ramadhani', 'atsilah.azka.ramadhani@alazharjayaindonesia.sch.id', NULL, '$2y$12$/n8R82Sj56cpyJTSYuJCkuz44kVybLY.ynctQsB7JPWr/Hw5tjZAi', NULL, '2026-07-23 10:11:26', '2026-07-23 10:11:26', 'siswa_smp'),
('50', 'Dara Medina Putri', 'dara.medina.putri@alazharjayaindonesia.sch.id', NULL, '$2y$12$T.eW7y2SecRMN5szrRgsm.4P8Px6Y2ztUwPQrquP9JkK57SlGgRPe', NULL, '2026-07-23 10:11:26', '2026-07-23 10:11:26', 'siswa_smp'),
('51', 'Elsa Sri Isyana', 'elsa.sri.isyana@alazharjayaindonesia.sch.id', NULL, '$2y$12$lHnqw3yjBcUi7sqL.WMEDelFPDWYaRSBWHm8nhiv3UnE2zSjFvG8m', NULL, '2026-07-23 10:11:26', '2026-07-23 10:11:26', 'siswa_smp'),
('52', 'Fadhilah Ramadhani', 'fadhilah.ramadhani@alazharjayaindonesia.sch.id', NULL, '$2y$12$Gu3mlbyXkXkRjz/AFhXIL.ZBySMaQKXzJ2vATg./.kDPOnZf4C706', NULL, '2026-07-23 10:11:27', '2026-07-23 10:11:27', 'siswa_smp'),
('53', 'Fakhirah Khansa Anditasyah', 'fakhirah.khansa.anditasyah@alazharjayaindonesia.sch.id', NULL, '$2y$12$BsE/hQysf0Cq9ELevCLnresIOUbw2r3ZMBP2T8sFO6DgWPgHdKsBC', NULL, '2026-07-23 10:11:27', '2026-07-23 10:11:27', 'siswa_smp'),
('54', 'Fauziah Adawiyah', 'fauziah.adawiyah@alazharjayaindonesia.sch.id', NULL, '$2y$12$4.x601kHSiQgG4jPOzBfdOXK.KKCT2.Zmaf9YXdZCVtrgub3D1OS6', NULL, '2026-07-23 10:11:27', '2026-07-23 10:11:27', 'siswa_smp'),
('55', 'Gadis Bening Arsandi', 'gadis.bening.arsandi@alazharjayaindonesia.sch.id', NULL, '$2y$12$QLFMTOxUvr5hUBOpFHeppOKKp7I4gza1bJrcd0G1W5w3d7zMpFlYW', NULL, '2026-07-23 10:11:27', '2026-07-23 10:11:27', 'siswa_smp'),
('56', 'Gian Naifa Shofa', 'gian.naifa.shofa@alazharjayaindonesia.sch.id', NULL, '$2y$12$P2Xn10o5ML0QGDj0UuowquZ1uSc624nzdzI4qxbHlmTK7Z6mMV6cO', NULL, '2026-07-23 10:11:27', '2026-07-23 10:11:27', 'siswa_smp'),
('57', 'Jihan Makaila Fakhirah', 'jihan.makaila.fakhirah@alazharjayaindonesia.sch.id', NULL, '$2y$12$GFhJYytTEo3vJCCMl7QC1eTkALyi/DSI3UqtFVRanp7/1wsJy3y1K', NULL, '2026-07-23 10:11:27', '2026-07-23 10:11:27', 'siswa_smp'),
('58', 'Jillan Azra Hakimah', 'jillan.azra.hakimah@alazharjayaindonesia.sch.id', NULL, '$2y$12$rSFY8CN9ELBl.02wHbPL1uEPdQjGAdaTuzE6mMhf/Ag04T9pWbXHy', NULL, '2026-07-23 10:11:28', '2026-07-23 10:11:28', 'siswa_smp'),
('59', 'Kalula Ayesha Alkanza', 'kalula.ayesha.alkanza@alazharjayaindonesia.sch.id', NULL, '$2y$12$jjqQmaRhJRVM4UALgIGcfu4uPU0VLp36DGJJZ8CEhvYeX9f8XtKPi', NULL, '2026-07-23 10:11:28', '2026-07-23 10:11:28', 'siswa_smp'),
('60', 'Kayyasah Sholiha', 'kayyasah.sholiha@alazharjayaindonesia.sch.id', NULL, '$2y$12$l6QcRNceG7197lM4AHeADepqYAXgK18hNono533XdemFK2Hf3BZOa', NULL, '2026-07-23 10:11:28', '2026-07-23 10:11:28', 'siswa_smp'),
('61', 'Khayla Almira Maritza H', 'khayla.almira.maritza.h@alazharjayaindonesia.sch.id', NULL, '$2y$12$OhSBpNPDbBFcp.CA3lJzNe1MgEmIC1CSdINGLRknq90i2TJ812kAC', NULL, '2026-07-23 10:11:28', '2026-07-23 10:11:28', 'siswa_smp'),
('62', 'Muhdatus Sa''idah', 'muhdatus.saidah@alazharjayaindonesia.sch.id', NULL, '$2y$12$L.G0sfLtdq3kDiZZ.HHahuDdxWtA6/KXaS7IBsL0HNJ3zkWA0XRka', NULL, '2026-07-23 10:11:28', '2026-07-23 10:11:28', 'siswa_smp'),
('63', 'Nadia Aqila Shanum', 'nadia.aqila.shanum@alazharjayaindonesia.sch.id', NULL, '$2y$12$IZ7vbVDDK8igZUVSdr9VPe36RVDaKJH3Z7Vp9JNvBQwMFPP22pELq', NULL, '2026-07-23 10:11:29', '2026-07-23 10:11:29', 'siswa_smp'),
('64', 'Naila Syahira Mumtazah', 'naila.syahira.mumtazah@alazharjayaindonesia.sch.id', NULL, '$2y$12$xzZ00DCuhHAjSMeF16opwu2CD39qaxoH61j.4CxPGaVyPRXgxI2WC', NULL, '2026-07-23 10:11:29', '2026-07-23 10:11:29', 'siswa_smp'),
('65', 'Nasywa Maulida', 'nasywa.maulida@alazharjayaindonesia.sch.id', NULL, '$2y$12$ObrmaLBEnoCi9K4h4nMCKu.4gH9o3eJVGMvJkHZXIOY/OHtQlU7v.', NULL, '2026-07-23 10:11:29', '2026-07-23 10:11:29', 'siswa_smp'),
('66', 'Nurul Hanis Nahilah', 'nurul.hanis.nahilah@alazharjayaindonesia.sch.id', NULL, '$2y$12$myV0.s6uNJ5zFDky4tvA8O4eu.xCfrq20r8l7LaAZluonzrGnBCp6', NULL, '2026-07-23 10:11:29', '2026-07-23 10:11:29', 'siswa_smp'),
('67', 'Nurul Kasyfatul Mahjubiyyah', 'nurul.kasyfatul.mahjubiyyah@alazharjayaindonesia.sch.id', NULL, '$2y$12$iuGAQRMRuvnRZPe94w1Jr.s00c/UK9CoTPO24uHLiQZ0LphYypXAC', NULL, '2026-07-23 10:11:29', '2026-07-23 10:11:29', 'siswa_smp'),
('68', 'Putri Yara', 'putri.yara@alazharjayaindonesia.sch.id', NULL, '$2y$12$HYcIbu7sLbHRzW9QiyhTvOtJbJKOEhOCTERdcrg/KOQmTqG62CL..', NULL, '2026-07-23 10:11:29', '2026-07-23 10:11:29', 'siswa_smp'),
('69', 'Ribkha Pramesti Wijaya', 'ribkha.pramesti.wijaya@alazharjayaindonesia.sch.id', NULL, '$2y$12$4T5a807kgmmoZdvOpjyNsu8uqCf9yWX4CEC9k2UHH7lGF9Nw6iR1a', NULL, '2026-07-23 10:11:30', '2026-07-23 10:11:30', 'siswa_smp'),
('70', 'Syaila Unatsa Putri', 'syaila.unatsa.putri@alazharjayaindonesia.sch.id', NULL, '$2y$12$xe.Bcx85j0wnQV9gHatzkebF4e0DxOl/Cofa58Bv0UTRHk1hthhKu', NULL, '2026-07-23 10:11:30', '2026-07-23 10:11:30', 'siswa_smp'),
('71', 'Syakira Sausan Khairunnisa', 'syakira.sausan.khairunnisa@alazharjayaindonesia.sch.id', NULL, '$2y$12$PgIzKZqOdcIGH4lRf6whdOTl0x/AXdOTU8tnopLv7lNMk3AxRbW6q', NULL, '2026-07-23 10:11:30', '2026-07-23 10:11:30', 'siswa_smp'),
('72', 'Violine Atha Al-Husna', 'violine.atha.al-husna@alazharjayaindonesia.sch.id', NULL, '$2y$12$wSjtYqjU2dJIIhG9OUB5p.ztYM.Bhku7XnHE4E0x1SaAff2iPqb0e', NULL, '2026-07-23 10:11:30', '2026-07-23 10:11:30', 'siswa_smp'),
('73', 'Aqilah Naurah', 'aqilah.naurah@alazharjayaindonesia.sch.id', NULL, '$2y$12$WyZwPAcQtAB0uGcOqSS4BOQBz5Wq8qyw2alcHzHpphWYObyywjcV.', NULL, '2026-07-23 10:11:30', '2026-07-23 10:11:30', 'siswa_smp'),
('74', 'Sahla Azka Hafizah', 'sahla.azka.hafizah@alazharjayaindonesia.sch.id', NULL, '$2y$12$UXKXbapFUoDo0u9XxjTuHO6CnA/EB92s3w.JZ5rzKdFRu6bVW1hlS', NULL, '2026-07-23 10:11:30', '2026-07-23 10:11:30', 'siswa_smp'),
('75', 'Hanna Mufidah', 'hanna.mufidah@alazharjayaindonesia.sch.id', NULL, '$2y$12$rpoznJ3rCuBQaZ3BJn2TSODxsMP5E1L58uhZhNb4E314J8S663EDK', NULL, '2026-07-23 10:11:31', '2026-07-23 10:11:31', 'siswa_smp'),
('76', 'Khanza Izzatunnisa', 'khanza.izzatunnisa@alazharjayaindonesia.sch.id', NULL, '$2y$12$iMC77kKUrLoi2EXTvETaL.1C7Bcj0lpoq2CfAOwDqC2DI7f9vq.LC', NULL, '2026-07-23 10:11:31', '2026-07-23 10:11:31', 'siswa_smp'),
('77', 'Ziya Zivana Zubi', 'ziya.zivana.zubi@alazharjayaindonesia.sch.id', NULL, '$2y$12$0VgqaCzpbqJUyBQXv3PSle6ktz9cq3m1wG0uN8XUJbj3Y4avkZ4nW', NULL, '2026-07-23 10:11:31', '2026-07-23 10:11:31', 'siswa_smp'),
('78', 'Guru Demo SMPIT', 'guru.demo@alazharjayaindonesia.sch.id', NULL, '$2y$12$MgVBSoXL.h1fInrn2sesbes5w7Sbw9sIcTNa5ujm.VzIgfAXVAVkG', NULL, '2026-07-23 10:11:32', '2026-07-23 10:11:32', 'guru'),
('79', 'Ahmad Fikri Demo', 'siswa.demo@alazharjayaindonesia.sch.id', NULL, '$2y$12$WPbASIRhVtz7g7nJ4Hq8Iu55721Cdv7KfYpCqhWSLy7pbzwgWRZGG', NULL, '2026-07-23 10:11:32', '2026-07-23 10:11:32', 'siswa_smp'),
('80', 'Orang Tua Ahmad Fikri Demo', 'ortu.demo@alazharjayaindonesia.sch.id', NULL, '$2y$12$xzjHtW9JlOCcguJfipJize6AV9RXhEK2ImfXf3yZlztoLRe0Bp/LG', NULL, '2026-07-23 10:11:32', '2026-07-23 10:11:32', 'orang_tua'),
('81', 'Ibu Sari Rahmawati', 'sari.rohmah@email.com', NULL, '$2y$12$l1Sso5CB71jiReVy90rzqePjUfRXidsbyiOIQd1QiOJj4dOYFt2vO', NULL, '2026-07-23 10:11:33', '2026-07-23 10:11:33', 'orang_tua'),
('82', 'Admin Sekolah', 'admin@alazharjayaindonesia.sch.id', NULL, '$2y$12$.8XrmXyaCCdCCImRfBN.Y.eeMCE5PwqHE1/EqR8thFbb4BJGnb1TK', NULL, '2026-07-23 10:11:33', '2026-07-23 10:11:33', 'admin'),
('83', 'Kepala Sekolah', 'kepala@alazharjayaindonesia.sch.id', NULL, '$2y$12$dRCIIwdQLzzzfqogpdYk6.UkdNeBAZb/T2IwNvTdgrLE0UHurMvNO', NULL, '2026-07-23 10:11:33', '2026-07-23 10:11:33', 'kepala_sekolah');

DROP TABLE IF EXISTS `workbook_jawabans`;
CREATE TABLE `workbook_jawabans` (
  `id` bigint unsigned NOT NULL AUTO_INCREMENT,
  `workbook_soal_id` bigint unsigned NOT NULL,
  `siswa_id` bigint unsigned NOT NULL,
  `jawaban` text NULL,
  `nilai` decimal(10,2) NULL,
  `created_at` datetime NULL,
  `updated_at` datetime NULL,
  PRIMARY KEY (`id`),
  UNIQUE KEY `workbook_jawabans_workbook_soal_id_siswa_id_unique` (`workbook_soal_id`, `siswa_id`)
) ENGINE=InnoDB DEFAULT CHARSET=utf8mb4 COLLATE=utf8mb4_unicode_ci;

INSERT INTO `workbook_jawabans` (`id`, `workbook_soal_id`, `siswa_id`, `jawaban`, `nilai`, `created_at`, `updated_at`) VALUES
('1', '1', '67', 'b', '100', '2026-07-23 10:11:33', '2026-07-23 10:11:33');

DROP TABLE IF EXISTS `workbook_soals`;
CREATE TABLE `workbook_soals` (
  `id` bigint unsigned NOT NULL AUTO_INCREMENT,
  `workbook_id` bigint unsigned NOT NULL,
  `nomor` int NOT NULL,
  `soal` text NOT NULL,
  `tipe` varchar(255) NOT NULL DEFAULT 'pg',
  `pilihan_a` text NULL,
  `pilihan_b` text NULL,
  `pilihan_c` text NULL,
  `pilihan_d` text NULL,
  `jawaban_benar` varchar(255) NULL,
  `bobot` int NOT NULL DEFAULT '1',
  `created_at` datetime NULL,
  `updated_at` datetime NULL,
  PRIMARY KEY (`id`)
) ENGINE=InnoDB DEFAULT CHARSET=utf8mb4 COLLATE=utf8mb4_unicode_ci;

INSERT INTO `workbook_soals` (`id`, `workbook_id`, `nomor`, `soal`, `tipe`, `pilihan_a`, `pilihan_b`, `pilihan_c`, `pilihan_d`, `jawaban_benar`, `bobot`, `created_at`, `updated_at`) VALUES
('1', '1', '1', 'Berapakah 12 + 8?', 'pg', '18', '20', '22', '24', 'b', '1', '2026-07-23 10:11:33', '2026-07-23 10:11:33'),
('2', '2', '1', 'Berapakah hasil dari 25 × 4?', 'pg', '80', '100', '120', '90', 'b', '1', '2026-07-23 10:11:36', '2026-07-23 10:11:36'),
('3', '2', '2', 'Sebutkan rumus luas persegi panjang!', 'essay', NULL, NULL, NULL, NULL, NULL, '2', '2026-07-23 10:11:36', '2026-07-23 10:11:36'),
('4', '3', '1', 'Apa sinonim dari kata "rajin"?', 'pg', 'Malas', 'Tekun', 'Cepat', 'Lambat', 'b', '1', '2026-07-23 10:11:36', '2026-07-23 10:11:36');

DROP TABLE IF EXISTS `workbooks`;
CREATE TABLE `workbooks` (
  `id` bigint unsigned NOT NULL AUTO_INCREMENT,
  `judul` varchar(255) NOT NULL,
  `deskripsi` text NULL,
  `mapel_id` bigint unsigned NOT NULL,
  `kelas_id` bigint unsigned NULL,
  `guru_id` bigint unsigned NOT NULL,
  `tipe` varchar(255) NOT NULL DEFAULT 'penugasan_di_rumah',
  `created_at` datetime NULL,
  `updated_at` datetime NULL,
  `tahun_ajaran` varchar(255) NOT NULL DEFAULT '2026/2027',
  `semester` varchar(255) NOT NULL DEFAULT 'Ganjil',
  PRIMARY KEY (`id`),
  KEY `workbooks_semester_index` (`semester`),
  KEY `workbooks_tahun_ajaran_index` (`tahun_ajaran`)
) ENGINE=InnoDB DEFAULT CHARSET=utf8mb4 COLLATE=utf8mb4_unicode_ci;

INSERT INTO `workbooks` (`id`, `judul`, `deskripsi`, `mapel_id`, `kelas_id`, `guru_id`, `tipe`, `created_at`, `updated_at`, `tahun_ajaran`, `semester`) VALUES
('1', 'Workbook Demo Matematika', 'Workbook Demo untuk siswa dummy.', '1', '6', '12', 'penugasan_di_rumah', '2026-07-23 10:11:33', '2026-07-23 10:11:33', '2026/2027', 'Ganjil'),
('2', 'Latihan Soal Matematika Bab 5', NULL, '11', '6', '1', 'penugasan_di_rumah', '2026-07-23 10:11:36', '2026-07-23 10:11:36', '2026/2027', 'Ganjil'),
('3', 'PR Bahasa Indonesia', NULL, '10', '4', '8', 'tugas_pengganti', '2026-07-23 10:11:36', '2026-07-23 10:11:36', '2026/2027', 'Ganjil');

SET FOREIGN_KEY_CHECKS=1;
