PRAGMA foreign_keys=OFF;
BEGIN TRANSACTION;

DROP TABLE IF EXISTS "badges";
CREATE TABLE "badges" ("id" integer primary key autoincrement not null, "nama" varchar not null, "deskripsi" varchar not null, "icon" varchar not null default '⭐', "created_at" datetime, "updated_at" datetime);
INSERT INTO "badges" ("id", "nama", "deskripsi", "icon", "created_at", "updated_at") VALUES (1, 'Rajin Belajar', 'Aktif 30 hari berturut-turut', '⭐', '2026-07-21 10:44:15', '2026-07-21 10:44:15');
INSERT INTO "badges" ("id", "nama", "deskripsi", "icon", "created_at", "updated_at") VALUES (2, 'Juara Quiz', 'Nilai quiz di atas 90', '🎯', '2026-07-21 10:44:15', '2026-07-21 10:44:15');
INSERT INTO "badges" ("id", "nama", "deskripsi", "icon", "created_at", "updated_at") VALUES (3, 'Pembaca Aktif', 'Baca 20 materi', '📖', '2026-07-21 10:44:15', '2026-07-21 10:44:15');
INSERT INTO "badges" ("id", "nama", "deskripsi", "icon", "created_at", "updated_at") VALUES (4, 'Hafidz Cilik', 'Hafal 1 juz Al-Qur''an', '📿', '2026-07-21 10:44:15', '2026-07-21 10:44:15');

DROP TABLE IF EXISTS "banding_nilai";
CREATE TABLE "banding_nilai" ("id" integer primary key autoincrement not null, "nilai_id" integer not null, "siswa_id" integer not null, "alasan_siswa" text not null, "status" varchar check ("status" in ('pending', 'disetujui', 'ditolak')) not null default 'pending', "catatan_guru" text, "created_at" datetime, "updated_at" datetime, foreign key("nilai_id") references "nilai"("id") on delete cascade, foreign key("siswa_id") references "siswa"("id") on delete cascade);

DROP TABLE IF EXISTS "cache";
CREATE TABLE "cache" ("key" varchar not null, "value" text not null, "expiration" integer not null, primary key ("key"));

DROP TABLE IF EXISTS "cache_locks";
CREATE TABLE "cache_locks" ("key" varchar not null, "owner" varchar not null, "expiration" integer not null, primary key ("key"));

DROP TABLE IF EXISTS "catatan_wali";
CREATE TABLE "catatan_wali" ("id" integer primary key autoincrement not null, "siswa_id" integer not null, "semester" varchar not null default 'Genap 2025/2026', "catatan" text not null, "created_by" integer not null, "created_at" datetime, "updated_at" datetime, foreign key("siswa_id") references "siswa"("id") on delete cascade, foreign key("created_by") references "guru"("id"));
INSERT INTO "catatan_wali" ("id", "siswa_id", "semester", "catatan", "created_by", "created_at", "updated_at") VALUES (1, 1, 'Genap 2025/2026', 'Ananda aktif dalam kegiatan kelas, namun perlu lebih teliti.', 11, '2026-07-21 10:44:15', '2026-07-21 10:44:15');
INSERT INTO "catatan_wali" ("id", "siswa_id", "semester", "catatan", "created_by", "created_at", "updated_at") VALUES (2, 2, 'Genap 2025/2026', 'Ananda aktif dalam kegiatan kelas, namun perlu lebih teliti.', 8, '2026-07-21 10:44:15', '2026-07-21 10:44:15');
INSERT INTO "catatan_wali" ("id", "siswa_id", "semester", "catatan", "created_by", "created_at", "updated_at") VALUES (3, 3, 'Genap 2025/2026', 'Ananda aktif dalam kegiatan kelas, namun perlu lebih teliti.', 11, '2026-07-21 10:44:15', '2026-07-21 10:44:15');
INSERT INTO "catatan_wali" ("id", "siswa_id", "semester", "catatan", "created_by", "created_at", "updated_at") VALUES (4, 4, 'Genap 2025/2026', 'Ananda aktif dalam kegiatan kelas, namun perlu lebih teliti.', 8, '2026-07-21 10:44:15', '2026-07-21 10:44:15');
INSERT INTO "catatan_wali" ("id", "siswa_id", "semester", "catatan", "created_by", "created_at", "updated_at") VALUES (5, 5, 'Genap 2025/2026', 'Ananda siswi yang kreatif dan disiplin. Terus kembangkan bakat.', 11, '2026-07-21 10:44:15', '2026-07-21 10:44:15');
INSERT INTO "catatan_wali" ("id", "siswa_id", "semester", "catatan", "created_by", "created_at", "updated_at") VALUES (6, 6, 'Genap 2025/2026', 'Ananda aktif dalam kegiatan kelas, namun perlu lebih teliti.', 1, '2026-07-21 10:44:15', '2026-07-21 10:44:15');
INSERT INTO "catatan_wali" ("id", "siswa_id", "semester", "catatan", "created_by", "created_at", "updated_at") VALUES (7, 7, 'Genap 2025/2026', 'Ananda memiliki potensi besar di bidang agama. Pertahankan!', 10, '2026-07-21 10:44:15', '2026-07-21 10:44:15');
INSERT INTO "catatan_wali" ("id", "siswa_id", "semester", "catatan", "created_by", "created_at", "updated_at") VALUES (8, 8, 'Genap 2025/2026', 'Ananda adalah siswa yang rajin dan memiliki semangat belajar tinggi.', 11, '2026-07-21 10:44:15', '2026-07-21 10:44:15');
INSERT INTO "catatan_wali" ("id", "siswa_id", "semester", "catatan", "created_by", "created_at", "updated_at") VALUES (9, 9, 'Genap 2025/2026', 'Ananda memiliki potensi besar di bidang agama. Pertahankan!', 1, '2026-07-21 10:44:15', '2026-07-21 10:44:15');
INSERT INTO "catatan_wali" ("id", "siswa_id", "semester", "catatan", "created_by", "created_at", "updated_at") VALUES (10, 10, 'Genap 2025/2026', 'Ananda siswi yang kreatif dan disiplin. Terus kembangkan bakat.', 7, '2026-07-21 10:44:15', '2026-07-21 10:44:15');

DROP TABLE IF EXISTS "cbt_exams";
CREATE TABLE "cbt_exams" ("id" integer primary key autoincrement not null, "judul" varchar not null, "deskripsi" text, "mapel_id" integer not null, "kelas_id" integer, "guru_id" integer not null, "durasi" integer not null, "jumlah_soal" integer not null default '0', "status" varchar check ("status" in ('draft', 'pending', 'approved', 'rejected')) not null default 'draft', "approved_by" integer, "approved_at" datetime, "catatan_reject" text, "created_at" datetime, "updated_at" datetime, "tipe" varchar check ("tipe" in ('ulangan', 'uts', 'uas')) not null default 'ulangan', "metode" varchar not null default 'online', foreign key("mapel_id") references "mapel"("id"), foreign key("kelas_id") references "kelas"("id"), foreign key("guru_id") references "guru"("id"), foreign key("approved_by") references "users"("id"));

DROP TABLE IF EXISTS "cbt_jawabans";
CREATE TABLE "cbt_jawabans" ("id" integer primary key autoincrement not null, "cbt_exam_id" integer not null, "cbt_soal_id" integer not null, "siswa_id" integer not null, "jawaban" text, "nilai" numeric, "dinilai" tinyint(1) not null default '0', "created_at" datetime, "updated_at" datetime, foreign key("cbt_exam_id") references "cbt_exams"("id") on delete cascade, foreign key("cbt_soal_id") references "cbt_soals"("id") on delete cascade, foreign key("siswa_id") references "siswa"("id"));

DROP TABLE IF EXISTS "cbt_soals";
CREATE TABLE "cbt_soals" ("id" integer primary key autoincrement not null, "cbt_exam_id" integer not null, "nomor" integer not null, "soal" text not null, "tipe" varchar check ("tipe" in ('pg', 'essay')) not null default 'pg', "pilihan_a" text, "pilihan_b" text, "pilihan_c" text, "pilihan_d" text, "jawaban_benar" varchar, "bobot" integer not null default '1', "created_at" datetime, "updated_at" datetime, "kesulitan" varchar not null default 'sedang', foreign key("cbt_exam_id") references "cbt_exams"("id") on delete cascade);

DROP TABLE IF EXISTS "failed_jobs";
CREATE TABLE "failed_jobs" ("id" integer primary key autoincrement not null, "uuid" varchar not null, "connection" varchar not null, "queue" varchar not null, "payload" text not null, "exception" text not null, "failed_at" datetime not null default CURRENT_TIMESTAMP);

DROP TABLE IF EXISTS "guru";
CREATE TABLE "guru" ("id" integer primary key autoincrement not null, "user_id" integer not null, "nip" varchar not null, "nama" varchar not null, "alamat" text, "no_telp" varchar, "status" varchar check ("status" in ('aktif', 'nonaktif')) not null default 'aktif', "created_at" datetime, "updated_at" datetime, foreign key("user_id") references "users"("id") on delete cascade);
INSERT INTO "guru" ("id", "user_id", "nip", "nama", "alamat", "no_telp", "status", "created_at", "updated_at") VALUES (1, 1, '1001', 'Sahrial Pulungan, M.Pd', NULL, NULL, 'aktif', '2026-07-21 10:43:53', '2026-07-21 10:43:53');
INSERT INTO "guru" ("id", "user_id", "nip", "nama", "alamat", "no_telp", "status", "created_at", "updated_at") VALUES (2, 2, '1002', 'Riva Riana, S.Pd', NULL, NULL, 'aktif', '2026-07-21 10:43:53', '2026-07-21 10:43:53');
INSERT INTO "guru" ("id", "user_id", "nip", "nama", "alamat", "no_telp", "status", "created_at", "updated_at") VALUES (3, 3, '1003', 'Adinda Oktavhiani S.Pd', NULL, NULL, 'aktif', '2026-07-21 10:43:53', '2026-07-21 10:43:53');
INSERT INTO "guru" ("id", "user_id", "nip", "nama", "alamat", "no_telp", "status", "created_at", "updated_at") VALUES (4, 4, '1004', 'Intan Kusuma Dera, S.Ag', NULL, NULL, 'aktif', '2026-07-21 10:43:53', '2026-07-21 10:43:53');
INSERT INTO "guru" ("id", "user_id", "nip", "nama", "alamat", "no_telp", "status", "created_at", "updated_at") VALUES (5, 5, '1005', 'Vika Wati Dzulciha, S.Ag', NULL, NULL, 'aktif', '2026-07-21 10:43:54', '2026-07-21 10:43:54');
INSERT INTO "guru" ("id", "user_id", "nip", "nama", "alamat", "no_telp", "status", "created_at", "updated_at") VALUES (6, 6, '1006', 'Irnika Widiyan Dini, S.Li', NULL, NULL, 'aktif', '2026-07-21 10:43:54', '2026-07-21 10:43:54');
INSERT INTO "guru" ("id", "user_id", "nip", "nama", "alamat", "no_telp", "status", "created_at", "updated_at") VALUES (7, 7, '1007', 'Ajeng Putyri Aryantika, S.Pd', NULL, NULL, 'aktif', '2026-07-21 10:43:54', '2026-07-21 10:43:54');
INSERT INTO "guru" ("id", "user_id", "nip", "nama", "alamat", "no_telp", "status", "created_at", "updated_at") VALUES (8, 8, '1008', 'Nurhayati, S.Ag', NULL, NULL, 'aktif', '2026-07-21 10:43:54', '2026-07-21 10:43:54');
INSERT INTO "guru" ("id", "user_id", "nip", "nama", "alamat", "no_telp", "status", "created_at", "updated_at") VALUES (9, 9, '1009', 'Sri Wanti Maulani, S.Pd', NULL, NULL, 'aktif', '2026-07-21 10:43:55', '2026-07-21 10:43:55');
INSERT INTO "guru" ("id", "user_id", "nip", "nama", "alamat", "no_telp", "status", "created_at", "updated_at") VALUES (10, 10, '1010', 'Khairunisa', NULL, NULL, 'aktif', '2026-07-21 10:43:55', '2026-07-21 10:43:55');
INSERT INTO "guru" ("id", "user_id", "nip", "nama", "alamat", "no_telp", "status", "created_at", "updated_at") VALUES (11, 11, '1011', 'Ai Sunariah, S.Pd', NULL, NULL, 'aktif', '2026-07-21 10:43:55', '2026-07-21 10:43:55');

DROP TABLE IF EXISTS "guru_mapel";
CREATE TABLE "guru_mapel" ("id" integer primary key autoincrement not null, "guru_id" integer not null, "mapel_id" integer not null, "created_at" datetime, "updated_at" datetime, foreign key("guru_id") references "guru"("id") on delete cascade, foreign key("mapel_id") references "mapel"("id") on delete cascade);

DROP TABLE IF EXISTS "jadwal";
CREATE TABLE "jadwal" ("id" integer primary key autoincrement not null, "kelas_id" integer not null, "mapel_id" integer not null, "guru_id" integer not null, "hari" varchar not null, "jam_mulai" time not null, "jam_selesai" time, "created_at" datetime, "updated_at" datetime, foreign key("kelas_id") references "kelas"("id") on delete cascade, foreign key("mapel_id") references "mapel"("id") on delete cascade, foreign key("guru_id") references "guru"("id") on delete cascade);
INSERT INTO "jadwal" ("id", "kelas_id", "mapel_id", "guru_id", "hari", "jam_mulai", "jam_selesai", "created_at", "updated_at") VALUES (1, 1, 27, 9, 'Senin', '07:00', '07:30', '2026-07-21 10:44:11', '2026-07-21 10:44:11');
INSERT INTO "jadwal" ("id", "kelas_id", "mapel_id", "guru_id", "hari", "jam_mulai", "jam_selesai", "created_at", "updated_at") VALUES (2, 1, 22, 9, 'Senin', '07:30', '08:15', '2026-07-21 10:44:11', '2026-07-21 10:44:11');
INSERT INTO "jadwal" ("id", "kelas_id", "mapel_id", "guru_id", "hari", "jam_mulai", "jam_selesai", "created_at", "updated_at") VALUES (3, 1, 11, 2, 'Senin', '08:15', '08:55', '2026-07-21 10:44:11', '2026-07-21 10:44:11');
INSERT INTO "jadwal" ("id", "kelas_id", "mapel_id", "guru_id", "hari", "jam_mulai", "jam_selesai", "created_at", "updated_at") VALUES (4, 1, 11, 2, 'Senin', '08:55', '09:35', '2026-07-21 10:44:11', '2026-07-21 10:44:11');
INSERT INTO "jadwal" ("id", "kelas_id", "mapel_id", "guru_id", "hari", "jam_mulai", "jam_selesai", "created_at", "updated_at") VALUES (5, 1, 19, 9, 'Senin', '09:35', '09:50', '2026-07-21 10:44:11', '2026-07-21 10:44:11');
INSERT INTO "jadwal" ("id", "kelas_id", "mapel_id", "guru_id", "hari", "jam_mulai", "jam_selesai", "created_at", "updated_at") VALUES (6, 1, 8, 4, 'Senin', '09:50', '10:30', '2026-07-21 10:44:11', '2026-07-21 10:44:11');
INSERT INTO "jadwal" ("id", "kelas_id", "mapel_id", "guru_id", "hari", "jam_mulai", "jam_selesai", "created_at", "updated_at") VALUES (7, 1, 8, 4, 'Senin', '10:30', '11:10', '2026-07-21 10:44:11', '2026-07-21 10:44:11');
INSERT INTO "jadwal" ("id", "kelas_id", "mapel_id", "guru_id", "hari", "jam_mulai", "jam_selesai", "created_at", "updated_at") VALUES (8, 1, 3, 6, 'Senin', '11:10', '11:50', '2026-07-21 10:44:11', '2026-07-21 10:44:11');
INSERT INTO "jadwal" ("id", "kelas_id", "mapel_id", "guru_id", "hari", "jam_mulai", "jam_selesai", "created_at", "updated_at") VALUES (9, 1, 20, 9, 'Senin', '11:50', '12:30', '2026-07-21 10:44:11', '2026-07-21 10:44:11');
INSERT INTO "jadwal" ("id", "kelas_id", "mapel_id", "guru_id", "hari", "jam_mulai", "jam_selesai", "created_at", "updated_at") VALUES (10, 1, 19, 9, 'Senin', '12:30', '13:00', '2026-07-21 10:44:11', '2026-07-21 10:44:11');
INSERT INTO "jadwal" ("id", "kelas_id", "mapel_id", "guru_id", "hari", "jam_mulai", "jam_selesai", "created_at", "updated_at") VALUES (11, 1, 3, 6, 'Senin', '13:00', '13:40', '2026-07-21 10:44:11', '2026-07-21 10:44:11');
INSERT INTO "jadwal" ("id", "kelas_id", "mapel_id", "guru_id", "hari", "jam_mulai", "jam_selesai", "created_at", "updated_at") VALUES (12, 1, 6, 9, 'Senin', '13:40', '14:20', '2026-07-21 10:44:11', '2026-07-21 10:44:11');
INSERT INTO "jadwal" ("id", "kelas_id", "mapel_id", "guru_id", "hari", "jam_mulai", "jam_selesai", "created_at", "updated_at") VALUES (13, 1, 6, 9, 'Senin', '14:20', '15:00', '2026-07-21 10:44:11', '2026-07-21 10:44:11');
INSERT INTO "jadwal" ("id", "kelas_id", "mapel_id", "guru_id", "hari", "jam_mulai", "jam_selesai", "created_at", "updated_at") VALUES (14, 1, 17, 3, 'Senin', '15:00', '15:20', '2026-07-21 10:44:11', '2026-07-21 10:44:11');
INSERT INTO "jadwal" ("id", "kelas_id", "mapel_id", "guru_id", "hari", "jam_mulai", "jam_selesai", "created_at", "updated_at") VALUES (15, 1, 21, 9, 'Senin', '15:20', '15:30', '2026-07-21 10:44:11', '2026-07-21 10:44:11');
INSERT INTO "jadwal" ("id", "kelas_id", "mapel_id", "guru_id", "hari", "jam_mulai", "jam_selesai", "created_at", "updated_at") VALUES (16, 1, 27, 9, 'Selasa', '07:00', '07:30', '2026-07-21 10:44:11', '2026-07-21 10:44:11');
INSERT INTO "jadwal" ("id", "kelas_id", "mapel_id", "guru_id", "hari", "jam_mulai", "jam_selesai", "created_at", "updated_at") VALUES (17, 1, 8, 4, 'Selasa', '07:30', '08:10', '2026-07-21 10:44:11', '2026-07-21 10:44:11');
INSERT INTO "jadwal" ("id", "kelas_id", "mapel_id", "guru_id", "hari", "jam_mulai", "jam_selesai", "created_at", "updated_at") VALUES (18, 1, 8, 4, 'Selasa', '08:10', '08:50', '2026-07-21 10:44:11', '2026-07-21 10:44:11');
INSERT INTO "jadwal" ("id", "kelas_id", "mapel_id", "guru_id", "hari", "jam_mulai", "jam_selesai", "created_at", "updated_at") VALUES (19, 1, 19, 9, 'Selasa', '08:50', '09:05', '2026-07-21 10:44:11', '2026-07-21 10:44:11');
INSERT INTO "jadwal" ("id", "kelas_id", "mapel_id", "guru_id", "hari", "jam_mulai", "jam_selesai", "created_at", "updated_at") VALUES (20, 1, 9, 8, 'Selasa', '09:05', '09:45', '2026-07-21 10:44:11', '2026-07-21 10:44:11');
INSERT INTO "jadwal" ("id", "kelas_id", "mapel_id", "guru_id", "hari", "jam_mulai", "jam_selesai", "created_at", "updated_at") VALUES (21, 1, 9, 8, 'Selasa', '09:45', '10:25', '2026-07-21 10:44:11', '2026-07-21 10:44:11');
INSERT INTO "jadwal" ("id", "kelas_id", "mapel_id", "guru_id", "hari", "jam_mulai", "jam_selesai", "created_at", "updated_at") VALUES (22, 1, 1, 7, 'Selasa', '10:25', '11:05', '2026-07-21 10:44:11', '2026-07-21 10:44:11');
INSERT INTO "jadwal" ("id", "kelas_id", "mapel_id", "guru_id", "hari", "jam_mulai", "jam_selesai", "created_at", "updated_at") VALUES (23, 1, 1, 7, 'Selasa', '11:05', '11:45', '2026-07-21 10:44:11', '2026-07-21 10:44:11');
INSERT INTO "jadwal" ("id", "kelas_id", "mapel_id", "guru_id", "hari", "jam_mulai", "jam_selesai", "created_at", "updated_at") VALUES (24, 1, 20, 9, 'Selasa', '11:45', '12:30', '2026-07-21 10:44:11', '2026-07-21 10:44:11');
INSERT INTO "jadwal" ("id", "kelas_id", "mapel_id", "guru_id", "hari", "jam_mulai", "jam_selesai", "created_at", "updated_at") VALUES (25, 1, 19, 9, 'Selasa', '12:30', '13:00', '2026-07-21 10:44:11', '2026-07-21 10:44:11');
INSERT INTO "jadwal" ("id", "kelas_id", "mapel_id", "guru_id", "hari", "jam_mulai", "jam_selesai", "created_at", "updated_at") VALUES (26, 1, 3, 6, 'Selasa', '13:00', '13:40', '2026-07-21 10:44:11', '2026-07-21 10:44:11');
INSERT INTO "jadwal" ("id", "kelas_id", "mapel_id", "guru_id", "hari", "jam_mulai", "jam_selesai", "created_at", "updated_at") VALUES (27, 1, 2, 3, 'Selasa', '13:40', '14:20', '2026-07-21 10:44:11', '2026-07-21 10:44:11');
INSERT INTO "jadwal" ("id", "kelas_id", "mapel_id", "guru_id", "hari", "jam_mulai", "jam_selesai", "created_at", "updated_at") VALUES (28, 1, 2, 3, 'Selasa', '14:20', '15:00', '2026-07-21 10:44:11', '2026-07-21 10:44:11');
INSERT INTO "jadwal" ("id", "kelas_id", "mapel_id", "guru_id", "hari", "jam_mulai", "jam_selesai", "created_at", "updated_at") VALUES (29, 1, 17, 3, 'Selasa', '15:00', '15:20', '2026-07-21 10:44:11', '2026-07-21 10:44:11');
INSERT INTO "jadwal" ("id", "kelas_id", "mapel_id", "guru_id", "hari", "jam_mulai", "jam_selesai", "created_at", "updated_at") VALUES (30, 1, 21, 9, 'Selasa', '15:20', '15:30', '2026-07-21 10:44:11', '2026-07-21 10:44:11');
INSERT INTO "jadwal" ("id", "kelas_id", "mapel_id", "guru_id", "hari", "jam_mulai", "jam_selesai", "created_at", "updated_at") VALUES (31, 1, 27, 9, 'Rabu', '07:00', '07:30', '2026-07-21 10:44:11', '2026-07-21 10:44:11');
INSERT INTO "jadwal" ("id", "kelas_id", "mapel_id", "guru_id", "hari", "jam_mulai", "jam_selesai", "created_at", "updated_at") VALUES (32, 1, 18, 9, 'Rabu', '07:30', '09:00', '2026-07-21 10:44:11', '2026-07-21 10:44:11');
INSERT INTO "jadwal" ("id", "kelas_id", "mapel_id", "guru_id", "hari", "jam_mulai", "jam_selesai", "created_at", "updated_at") VALUES (33, 1, 19, 9, 'Rabu', '09:00', '09:15', '2026-07-21 10:44:11', '2026-07-21 10:44:11');
INSERT INTO "jadwal" ("id", "kelas_id", "mapel_id", "guru_id", "hari", "jam_mulai", "jam_selesai", "created_at", "updated_at") VALUES (34, 1, 8, 4, 'Rabu', '09:15', '09:55', '2026-07-21 10:44:11', '2026-07-21 10:44:11');
INSERT INTO "jadwal" ("id", "kelas_id", "mapel_id", "guru_id", "hari", "jam_mulai", "jam_selesai", "created_at", "updated_at") VALUES (35, 1, 8, 4, 'Rabu', '09:55', '10:35', '2026-07-21 10:44:11', '2026-07-21 10:44:11');
INSERT INTO "jadwal" ("id", "kelas_id", "mapel_id", "guru_id", "hari", "jam_mulai", "jam_selesai", "created_at", "updated_at") VALUES (36, 1, 4, 3, 'Rabu', '10:35', '11:15', '2026-07-21 10:44:11', '2026-07-21 10:44:11');
INSERT INTO "jadwal" ("id", "kelas_id", "mapel_id", "guru_id", "hari", "jam_mulai", "jam_selesai", "created_at", "updated_at") VALUES (37, 1, 4, 3, 'Rabu', '11:15', '11:55', '2026-07-21 10:44:11', '2026-07-21 10:44:11');
INSERT INTO "jadwal" ("id", "kelas_id", "mapel_id", "guru_id", "hari", "jam_mulai", "jam_selesai", "created_at", "updated_at") VALUES (38, 1, 20, 9, 'Rabu', '11:55', '12:30', '2026-07-21 10:44:11', '2026-07-21 10:44:11');
INSERT INTO "jadwal" ("id", "kelas_id", "mapel_id", "guru_id", "hari", "jam_mulai", "jam_selesai", "created_at", "updated_at") VALUES (39, 1, 19, 9, 'Rabu', '12:30', '13:00', '2026-07-21 10:44:11', '2026-07-21 10:44:11');
INSERT INTO "jadwal" ("id", "kelas_id", "mapel_id", "guru_id", "hari", "jam_mulai", "jam_selesai", "created_at", "updated_at") VALUES (40, 1, 5, 2, 'Rabu', '13:00', '13:40', '2026-07-21 10:44:11', '2026-07-21 10:44:11');
INSERT INTO "jadwal" ("id", "kelas_id", "mapel_id", "guru_id", "hari", "jam_mulai", "jam_selesai", "created_at", "updated_at") VALUES (41, 1, 13, 5, 'Rabu', '13:40', '14:20', '2026-07-21 10:44:11', '2026-07-21 10:44:11');
INSERT INTO "jadwal" ("id", "kelas_id", "mapel_id", "guru_id", "hari", "jam_mulai", "jam_selesai", "created_at", "updated_at") VALUES (42, 1, 13, 5, 'Rabu', '14:20', '15:00', '2026-07-21 10:44:11', '2026-07-21 10:44:11');
INSERT INTO "jadwal" ("id", "kelas_id", "mapel_id", "guru_id", "hari", "jam_mulai", "jam_selesai", "created_at", "updated_at") VALUES (43, 1, 17, 3, 'Rabu', '15:00', '15:20', '2026-07-21 10:44:11', '2026-07-21 10:44:11');
INSERT INTO "jadwal" ("id", "kelas_id", "mapel_id", "guru_id", "hari", "jam_mulai", "jam_selesai", "created_at", "updated_at") VALUES (44, 1, 21, 9, 'Rabu', '15:20', '15:30', '2026-07-21 10:44:11', '2026-07-21 10:44:11');
INSERT INTO "jadwal" ("id", "kelas_id", "mapel_id", "guru_id", "hari", "jam_mulai", "jam_selesai", "created_at", "updated_at") VALUES (45, 1, 27, 9, 'Kamis', '07:00', '07:30', '2026-07-21 10:44:11', '2026-07-21 10:44:11');
INSERT INTO "jadwal" ("id", "kelas_id", "mapel_id", "guru_id", "hari", "jam_mulai", "jam_selesai", "created_at", "updated_at") VALUES (46, 1, 5, 2, 'Kamis', '07:30', '08:10', '2026-07-21 10:44:11', '2026-07-21 10:44:11');
INSERT INTO "jadwal" ("id", "kelas_id", "mapel_id", "guru_id", "hari", "jam_mulai", "jam_selesai", "created_at", "updated_at") VALUES (47, 1, 5, 2, 'Kamis', '08:10', '08:50', '2026-07-21 10:44:11', '2026-07-21 10:44:11');
INSERT INTO "jadwal" ("id", "kelas_id", "mapel_id", "guru_id", "hari", "jam_mulai", "jam_selesai", "created_at", "updated_at") VALUES (48, 1, 19, 9, 'Kamis', '08:50', '09:05', '2026-07-21 10:44:11', '2026-07-21 10:44:11');
INSERT INTO "jadwal" ("id", "kelas_id", "mapel_id", "guru_id", "hari", "jam_mulai", "jam_selesai", "created_at", "updated_at") VALUES (49, 1, 8, 4, 'Kamis', '09:05', '09:45', '2026-07-21 10:44:11', '2026-07-21 10:44:11');
INSERT INTO "jadwal" ("id", "kelas_id", "mapel_id", "guru_id", "hari", "jam_mulai", "jam_selesai", "created_at", "updated_at") VALUES (50, 1, 8, 4, 'Kamis', '09:45', '10:25', '2026-07-21 10:44:11', '2026-07-21 10:44:11');
INSERT INTO "jadwal" ("id", "kelas_id", "mapel_id", "guru_id", "hari", "jam_mulai", "jam_selesai", "created_at", "updated_at") VALUES (51, 1, 10, 8, 'Kamis', '10:25', '11:05', '2026-07-21 10:44:11', '2026-07-21 10:44:11');
INSERT INTO "jadwal" ("id", "kelas_id", "mapel_id", "guru_id", "hari", "jam_mulai", "jam_selesai", "created_at", "updated_at") VALUES (52, 1, 10, 8, 'Kamis', '11:05', '11:45', '2026-07-21 10:44:11', '2026-07-21 10:44:11');
INSERT INTO "jadwal" ("id", "kelas_id", "mapel_id", "guru_id", "hari", "jam_mulai", "jam_selesai", "created_at", "updated_at") VALUES (53, 1, 20, 9, 'Kamis', '11:45', '12:30', '2026-07-21 10:44:11', '2026-07-21 10:44:11');
INSERT INTO "jadwal" ("id", "kelas_id", "mapel_id", "guru_id", "hari", "jam_mulai", "jam_selesai", "created_at", "updated_at") VALUES (54, 1, 19, 9, 'Kamis', '12:30', '13:00', '2026-07-21 10:44:11', '2026-07-21 10:44:11');
INSERT INTO "jadwal" ("id", "kelas_id", "mapel_id", "guru_id", "hari", "jam_mulai", "jam_selesai", "created_at", "updated_at") VALUES (55, 1, 3, 6, 'Kamis', '13:00', '13:40', '2026-07-21 10:44:11', '2026-07-21 10:44:11');
INSERT INTO "jadwal" ("id", "kelas_id", "mapel_id", "guru_id", "hari", "jam_mulai", "jam_selesai", "created_at", "updated_at") VALUES (56, 1, 2, 3, 'Kamis', '13:40', '14:20', '2026-07-21 10:44:11', '2026-07-21 10:44:11');
INSERT INTO "jadwal" ("id", "kelas_id", "mapel_id", "guru_id", "hari", "jam_mulai", "jam_selesai", "created_at", "updated_at") VALUES (57, 1, 2, 3, 'Kamis', '14:20', '15:00', '2026-07-21 10:44:11', '2026-07-21 10:44:11');
INSERT INTO "jadwal" ("id", "kelas_id", "mapel_id", "guru_id", "hari", "jam_mulai", "jam_selesai", "created_at", "updated_at") VALUES (58, 1, 17, 3, 'Kamis', '15:00', '15:20', '2026-07-21 10:44:11', '2026-07-21 10:44:11');
INSERT INTO "jadwal" ("id", "kelas_id", "mapel_id", "guru_id", "hari", "jam_mulai", "jam_selesai", "created_at", "updated_at") VALUES (59, 1, 21, 9, 'Kamis', '15:20', '15:30', '2026-07-21 10:44:11', '2026-07-21 10:44:11');
INSERT INTO "jadwal" ("id", "kelas_id", "mapel_id", "guru_id", "hari", "jam_mulai", "jam_selesai", "created_at", "updated_at") VALUES (60, 1, 27, 9, 'Jumat', '07:00', '07:30', '2026-07-21 10:44:11', '2026-07-21 10:44:11');
INSERT INTO "jadwal" ("id", "kelas_id", "mapel_id", "guru_id", "hari", "jam_mulai", "jam_selesai", "created_at", "updated_at") VALUES (61, 1, 16, 9, 'Jumat', '07:30', '08:30', '2026-07-21 10:44:11', '2026-07-21 10:44:11');
INSERT INTO "jadwal" ("id", "kelas_id", "mapel_id", "guru_id", "hari", "jam_mulai", "jam_selesai", "created_at", "updated_at") VALUES (62, 1, 1, 7, 'Jumat', '08:30', '09:10', '2026-07-21 10:44:11', '2026-07-21 10:44:11');
INSERT INTO "jadwal" ("id", "kelas_id", "mapel_id", "guru_id", "hari", "jam_mulai", "jam_selesai", "created_at", "updated_at") VALUES (63, 1, 1, 7, 'Jumat', '09:10', '09:50', '2026-07-21 10:44:11', '2026-07-21 10:44:11');
INSERT INTO "jadwal" ("id", "kelas_id", "mapel_id", "guru_id", "hari", "jam_mulai", "jam_selesai", "created_at", "updated_at") VALUES (64, 1, 19, 9, 'Jumat', '09:50', '10:05', '2026-07-21 10:44:11', '2026-07-21 10:44:11');
INSERT INTO "jadwal" ("id", "kelas_id", "mapel_id", "guru_id", "hari", "jam_mulai", "jam_selesai", "created_at", "updated_at") VALUES (65, 1, 8, 4, 'Jumat', '10:05', '10:45', '2026-07-21 10:44:11', '2026-07-21 10:44:11');
INSERT INTO "jadwal" ("id", "kelas_id", "mapel_id", "guru_id", "hari", "jam_mulai", "jam_selesai", "created_at", "updated_at") VALUES (66, 1, 8, 4, 'Jumat', '10:45', '11:15', '2026-07-21 10:44:11', '2026-07-21 10:44:11');
INSERT INTO "jadwal" ("id", "kelas_id", "mapel_id", "guru_id", "hari", "jam_mulai", "jam_selesai", "created_at", "updated_at") VALUES (67, 1, 20, 9, 'Jumat', '11:15', '11:30', '2026-07-21 10:44:11', '2026-07-21 10:44:11');
INSERT INTO "jadwal" ("id", "kelas_id", "mapel_id", "guru_id", "hari", "jam_mulai", "jam_selesai", "created_at", "updated_at") VALUES (68, 1, 19, 9, 'Jumat', '11:30', '13:00', '2026-07-21 10:44:11', '2026-07-21 10:44:11');
INSERT INTO "jadwal" ("id", "kelas_id", "mapel_id", "guru_id", "hari", "jam_mulai", "jam_selesai", "created_at", "updated_at") VALUES (69, 1, 12, 2, 'Jumat', '13:00', '13:40', '2026-07-21 10:44:11', '2026-07-21 10:44:11');
INSERT INTO "jadwal" ("id", "kelas_id", "mapel_id", "guru_id", "hari", "jam_mulai", "jam_selesai", "created_at", "updated_at") VALUES (70, 1, 12, 2, 'Jumat', '13:40', '14:20', '2026-07-21 10:44:11', '2026-07-21 10:44:11');
INSERT INTO "jadwal" ("id", "kelas_id", "mapel_id", "guru_id", "hari", "jam_mulai", "jam_selesai", "created_at", "updated_at") VALUES (71, 2, 27, 9, 'Senin', '07:00', '07:30', '2026-07-21 10:44:11', '2026-07-21 10:44:11');
INSERT INTO "jadwal" ("id", "kelas_id", "mapel_id", "guru_id", "hari", "jam_mulai", "jam_selesai", "created_at", "updated_at") VALUES (72, 2, 22, 9, 'Senin', '07:30', '08:15', '2026-07-21 10:44:11', '2026-07-21 10:44:11');
INSERT INTO "jadwal" ("id", "kelas_id", "mapel_id", "guru_id", "hari", "jam_mulai", "jam_selesai", "created_at", "updated_at") VALUES (73, 2, 1, 7, 'Senin', '08:15', '08:55', '2026-07-21 10:44:11', '2026-07-21 10:44:11');
INSERT INTO "jadwal" ("id", "kelas_id", "mapel_id", "guru_id", "hari", "jam_mulai", "jam_selesai", "created_at", "updated_at") VALUES (74, 2, 1, 7, 'Senin', '08:55', '09:35', '2026-07-21 10:44:11', '2026-07-21 10:44:11');
INSERT INTO "jadwal" ("id", "kelas_id", "mapel_id", "guru_id", "hari", "jam_mulai", "jam_selesai", "created_at", "updated_at") VALUES (75, 2, 19, 9, 'Senin', '09:35', '09:50', '2026-07-21 10:44:11', '2026-07-21 10:44:11');
INSERT INTO "jadwal" ("id", "kelas_id", "mapel_id", "guru_id", "hari", "jam_mulai", "jam_selesai", "created_at", "updated_at") VALUES (76, 2, 11, 2, 'Senin', '09:50', '10:30', '2026-07-21 10:44:11', '2026-07-21 10:44:11');
INSERT INTO "jadwal" ("id", "kelas_id", "mapel_id", "guru_id", "hari", "jam_mulai", "jam_selesai", "created_at", "updated_at") VALUES (77, 2, 11, 2, 'Senin', '10:30', '11:10', '2026-07-21 10:44:11', '2026-07-21 10:44:11');
INSERT INTO "jadwal" ("id", "kelas_id", "mapel_id", "guru_id", "hari", "jam_mulai", "jam_selesai", "created_at", "updated_at") VALUES (78, 2, 8, 4, 'Senin', '11:10', '11:50', '2026-07-21 10:44:11', '2026-07-21 10:44:11');
INSERT INTO "jadwal" ("id", "kelas_id", "mapel_id", "guru_id", "hari", "jam_mulai", "jam_selesai", "created_at", "updated_at") VALUES (79, 2, 20, 9, 'Senin', '11:50', '12:30', '2026-07-21 10:44:11', '2026-07-21 10:44:11');
INSERT INTO "jadwal" ("id", "kelas_id", "mapel_id", "guru_id", "hari", "jam_mulai", "jam_selesai", "created_at", "updated_at") VALUES (80, 2, 19, 9, 'Senin', '12:30', '13:00', '2026-07-21 10:44:11', '2026-07-21 10:44:11');
INSERT INTO "jadwal" ("id", "kelas_id", "mapel_id", "guru_id", "hari", "jam_mulai", "jam_selesai", "created_at", "updated_at") VALUES (81, 2, 8, 4, 'Senin', '13:00', '13:40', '2026-07-21 10:44:11', '2026-07-21 10:44:11');
INSERT INTO "jadwal" ("id", "kelas_id", "mapel_id", "guru_id", "hari", "jam_mulai", "jam_selesai", "created_at", "updated_at") VALUES (82, 2, 12, 2, 'Senin', '13:40', '14:20', '2026-07-21 10:44:11', '2026-07-21 10:44:11');
INSERT INTO "jadwal" ("id", "kelas_id", "mapel_id", "guru_id", "hari", "jam_mulai", "jam_selesai", "created_at", "updated_at") VALUES (83, 2, 12, 2, 'Senin', '14:20', '15:00', '2026-07-21 10:44:11', '2026-07-21 10:44:11');
INSERT INTO "jadwal" ("id", "kelas_id", "mapel_id", "guru_id", "hari", "jam_mulai", "jam_selesai", "created_at", "updated_at") VALUES (84, 2, 17, 3, 'Senin', '15:00', '15:20', '2026-07-21 10:44:11', '2026-07-21 10:44:11');
INSERT INTO "jadwal" ("id", "kelas_id", "mapel_id", "guru_id", "hari", "jam_mulai", "jam_selesai", "created_at", "updated_at") VALUES (85, 2, 21, 9, 'Senin', '15:20', '15:30', '2026-07-21 10:44:11', '2026-07-21 10:44:11');
INSERT INTO "jadwal" ("id", "kelas_id", "mapel_id", "guru_id", "hari", "jam_mulai", "jam_selesai", "created_at", "updated_at") VALUES (86, 2, 27, 9, 'Selasa', '07:00', '07:30', '2026-07-21 10:44:11', '2026-07-21 10:44:11');
INSERT INTO "jadwal" ("id", "kelas_id", "mapel_id", "guru_id", "hari", "jam_mulai", "jam_selesai", "created_at", "updated_at") VALUES (87, 2, 5, 2, 'Selasa', '07:30', '08:10', '2026-07-21 10:44:11', '2026-07-21 10:44:11');
INSERT INTO "jadwal" ("id", "kelas_id", "mapel_id", "guru_id", "hari", "jam_mulai", "jam_selesai", "created_at", "updated_at") VALUES (88, 2, 5, 2, 'Selasa', '08:10', '08:50', '2026-07-21 10:44:11', '2026-07-21 10:44:11');
INSERT INTO "jadwal" ("id", "kelas_id", "mapel_id", "guru_id", "hari", "jam_mulai", "jam_selesai", "created_at", "updated_at") VALUES (89, 2, 19, 9, 'Selasa', '08:50', '09:05', '2026-07-21 10:44:11', '2026-07-21 10:44:11');
INSERT INTO "jadwal" ("id", "kelas_id", "mapel_id", "guru_id", "hari", "jam_mulai", "jam_selesai", "created_at", "updated_at") VALUES (90, 2, 13, 5, 'Selasa', '09:05', '09:45', '2026-07-21 10:44:11', '2026-07-21 10:44:11');
INSERT INTO "jadwal" ("id", "kelas_id", "mapel_id", "guru_id", "hari", "jam_mulai", "jam_selesai", "created_at", "updated_at") VALUES (91, 2, 13, 5, 'Selasa', '09:45', '10:25', '2026-07-21 10:44:11', '2026-07-21 10:44:11');
INSERT INTO "jadwal" ("id", "kelas_id", "mapel_id", "guru_id", "hari", "jam_mulai", "jam_selesai", "created_at", "updated_at") VALUES (92, 2, 8, 4, 'Selasa', '10:25', '11:05', '2026-07-21 10:44:11', '2026-07-21 10:44:11');
INSERT INTO "jadwal" ("id", "kelas_id", "mapel_id", "guru_id", "hari", "jam_mulai", "jam_selesai", "created_at", "updated_at") VALUES (93, 2, 8, 4, 'Selasa', '11:05', '11:45', '2026-07-21 10:44:11', '2026-07-21 10:44:11');
INSERT INTO "jadwal" ("id", "kelas_id", "mapel_id", "guru_id", "hari", "jam_mulai", "jam_selesai", "created_at", "updated_at") VALUES (94, 2, 20, 9, 'Selasa', '11:45', '12:30', '2026-07-21 10:44:11', '2026-07-21 10:44:11');
INSERT INTO "jadwal" ("id", "kelas_id", "mapel_id", "guru_id", "hari", "jam_mulai", "jam_selesai", "created_at", "updated_at") VALUES (95, 2, 19, 9, 'Selasa', '12:30', '13:00', '2026-07-21 10:44:11', '2026-07-21 10:44:11');
INSERT INTO "jadwal" ("id", "kelas_id", "mapel_id", "guru_id", "hari", "jam_mulai", "jam_selesai", "created_at", "updated_at") VALUES (96, 2, 2, 3, 'Selasa', '13:00', '13:40', '2026-07-21 10:44:11', '2026-07-21 10:44:11');
INSERT INTO "jadwal" ("id", "kelas_id", "mapel_id", "guru_id", "hari", "jam_mulai", "jam_selesai", "created_at", "updated_at") VALUES (97, 2, 6, 9, 'Selasa', '13:40', '14:20', '2026-07-21 10:44:11', '2026-07-21 10:44:11');
INSERT INTO "jadwal" ("id", "kelas_id", "mapel_id", "guru_id", "hari", "jam_mulai", "jam_selesai", "created_at", "updated_at") VALUES (98, 2, 6, 9, 'Selasa', '14:20', '15:00', '2026-07-21 10:44:11', '2026-07-21 10:44:11');
INSERT INTO "jadwal" ("id", "kelas_id", "mapel_id", "guru_id", "hari", "jam_mulai", "jam_selesai", "created_at", "updated_at") VALUES (99, 2, 17, 3, 'Selasa', '15:00', '15:20', '2026-07-21 10:44:11', '2026-07-21 10:44:11');
INSERT INTO "jadwal" ("id", "kelas_id", "mapel_id", "guru_id", "hari", "jam_mulai", "jam_selesai", "created_at", "updated_at") VALUES (100, 2, 21, 9, 'Selasa', '15:20', '15:30', '2026-07-21 10:44:11', '2026-07-21 10:44:11');
INSERT INTO "jadwal" ("id", "kelas_id", "mapel_id", "guru_id", "hari", "jam_mulai", "jam_selesai", "created_at", "updated_at") VALUES (101, 2, 27, 9, 'Rabu', '07:00', '07:30', '2026-07-21 10:44:11', '2026-07-21 10:44:11');
INSERT INTO "jadwal" ("id", "kelas_id", "mapel_id", "guru_id", "hari", "jam_mulai", "jam_selesai", "created_at", "updated_at") VALUES (102, 2, 18, 9, 'Rabu', '07:30', '09:00', '2026-07-21 10:44:11', '2026-07-21 10:44:11');
INSERT INTO "jadwal" ("id", "kelas_id", "mapel_id", "guru_id", "hari", "jam_mulai", "jam_selesai", "created_at", "updated_at") VALUES (103, 2, 19, 9, 'Rabu', '09:00', '09:15', '2026-07-21 10:44:11', '2026-07-21 10:44:11');
INSERT INTO "jadwal" ("id", "kelas_id", "mapel_id", "guru_id", "hari", "jam_mulai", "jam_selesai", "created_at", "updated_at") VALUES (104, 2, 2, 3, 'Rabu', '09:15', '09:55', '2026-07-21 10:44:11', '2026-07-21 10:44:11');
INSERT INTO "jadwal" ("id", "kelas_id", "mapel_id", "guru_id", "hari", "jam_mulai", "jam_selesai", "created_at", "updated_at") VALUES (105, 2, 2, 3, 'Rabu', '09:55', '10:35', '2026-07-21 10:44:11', '2026-07-21 10:44:11');
INSERT INTO "jadwal" ("id", "kelas_id", "mapel_id", "guru_id", "hari", "jam_mulai", "jam_selesai", "created_at", "updated_at") VALUES (106, 2, 3, 6, 'Rabu', '10:35', '11:15', '2026-07-21 10:44:11', '2026-07-21 10:44:11');
INSERT INTO "jadwal" ("id", "kelas_id", "mapel_id", "guru_id", "hari", "jam_mulai", "jam_selesai", "created_at", "updated_at") VALUES (107, 2, 3, 6, 'Rabu', '11:15', '11:55', '2026-07-21 10:44:11', '2026-07-21 10:44:11');
INSERT INTO "jadwal" ("id", "kelas_id", "mapel_id", "guru_id", "hari", "jam_mulai", "jam_selesai", "created_at", "updated_at") VALUES (108, 2, 20, 9, 'Rabu', '11:55', '12:30', '2026-07-21 10:44:11', '2026-07-21 10:44:11');
INSERT INTO "jadwal" ("id", "kelas_id", "mapel_id", "guru_id", "hari", "jam_mulai", "jam_selesai", "created_at", "updated_at") VALUES (109, 2, 19, 9, 'Rabu', '12:30', '13:00', '2026-07-21 10:44:11', '2026-07-21 10:44:11');
INSERT INTO "jadwal" ("id", "kelas_id", "mapel_id", "guru_id", "hari", "jam_mulai", "jam_selesai", "created_at", "updated_at") VALUES (110, 2, 2, 3, 'Rabu', '13:00', '13:40', '2026-07-21 10:44:11', '2026-07-21 10:44:11');
INSERT INTO "jadwal" ("id", "kelas_id", "mapel_id", "guru_id", "hari", "jam_mulai", "jam_selesai", "created_at", "updated_at") VALUES (111, 2, 8, 4, 'Rabu', '13:40', '14:20', '2026-07-21 10:44:11', '2026-07-21 10:44:11');
INSERT INTO "jadwal" ("id", "kelas_id", "mapel_id", "guru_id", "hari", "jam_mulai", "jam_selesai", "created_at", "updated_at") VALUES (112, 2, 8, 4, 'Rabu', '14:20', '15:00', '2026-07-21 10:44:11', '2026-07-21 10:44:11');
INSERT INTO "jadwal" ("id", "kelas_id", "mapel_id", "guru_id", "hari", "jam_mulai", "jam_selesai", "created_at", "updated_at") VALUES (113, 2, 17, 3, 'Rabu', '15:00', '15:20', '2026-07-21 10:44:11', '2026-07-21 10:44:11');
INSERT INTO "jadwal" ("id", "kelas_id", "mapel_id", "guru_id", "hari", "jam_mulai", "jam_selesai", "created_at", "updated_at") VALUES (114, 2, 21, 9, 'Rabu', '15:20', '15:30', '2026-07-21 10:44:11', '2026-07-21 10:44:11');
INSERT INTO "jadwal" ("id", "kelas_id", "mapel_id", "guru_id", "hari", "jam_mulai", "jam_selesai", "created_at", "updated_at") VALUES (115, 2, 27, 9, 'Kamis', '07:00', '07:30', '2026-07-21 10:44:11', '2026-07-21 10:44:11');
INSERT INTO "jadwal" ("id", "kelas_id", "mapel_id", "guru_id", "hari", "jam_mulai", "jam_selesai", "created_at", "updated_at") VALUES (116, 2, 8, 4, 'Kamis', '07:30', '08:10', '2026-07-21 10:44:11', '2026-07-21 10:44:11');
INSERT INTO "jadwal" ("id", "kelas_id", "mapel_id", "guru_id", "hari", "jam_mulai", "jam_selesai", "created_at", "updated_at") VALUES (117, 2, 8, 4, 'Kamis', '08:10', '08:50', '2026-07-21 10:44:11', '2026-07-21 10:44:11');
INSERT INTO "jadwal" ("id", "kelas_id", "mapel_id", "guru_id", "hari", "jam_mulai", "jam_selesai", "created_at", "updated_at") VALUES (118, 2, 19, 9, 'Kamis', '08:50', '09:05', '2026-07-21 10:44:11', '2026-07-21 10:44:11');
INSERT INTO "jadwal" ("id", "kelas_id", "mapel_id", "guru_id", "hari", "jam_mulai", "jam_selesai", "created_at", "updated_at") VALUES (119, 2, 1, 7, 'Kamis', '09:05', '09:45', '2026-07-21 10:44:11', '2026-07-21 10:44:11');
INSERT INTO "jadwal" ("id", "kelas_id", "mapel_id", "guru_id", "hari", "jam_mulai", "jam_selesai", "created_at", "updated_at") VALUES (120, 2, 1, 7, 'Kamis', '09:45', '10:25', '2026-07-21 10:44:11', '2026-07-21 10:44:11');
INSERT INTO "jadwal" ("id", "kelas_id", "mapel_id", "guru_id", "hari", "jam_mulai", "jam_selesai", "created_at", "updated_at") VALUES (121, 2, 4, 3, 'Kamis', '10:25', '11:05', '2026-07-21 10:44:11', '2026-07-21 10:44:11');
INSERT INTO "jadwal" ("id", "kelas_id", "mapel_id", "guru_id", "hari", "jam_mulai", "jam_selesai", "created_at", "updated_at") VALUES (122, 2, 4, 3, 'Kamis', '11:05', '11:45', '2026-07-21 10:44:11', '2026-07-21 10:44:11');
INSERT INTO "jadwal" ("id", "kelas_id", "mapel_id", "guru_id", "hari", "jam_mulai", "jam_selesai", "created_at", "updated_at") VALUES (123, 2, 20, 9, 'Kamis', '11:45', '12:30', '2026-07-21 10:44:11', '2026-07-21 10:44:11');
INSERT INTO "jadwal" ("id", "kelas_id", "mapel_id", "guru_id", "hari", "jam_mulai", "jam_selesai", "created_at", "updated_at") VALUES (124, 2, 19, 9, 'Kamis', '12:30', '13:00', '2026-07-21 10:44:11', '2026-07-21 10:44:11');
INSERT INTO "jadwal" ("id", "kelas_id", "mapel_id", "guru_id", "hari", "jam_mulai", "jam_selesai", "created_at", "updated_at") VALUES (125, 2, 5, 2, 'Kamis', '13:00', '13:40', '2026-07-21 10:44:11', '2026-07-21 10:44:11');
INSERT INTO "jadwal" ("id", "kelas_id", "mapel_id", "guru_id", "hari", "jam_mulai", "jam_selesai", "created_at", "updated_at") VALUES (126, 2, 9, 8, 'Kamis', '13:40', '14:20', '2026-07-21 10:44:11', '2026-07-21 10:44:11');
INSERT INTO "jadwal" ("id", "kelas_id", "mapel_id", "guru_id", "hari", "jam_mulai", "jam_selesai", "created_at", "updated_at") VALUES (127, 2, 9, 8, 'Kamis', '14:20', '15:00', '2026-07-21 10:44:11', '2026-07-21 10:44:11');
INSERT INTO "jadwal" ("id", "kelas_id", "mapel_id", "guru_id", "hari", "jam_mulai", "jam_selesai", "created_at", "updated_at") VALUES (128, 2, 17, 3, 'Kamis', '15:00', '15:20', '2026-07-21 10:44:11', '2026-07-21 10:44:11');
INSERT INTO "jadwal" ("id", "kelas_id", "mapel_id", "guru_id", "hari", "jam_mulai", "jam_selesai", "created_at", "updated_at") VALUES (129, 2, 21, 9, 'Kamis', '15:20', '15:30', '2026-07-21 10:44:11', '2026-07-21 10:44:11');
INSERT INTO "jadwal" ("id", "kelas_id", "mapel_id", "guru_id", "hari", "jam_mulai", "jam_selesai", "created_at", "updated_at") VALUES (130, 2, 27, 9, 'Jumat', '07:00', '07:30', '2026-07-21 10:44:11', '2026-07-21 10:44:11');
INSERT INTO "jadwal" ("id", "kelas_id", "mapel_id", "guru_id", "hari", "jam_mulai", "jam_selesai", "created_at", "updated_at") VALUES (131, 2, 16, 9, 'Jumat', '07:30', '08:30', '2026-07-21 10:44:11', '2026-07-21 10:44:11');
INSERT INTO "jadwal" ("id", "kelas_id", "mapel_id", "guru_id", "hari", "jam_mulai", "jam_selesai", "created_at", "updated_at") VALUES (132, 2, 8, 4, 'Jumat', '08:30', '09:10', '2026-07-21 10:44:11', '2026-07-21 10:44:11');
INSERT INTO "jadwal" ("id", "kelas_id", "mapel_id", "guru_id", "hari", "jam_mulai", "jam_selesai", "created_at", "updated_at") VALUES (133, 2, 8, 4, 'Jumat', '09:10', '09:50', '2026-07-21 10:44:11', '2026-07-21 10:44:11');
INSERT INTO "jadwal" ("id", "kelas_id", "mapel_id", "guru_id", "hari", "jam_mulai", "jam_selesai", "created_at", "updated_at") VALUES (134, 2, 19, 9, 'Jumat', '09:50', '10:05', '2026-07-21 10:44:11', '2026-07-21 10:44:11');
INSERT INTO "jadwal" ("id", "kelas_id", "mapel_id", "guru_id", "hari", "jam_mulai", "jam_selesai", "created_at", "updated_at") VALUES (135, 2, 10, 8, 'Jumat', '10:05', '10:45', '2026-07-21 10:44:11', '2026-07-21 10:44:11');
INSERT INTO "jadwal" ("id", "kelas_id", "mapel_id", "guru_id", "hari", "jam_mulai", "jam_selesai", "created_at", "updated_at") VALUES (136, 2, 10, 8, 'Jumat', '10:45', '11:15', '2026-07-21 10:44:11', '2026-07-21 10:44:11');
INSERT INTO "jadwal" ("id", "kelas_id", "mapel_id", "guru_id", "hari", "jam_mulai", "jam_selesai", "created_at", "updated_at") VALUES (137, 2, 20, 9, 'Jumat', '11:15', '11:30', '2026-07-21 10:44:11', '2026-07-21 10:44:11');
INSERT INTO "jadwal" ("id", "kelas_id", "mapel_id", "guru_id", "hari", "jam_mulai", "jam_selesai", "created_at", "updated_at") VALUES (138, 2, 19, 9, 'Jumat', '11:30', '13:00', '2026-07-21 10:44:11', '2026-07-21 10:44:11');
INSERT INTO "jadwal" ("id", "kelas_id", "mapel_id", "guru_id", "hari", "jam_mulai", "jam_selesai", "created_at", "updated_at") VALUES (139, 2, 3, 6, 'Jumat', '13:00', '13:40', '2026-07-21 10:44:11', '2026-07-21 10:44:11');
INSERT INTO "jadwal" ("id", "kelas_id", "mapel_id", "guru_id", "hari", "jam_mulai", "jam_selesai", "created_at", "updated_at") VALUES (140, 2, 3, 6, 'Jumat', '13:40', '14:20', '2026-07-21 10:44:11', '2026-07-21 10:44:11');
INSERT INTO "jadwal" ("id", "kelas_id", "mapel_id", "guru_id", "hari", "jam_mulai", "jam_selesai", "created_at", "updated_at") VALUES (141, 3, 27, 9, 'Senin', '07:00', '07:30', '2026-07-21 10:44:11', '2026-07-21 10:44:11');
INSERT INTO "jadwal" ("id", "kelas_id", "mapel_id", "guru_id", "hari", "jam_mulai", "jam_selesai", "created_at", "updated_at") VALUES (142, 3, 22, 9, 'Senin', '07:30', '08:15', '2026-07-21 10:44:11', '2026-07-21 10:44:11');
INSERT INTO "jadwal" ("id", "kelas_id", "mapel_id", "guru_id", "hari", "jam_mulai", "jam_selesai", "created_at", "updated_at") VALUES (143, 3, 8, 4, 'Senin', '08:15', '08:55', '2026-07-21 10:44:12', '2026-07-21 10:44:12');
INSERT INTO "jadwal" ("id", "kelas_id", "mapel_id", "guru_id", "hari", "jam_mulai", "jam_selesai", "created_at", "updated_at") VALUES (144, 3, 8, 4, 'Senin', '08:55', '09:35', '2026-07-21 10:44:12', '2026-07-21 10:44:12');
INSERT INTO "jadwal" ("id", "kelas_id", "mapel_id", "guru_id", "hari", "jam_mulai", "jam_selesai", "created_at", "updated_at") VALUES (145, 3, 19, 9, 'Senin', '09:35', '09:50', '2026-07-21 10:44:12', '2026-07-21 10:44:12');
INSERT INTO "jadwal" ("id", "kelas_id", "mapel_id", "guru_id", "hari", "jam_mulai", "jam_selesai", "created_at", "updated_at") VALUES (146, 3, 3, 6, 'Senin', '09:50', '10:30', '2026-07-21 10:44:12', '2026-07-21 10:44:12');
INSERT INTO "jadwal" ("id", "kelas_id", "mapel_id", "guru_id", "hari", "jam_mulai", "jam_selesai", "created_at", "updated_at") VALUES (147, 3, 3, 6, 'Senin', '10:30', '11:10', '2026-07-21 10:44:12', '2026-07-21 10:44:12');
INSERT INTO "jadwal" ("id", "kelas_id", "mapel_id", "guru_id", "hari", "jam_mulai", "jam_selesai", "created_at", "updated_at") VALUES (148, 3, 10, 8, 'Senin', '11:10', '11:50', '2026-07-21 10:44:12', '2026-07-21 10:44:12');
INSERT INTO "jadwal" ("id", "kelas_id", "mapel_id", "guru_id", "hari", "jam_mulai", "jam_selesai", "created_at", "updated_at") VALUES (149, 3, 20, 9, 'Senin', '11:50', '12:30', '2026-07-21 10:44:12', '2026-07-21 10:44:12');
INSERT INTO "jadwal" ("id", "kelas_id", "mapel_id", "guru_id", "hari", "jam_mulai", "jam_selesai", "created_at", "updated_at") VALUES (150, 3, 19, 9, 'Senin', '12:30', '13:00', '2026-07-21 10:44:12', '2026-07-21 10:44:12');
INSERT INTO "jadwal" ("id", "kelas_id", "mapel_id", "guru_id", "hari", "jam_mulai", "jam_selesai", "created_at", "updated_at") VALUES (151, 3, 10, 8, 'Senin', '13:00', '13:40', '2026-07-21 10:44:12', '2026-07-21 10:44:12');
INSERT INTO "jadwal" ("id", "kelas_id", "mapel_id", "guru_id", "hari", "jam_mulai", "jam_selesai", "created_at", "updated_at") VALUES (152, 3, 11, 2, 'Senin', '13:40', '14:20', '2026-07-21 10:44:12', '2026-07-21 10:44:12');
INSERT INTO "jadwal" ("id", "kelas_id", "mapel_id", "guru_id", "hari", "jam_mulai", "jam_selesai", "created_at", "updated_at") VALUES (153, 3, 11, 2, 'Senin', '14:20', '15:00', '2026-07-21 10:44:12', '2026-07-21 10:44:12');
INSERT INTO "jadwal" ("id", "kelas_id", "mapel_id", "guru_id", "hari", "jam_mulai", "jam_selesai", "created_at", "updated_at") VALUES (154, 3, 17, 3, 'Senin', '15:00', '15:20', '2026-07-21 10:44:12', '2026-07-21 10:44:12');
INSERT INTO "jadwal" ("id", "kelas_id", "mapel_id", "guru_id", "hari", "jam_mulai", "jam_selesai", "created_at", "updated_at") VALUES (155, 3, 21, 9, 'Senin', '15:20', '15:30', '2026-07-21 10:44:12', '2026-07-21 10:44:12');
INSERT INTO "jadwal" ("id", "kelas_id", "mapel_id", "guru_id", "hari", "jam_mulai", "jam_selesai", "created_at", "updated_at") VALUES (156, 3, 27, 9, 'Selasa', '07:00', '07:30', '2026-07-21 10:44:12', '2026-07-21 10:44:12');
INSERT INTO "jadwal" ("id", "kelas_id", "mapel_id", "guru_id", "hari", "jam_mulai", "jam_selesai", "created_at", "updated_at") VALUES (157, 3, 13, 5, 'Selasa', '07:30', '08:10', '2026-07-21 10:44:12', '2026-07-21 10:44:12');
INSERT INTO "jadwal" ("id", "kelas_id", "mapel_id", "guru_id", "hari", "jam_mulai", "jam_selesai", "created_at", "updated_at") VALUES (158, 3, 13, 5, 'Selasa', '08:10', '08:50', '2026-07-21 10:44:12', '2026-07-21 10:44:12');
INSERT INTO "jadwal" ("id", "kelas_id", "mapel_id", "guru_id", "hari", "jam_mulai", "jam_selesai", "created_at", "updated_at") VALUES (159, 3, 19, 9, 'Selasa', '08:50', '09:05', '2026-07-21 10:44:12', '2026-07-21 10:44:12');
INSERT INTO "jadwal" ("id", "kelas_id", "mapel_id", "guru_id", "hari", "jam_mulai", "jam_selesai", "created_at", "updated_at") VALUES (160, 3, 6, 9, 'Selasa', '09:05', '09:45', '2026-07-21 10:44:12', '2026-07-21 10:44:12');
INSERT INTO "jadwal" ("id", "kelas_id", "mapel_id", "guru_id", "hari", "jam_mulai", "jam_selesai", "created_at", "updated_at") VALUES (161, 3, 6, 9, 'Selasa', '09:45', '10:25', '2026-07-21 10:44:12', '2026-07-21 10:44:12');
INSERT INTO "jadwal" ("id", "kelas_id", "mapel_id", "guru_id", "hari", "jam_mulai", "jam_selesai", "created_at", "updated_at") VALUES (162, 3, 2, 3, 'Selasa', '10:25', '11:05', '2026-07-21 10:44:12', '2026-07-21 10:44:12');
INSERT INTO "jadwal" ("id", "kelas_id", "mapel_id", "guru_id", "hari", "jam_mulai", "jam_selesai", "created_at", "updated_at") VALUES (163, 3, 2, 3, 'Selasa', '11:05', '11:45', '2026-07-21 10:44:12', '2026-07-21 10:44:12');
INSERT INTO "jadwal" ("id", "kelas_id", "mapel_id", "guru_id", "hari", "jam_mulai", "jam_selesai", "created_at", "updated_at") VALUES (164, 3, 20, 9, 'Selasa', '11:45', '12:30', '2026-07-21 10:44:12', '2026-07-21 10:44:12');
INSERT INTO "jadwal" ("id", "kelas_id", "mapel_id", "guru_id", "hari", "jam_mulai", "jam_selesai", "created_at", "updated_at") VALUES (165, 3, 19, 9, 'Selasa', '12:30', '13:00', '2026-07-21 10:44:12', '2026-07-21 10:44:12');
INSERT INTO "jadwal" ("id", "kelas_id", "mapel_id", "guru_id", "hari", "jam_mulai", "jam_selesai", "created_at", "updated_at") VALUES (166, 3, 9, 8, 'Selasa', '13:00', '13:40', '2026-07-21 10:44:12', '2026-07-21 10:44:12');
INSERT INTO "jadwal" ("id", "kelas_id", "mapel_id", "guru_id", "hari", "jam_mulai", "jam_selesai", "created_at", "updated_at") VALUES (167, 3, 8, 4, 'Selasa', '13:40', '14:20', '2026-07-21 10:44:12', '2026-07-21 10:44:12');
INSERT INTO "jadwal" ("id", "kelas_id", "mapel_id", "guru_id", "hari", "jam_mulai", "jam_selesai", "created_at", "updated_at") VALUES (168, 3, 8, 4, 'Selasa', '14:20', '15:00', '2026-07-21 10:44:12', '2026-07-21 10:44:12');
INSERT INTO "jadwal" ("id", "kelas_id", "mapel_id", "guru_id", "hari", "jam_mulai", "jam_selesai", "created_at", "updated_at") VALUES (169, 3, 17, 3, 'Selasa', '15:00', '15:20', '2026-07-21 10:44:12', '2026-07-21 10:44:12');
INSERT INTO "jadwal" ("id", "kelas_id", "mapel_id", "guru_id", "hari", "jam_mulai", "jam_selesai", "created_at", "updated_at") VALUES (170, 3, 21, 9, 'Selasa', '15:20', '15:30', '2026-07-21 10:44:12', '2026-07-21 10:44:12');
INSERT INTO "jadwal" ("id", "kelas_id", "mapel_id", "guru_id", "hari", "jam_mulai", "jam_selesai", "created_at", "updated_at") VALUES (171, 3, 27, 9, 'Rabu', '07:00', '07:30', '2026-07-21 10:44:12', '2026-07-21 10:44:12');
INSERT INTO "jadwal" ("id", "kelas_id", "mapel_id", "guru_id", "hari", "jam_mulai", "jam_selesai", "created_at", "updated_at") VALUES (172, 3, 18, 9, 'Rabu', '07:30', '09:00', '2026-07-21 10:44:12', '2026-07-21 10:44:12');
INSERT INTO "jadwal" ("id", "kelas_id", "mapel_id", "guru_id", "hari", "jam_mulai", "jam_selesai", "created_at", "updated_at") VALUES (173, 3, 19, 9, 'Rabu', '09:00', '09:15', '2026-07-21 10:44:12', '2026-07-21 10:44:12');
INSERT INTO "jadwal" ("id", "kelas_id", "mapel_id", "guru_id", "hari", "jam_mulai", "jam_selesai", "created_at", "updated_at") VALUES (174, 3, 5, 2, 'Rabu', '09:15', '09:55', '2026-07-21 10:44:12', '2026-07-21 10:44:12');
INSERT INTO "jadwal" ("id", "kelas_id", "mapel_id", "guru_id", "hari", "jam_mulai", "jam_selesai", "created_at", "updated_at") VALUES (175, 3, 5, 2, 'Rabu', '09:55', '10:35', '2026-07-21 10:44:12', '2026-07-21 10:44:12');
INSERT INTO "jadwal" ("id", "kelas_id", "mapel_id", "guru_id", "hari", "jam_mulai", "jam_selesai", "created_at", "updated_at") VALUES (176, 3, 8, 4, 'Rabu', '10:35', '11:15', '2026-07-21 10:44:12', '2026-07-21 10:44:12');
INSERT INTO "jadwal" ("id", "kelas_id", "mapel_id", "guru_id", "hari", "jam_mulai", "jam_selesai", "created_at", "updated_at") VALUES (177, 3, 8, 4, 'Rabu', '11:15', '11:55', '2026-07-21 10:44:12', '2026-07-21 10:44:12');
INSERT INTO "jadwal" ("id", "kelas_id", "mapel_id", "guru_id", "hari", "jam_mulai", "jam_selesai", "created_at", "updated_at") VALUES (178, 3, 20, 9, 'Rabu', '11:55', '12:30', '2026-07-21 10:44:12', '2026-07-21 10:44:12');
INSERT INTO "jadwal" ("id", "kelas_id", "mapel_id", "guru_id", "hari", "jam_mulai", "jam_selesai", "created_at", "updated_at") VALUES (179, 3, 19, 9, 'Rabu', '12:30', '13:00', '2026-07-21 10:44:12', '2026-07-21 10:44:12');
INSERT INTO "jadwal" ("id", "kelas_id", "mapel_id", "guru_id", "hari", "jam_mulai", "jam_selesai", "created_at", "updated_at") VALUES (180, 3, 1, 7, 'Rabu', '13:00', '13:40', '2026-07-21 10:44:12', '2026-07-21 10:44:12');
INSERT INTO "jadwal" ("id", "kelas_id", "mapel_id", "guru_id", "hari", "jam_mulai", "jam_selesai", "created_at", "updated_at") VALUES (181, 3, 1, 7, 'Rabu', '13:40', '14:20', '2026-07-21 10:44:12', '2026-07-21 10:44:12');
INSERT INTO "jadwal" ("id", "kelas_id", "mapel_id", "guru_id", "hari", "jam_mulai", "jam_selesai", "created_at", "updated_at") VALUES (182, 3, 9, 8, 'Rabu', '14:20', '15:00', '2026-07-21 10:44:12', '2026-07-21 10:44:12');
INSERT INTO "jadwal" ("id", "kelas_id", "mapel_id", "guru_id", "hari", "jam_mulai", "jam_selesai", "created_at", "updated_at") VALUES (183, 3, 17, 3, 'Rabu', '15:00', '15:20', '2026-07-21 10:44:12', '2026-07-21 10:44:12');
INSERT INTO "jadwal" ("id", "kelas_id", "mapel_id", "guru_id", "hari", "jam_mulai", "jam_selesai", "created_at", "updated_at") VALUES (184, 3, 21, 9, 'Rabu', '15:20', '15:30', '2026-07-21 10:44:12', '2026-07-21 10:44:12');
INSERT INTO "jadwal" ("id", "kelas_id", "mapel_id", "guru_id", "hari", "jam_mulai", "jam_selesai", "created_at", "updated_at") VALUES (185, 3, 27, 9, 'Kamis', '07:00', '07:30', '2026-07-21 10:44:12', '2026-07-21 10:44:12');
INSERT INTO "jadwal" ("id", "kelas_id", "mapel_id", "guru_id", "hari", "jam_mulai", "jam_selesai", "created_at", "updated_at") VALUES (186, 3, 2, 3, 'Kamis', '07:30', '08:10', '2026-07-21 10:44:12', '2026-07-21 10:44:12');
INSERT INTO "jadwal" ("id", "kelas_id", "mapel_id", "guru_id", "hari", "jam_mulai", "jam_selesai", "created_at", "updated_at") VALUES (187, 3, 2, 3, 'Kamis', '08:10', '08:50', '2026-07-21 10:44:12', '2026-07-21 10:44:12');
INSERT INTO "jadwal" ("id", "kelas_id", "mapel_id", "guru_id", "hari", "jam_mulai", "jam_selesai", "created_at", "updated_at") VALUES (188, 3, 19, 9, 'Kamis', '08:50', '09:05', '2026-07-21 10:44:12', '2026-07-21 10:44:12');
INSERT INTO "jadwal" ("id", "kelas_id", "mapel_id", "guru_id", "hari", "jam_mulai", "jam_selesai", "created_at", "updated_at") VALUES (189, 3, 3, 6, 'Kamis', '09:05', '09:45', '2026-07-21 10:44:12', '2026-07-21 10:44:12');
INSERT INTO "jadwal" ("id", "kelas_id", "mapel_id", "guru_id", "hari", "jam_mulai", "jam_selesai", "created_at", "updated_at") VALUES (190, 3, 3, 6, 'Kamis', '09:45', '10:25', '2026-07-21 10:44:12', '2026-07-21 10:44:12');
INSERT INTO "jadwal" ("id", "kelas_id", "mapel_id", "guru_id", "hari", "jam_mulai", "jam_selesai", "created_at", "updated_at") VALUES (191, 3, 5, 2, 'Kamis', '10:25', '11:05', '2026-07-21 10:44:12', '2026-07-21 10:44:12');
INSERT INTO "jadwal" ("id", "kelas_id", "mapel_id", "guru_id", "hari", "jam_mulai", "jam_selesai", "created_at", "updated_at") VALUES (192, 3, 8, 4, 'Kamis', '11:05', '11:45', '2026-07-21 10:44:12', '2026-07-21 10:44:12');
INSERT INTO "jadwal" ("id", "kelas_id", "mapel_id", "guru_id", "hari", "jam_mulai", "jam_selesai", "created_at", "updated_at") VALUES (193, 3, 20, 9, 'Kamis', '11:45', '12:30', '2026-07-21 10:44:12', '2026-07-21 10:44:12');
INSERT INTO "jadwal" ("id", "kelas_id", "mapel_id", "guru_id", "hari", "jam_mulai", "jam_selesai", "created_at", "updated_at") VALUES (194, 3, 19, 9, 'Kamis', '12:30', '13:00', '2026-07-21 10:44:12', '2026-07-21 10:44:12');
INSERT INTO "jadwal" ("id", "kelas_id", "mapel_id", "guru_id", "hari", "jam_mulai", "jam_selesai", "created_at", "updated_at") VALUES (195, 3, 8, 4, 'Kamis', '13:00', '13:40', '2026-07-21 10:44:12', '2026-07-21 10:44:12');
INSERT INTO "jadwal" ("id", "kelas_id", "mapel_id", "guru_id", "hari", "jam_mulai", "jam_selesai", "created_at", "updated_at") VALUES (196, 3, 12, 2, 'Kamis', '13:40', '14:20', '2026-07-21 10:44:12', '2026-07-21 10:44:12');
INSERT INTO "jadwal" ("id", "kelas_id", "mapel_id", "guru_id", "hari", "jam_mulai", "jam_selesai", "created_at", "updated_at") VALUES (197, 3, 12, 2, 'Kamis', '14:20', '15:00', '2026-07-21 10:44:12', '2026-07-21 10:44:12');
INSERT INTO "jadwal" ("id", "kelas_id", "mapel_id", "guru_id", "hari", "jam_mulai", "jam_selesai", "created_at", "updated_at") VALUES (198, 3, 17, 3, 'Kamis', '15:00', '15:20', '2026-07-21 10:44:12', '2026-07-21 10:44:12');
INSERT INTO "jadwal" ("id", "kelas_id", "mapel_id", "guru_id", "hari", "jam_mulai", "jam_selesai", "created_at", "updated_at") VALUES (199, 3, 21, 9, 'Kamis', '15:20', '15:30', '2026-07-21 10:44:12', '2026-07-21 10:44:12');
INSERT INTO "jadwal" ("id", "kelas_id", "mapel_id", "guru_id", "hari", "jam_mulai", "jam_selesai", "created_at", "updated_at") VALUES (200, 3, 27, 9, 'Jumat', '07:00', '07:30', '2026-07-21 10:44:12', '2026-07-21 10:44:12');
INSERT INTO "jadwal" ("id", "kelas_id", "mapel_id", "guru_id", "hari", "jam_mulai", "jam_selesai", "created_at", "updated_at") VALUES (201, 3, 16, 9, 'Jumat', '07:30', '08:30', '2026-07-21 10:44:12', '2026-07-21 10:44:12');
INSERT INTO "jadwal" ("id", "kelas_id", "mapel_id", "guru_id", "hari", "jam_mulai", "jam_selesai", "created_at", "updated_at") VALUES (202, 3, 4, 3, 'Jumat', '08:30', '09:10', '2026-07-21 10:44:12', '2026-07-21 10:44:12');
INSERT INTO "jadwal" ("id", "kelas_id", "mapel_id", "guru_id", "hari", "jam_mulai", "jam_selesai", "created_at", "updated_at") VALUES (203, 3, 4, 3, 'Jumat', '09:10', '09:50', '2026-07-21 10:44:12', '2026-07-21 10:44:12');
INSERT INTO "jadwal" ("id", "kelas_id", "mapel_id", "guru_id", "hari", "jam_mulai", "jam_selesai", "created_at", "updated_at") VALUES (204, 3, 19, 9, 'Jumat', '09:50', '10:05', '2026-07-21 10:44:12', '2026-07-21 10:44:12');
INSERT INTO "jadwal" ("id", "kelas_id", "mapel_id", "guru_id", "hari", "jam_mulai", "jam_selesai", "created_at", "updated_at") VALUES (205, 3, 1, 7, 'Jumat', '10:05', '10:45', '2026-07-21 10:44:12', '2026-07-21 10:44:12');
INSERT INTO "jadwal" ("id", "kelas_id", "mapel_id", "guru_id", "hari", "jam_mulai", "jam_selesai", "created_at", "updated_at") VALUES (206, 3, 1, 7, 'Jumat', '10:45', '11:15', '2026-07-21 10:44:12', '2026-07-21 10:44:12');
INSERT INTO "jadwal" ("id", "kelas_id", "mapel_id", "guru_id", "hari", "jam_mulai", "jam_selesai", "created_at", "updated_at") VALUES (207, 3, 20, 9, 'Jumat', '11:15', '11:30', '2026-07-21 10:44:12', '2026-07-21 10:44:12');
INSERT INTO "jadwal" ("id", "kelas_id", "mapel_id", "guru_id", "hari", "jam_mulai", "jam_selesai", "created_at", "updated_at") VALUES (208, 3, 19, 9, 'Jumat', '11:30', '13:00', '2026-07-21 10:44:12', '2026-07-21 10:44:12');
INSERT INTO "jadwal" ("id", "kelas_id", "mapel_id", "guru_id", "hari", "jam_mulai", "jam_selesai", "created_at", "updated_at") VALUES (209, 3, 8, 4, 'Jumat', '13:00', '13:40', '2026-07-21 10:44:12', '2026-07-21 10:44:12');
INSERT INTO "jadwal" ("id", "kelas_id", "mapel_id", "guru_id", "hari", "jam_mulai", "jam_selesai", "created_at", "updated_at") VALUES (210, 3, 8, 4, 'Jumat', '13:40', '14:20', '2026-07-21 10:44:12', '2026-07-21 10:44:12');
INSERT INTO "jadwal" ("id", "kelas_id", "mapel_id", "guru_id", "hari", "jam_mulai", "jam_selesai", "created_at", "updated_at") VALUES (211, 4, 27, 9, 'Senin', '07:00', '07:30', '2026-07-21 10:44:12', '2026-07-21 10:44:12');
INSERT INTO "jadwal" ("id", "kelas_id", "mapel_id", "guru_id", "hari", "jam_mulai", "jam_selesai", "created_at", "updated_at") VALUES (212, 4, 22, 9, 'Senin', '07:30', '08:15', '2026-07-21 10:44:12', '2026-07-21 10:44:12');
INSERT INTO "jadwal" ("id", "kelas_id", "mapel_id", "guru_id", "hari", "jam_mulai", "jam_selesai", "created_at", "updated_at") VALUES (213, 4, 5, 2, 'Senin', '08:15', '08:55', '2026-07-21 10:44:12', '2026-07-21 10:44:12');
INSERT INTO "jadwal" ("id", "kelas_id", "mapel_id", "guru_id", "hari", "jam_mulai", "jam_selesai", "created_at", "updated_at") VALUES (214, 4, 5, 2, 'Senin', '08:55', '09:35', '2026-07-21 10:44:12', '2026-07-21 10:44:12');
INSERT INTO "jadwal" ("id", "kelas_id", "mapel_id", "guru_id", "hari", "jam_mulai", "jam_selesai", "created_at", "updated_at") VALUES (215, 4, 19, 9, 'Senin', '09:35', '09:50', '2026-07-21 10:44:12', '2026-07-21 10:44:12');
INSERT INTO "jadwal" ("id", "kelas_id", "mapel_id", "guru_id", "hari", "jam_mulai", "jam_selesai", "created_at", "updated_at") VALUES (216, 4, 6, 9, 'Senin', '09:50', '10:30', '2026-07-21 10:44:12', '2026-07-21 10:44:12');
INSERT INTO "jadwal" ("id", "kelas_id", "mapel_id", "guru_id", "hari", "jam_mulai", "jam_selesai", "created_at", "updated_at") VALUES (217, 4, 6, 9, 'Senin', '10:30', '11:10', '2026-07-21 10:44:12', '2026-07-21 10:44:12');
INSERT INTO "jadwal" ("id", "kelas_id", "mapel_id", "guru_id", "hari", "jam_mulai", "jam_selesai", "created_at", "updated_at") VALUES (218, 4, 8, 4, 'Senin', '11:10', '11:50', '2026-07-21 10:44:12', '2026-07-21 10:44:12');
INSERT INTO "jadwal" ("id", "kelas_id", "mapel_id", "guru_id", "hari", "jam_mulai", "jam_selesai", "created_at", "updated_at") VALUES (219, 4, 20, 9, 'Senin', '11:50', '12:30', '2026-07-21 10:44:12', '2026-07-21 10:44:12');
INSERT INTO "jadwal" ("id", "kelas_id", "mapel_id", "guru_id", "hari", "jam_mulai", "jam_selesai", "created_at", "updated_at") VALUES (220, 4, 19, 9, 'Senin', '12:30', '13:00', '2026-07-21 10:44:12', '2026-07-21 10:44:12');
INSERT INTO "jadwal" ("id", "kelas_id", "mapel_id", "guru_id", "hari", "jam_mulai", "jam_selesai", "created_at", "updated_at") VALUES (221, 4, 8, 4, 'Senin', '13:00', '13:40', '2026-07-21 10:44:12', '2026-07-21 10:44:12');
INSERT INTO "jadwal" ("id", "kelas_id", "mapel_id", "guru_id", "hari", "jam_mulai", "jam_selesai", "created_at", "updated_at") VALUES (222, 4, 2, 3, 'Senin', '13:40', '14:20', '2026-07-21 10:44:12', '2026-07-21 10:44:12');
INSERT INTO "jadwal" ("id", "kelas_id", "mapel_id", "guru_id", "hari", "jam_mulai", "jam_selesai", "created_at", "updated_at") VALUES (223, 4, 2, 3, 'Senin', '14:20', '15:00', '2026-07-21 10:44:12', '2026-07-21 10:44:12');
INSERT INTO "jadwal" ("id", "kelas_id", "mapel_id", "guru_id", "hari", "jam_mulai", "jam_selesai", "created_at", "updated_at") VALUES (224, 4, 17, 3, 'Senin', '15:00', '15:20', '2026-07-21 10:44:12', '2026-07-21 10:44:12');
INSERT INTO "jadwal" ("id", "kelas_id", "mapel_id", "guru_id", "hari", "jam_mulai", "jam_selesai", "created_at", "updated_at") VALUES (225, 4, 21, 9, 'Senin', '15:20', '15:30', '2026-07-21 10:44:12', '2026-07-21 10:44:12');
INSERT INTO "jadwal" ("id", "kelas_id", "mapel_id", "guru_id", "hari", "jam_mulai", "jam_selesai", "created_at", "updated_at") VALUES (226, 4, 27, 9, 'Selasa', '07:00', '07:30', '2026-07-21 10:44:12', '2026-07-21 10:44:12');
INSERT INTO "jadwal" ("id", "kelas_id", "mapel_id", "guru_id", "hari", "jam_mulai", "jam_selesai", "created_at", "updated_at") VALUES (227, 4, 1, 7, 'Selasa', '07:30', '08:10', '2026-07-21 10:44:12', '2026-07-21 10:44:12');
INSERT INTO "jadwal" ("id", "kelas_id", "mapel_id", "guru_id", "hari", "jam_mulai", "jam_selesai", "created_at", "updated_at") VALUES (228, 4, 1, 7, 'Selasa', '08:10', '08:50', '2026-07-21 10:44:12', '2026-07-21 10:44:12');
INSERT INTO "jadwal" ("id", "kelas_id", "mapel_id", "guru_id", "hari", "jam_mulai", "jam_selesai", "created_at", "updated_at") VALUES (229, 4, 19, 9, 'Selasa', '08:50', '09:05', '2026-07-21 10:44:12', '2026-07-21 10:44:12');
INSERT INTO "jadwal" ("id", "kelas_id", "mapel_id", "guru_id", "hari", "jam_mulai", "jam_selesai", "created_at", "updated_at") VALUES (230, 4, 2, 3, 'Selasa', '09:05', '09:45', '2026-07-21 10:44:12', '2026-07-21 10:44:12');
INSERT INTO "jadwal" ("id", "kelas_id", "mapel_id", "guru_id", "hari", "jam_mulai", "jam_selesai", "created_at", "updated_at") VALUES (231, 4, 2, 3, 'Selasa', '09:45', '10:25', '2026-07-21 10:44:12', '2026-07-21 10:44:12');
INSERT INTO "jadwal" ("id", "kelas_id", "mapel_id", "guru_id", "hari", "jam_mulai", "jam_selesai", "created_at", "updated_at") VALUES (232, 4, 8, 4, 'Selasa', '10:25', '11:05', '2026-07-21 10:44:12', '2026-07-21 10:44:12');
INSERT INTO "jadwal" ("id", "kelas_id", "mapel_id", "guru_id", "hari", "jam_mulai", "jam_selesai", "created_at", "updated_at") VALUES (233, 4, 8, 4, 'Selasa', '11:05', '11:45', '2026-07-21 10:44:12', '2026-07-21 10:44:12');
INSERT INTO "jadwal" ("id", "kelas_id", "mapel_id", "guru_id", "hari", "jam_mulai", "jam_selesai", "created_at", "updated_at") VALUES (234, 4, 20, 9, 'Selasa', '11:45', '12:30', '2026-07-21 10:44:12', '2026-07-21 10:44:12');
INSERT INTO "jadwal" ("id", "kelas_id", "mapel_id", "guru_id", "hari", "jam_mulai", "jam_selesai", "created_at", "updated_at") VALUES (235, 4, 19, 9, 'Selasa', '12:30', '13:00', '2026-07-21 10:44:12', '2026-07-21 10:44:12');
INSERT INTO "jadwal" ("id", "kelas_id", "mapel_id", "guru_id", "hari", "jam_mulai", "jam_selesai", "created_at", "updated_at") VALUES (236, 4, 15, 1, 'Selasa', '13:00', '13:40', '2026-07-21 10:44:12', '2026-07-21 10:44:12');
INSERT INTO "jadwal" ("id", "kelas_id", "mapel_id", "guru_id", "hari", "jam_mulai", "jam_selesai", "created_at", "updated_at") VALUES (237, 4, 15, 1, 'Selasa', '13:40', '14:20', '2026-07-21 10:44:12', '2026-07-21 10:44:12');
INSERT INTO "jadwal" ("id", "kelas_id", "mapel_id", "guru_id", "hari", "jam_mulai", "jam_selesai", "created_at", "updated_at") VALUES (238, 4, 3, 6, 'Selasa', '14:20', '15:00', '2026-07-21 10:44:12', '2026-07-21 10:44:12');
INSERT INTO "jadwal" ("id", "kelas_id", "mapel_id", "guru_id", "hari", "jam_mulai", "jam_selesai", "created_at", "updated_at") VALUES (239, 4, 17, 3, 'Selasa', '15:00', '15:20', '2026-07-21 10:44:12', '2026-07-21 10:44:12');
INSERT INTO "jadwal" ("id", "kelas_id", "mapel_id", "guru_id", "hari", "jam_mulai", "jam_selesai", "created_at", "updated_at") VALUES (240, 4, 21, 9, 'Selasa', '15:20', '15:30', '2026-07-21 10:44:12', '2026-07-21 10:44:12');
INSERT INTO "jadwal" ("id", "kelas_id", "mapel_id", "guru_id", "hari", "jam_mulai", "jam_selesai", "created_at", "updated_at") VALUES (241, 4, 27, 9, 'Rabu', '07:00', '07:30', '2026-07-21 10:44:12', '2026-07-21 10:44:12');
INSERT INTO "jadwal" ("id", "kelas_id", "mapel_id", "guru_id", "hari", "jam_mulai", "jam_selesai", "created_at", "updated_at") VALUES (242, 4, 18, 9, 'Rabu', '07:30', '09:00', '2026-07-21 10:44:12', '2026-07-21 10:44:12');
INSERT INTO "jadwal" ("id", "kelas_id", "mapel_id", "guru_id", "hari", "jam_mulai", "jam_selesai", "created_at", "updated_at") VALUES (243, 4, 19, 9, 'Rabu', '09:00', '09:15', '2026-07-21 10:44:12', '2026-07-21 10:44:12');
INSERT INTO "jadwal" ("id", "kelas_id", "mapel_id", "guru_id", "hari", "jam_mulai", "jam_selesai", "created_at", "updated_at") VALUES (244, 4, 11, 2, 'Rabu', '09:15', '09:55', '2026-07-21 10:44:12', '2026-07-21 10:44:12');
INSERT INTO "jadwal" ("id", "kelas_id", "mapel_id", "guru_id", "hari", "jam_mulai", "jam_selesai", "created_at", "updated_at") VALUES (245, 4, 11, 2, 'Rabu', '09:55', '10:35', '2026-07-21 10:44:12', '2026-07-21 10:44:12');
INSERT INTO "jadwal" ("id", "kelas_id", "mapel_id", "guru_id", "hari", "jam_mulai", "jam_selesai", "created_at", "updated_at") VALUES (246, 4, 12, 2, 'Rabu', '10:35', '11:15', '2026-07-21 10:44:12', '2026-07-21 10:44:12');
INSERT INTO "jadwal" ("id", "kelas_id", "mapel_id", "guru_id", "hari", "jam_mulai", "jam_selesai", "created_at", "updated_at") VALUES (247, 4, 12, 2, 'Rabu', '11:15', '11:55', '2026-07-21 10:44:12', '2026-07-21 10:44:12');
INSERT INTO "jadwal" ("id", "kelas_id", "mapel_id", "guru_id", "hari", "jam_mulai", "jam_selesai", "created_at", "updated_at") VALUES (248, 4, 20, 9, 'Rabu', '11:55', '12:30', '2026-07-21 10:44:12', '2026-07-21 10:44:12');
INSERT INTO "jadwal" ("id", "kelas_id", "mapel_id", "guru_id", "hari", "jam_mulai", "jam_selesai", "created_at", "updated_at") VALUES (249, 4, 19, 9, 'Rabu', '12:30', '13:00', '2026-07-21 10:44:12', '2026-07-21 10:44:12');
INSERT INTO "jadwal" ("id", "kelas_id", "mapel_id", "guru_id", "hari", "jam_mulai", "jam_selesai", "created_at", "updated_at") VALUES (250, 4, 3, 6, 'Rabu', '13:00', '13:40', '2026-07-21 10:44:12', '2026-07-21 10:44:12');
INSERT INTO "jadwal" ("id", "kelas_id", "mapel_id", "guru_id", "hari", "jam_mulai", "jam_selesai", "created_at", "updated_at") VALUES (251, 4, 8, 4, 'Rabu', '13:40', '14:20', '2026-07-21 10:44:12', '2026-07-21 10:44:12');
INSERT INTO "jadwal" ("id", "kelas_id", "mapel_id", "guru_id", "hari", "jam_mulai", "jam_selesai", "created_at", "updated_at") VALUES (252, 4, 8, 4, 'Rabu', '14:20', '15:00', '2026-07-21 10:44:12', '2026-07-21 10:44:12');
INSERT INTO "jadwal" ("id", "kelas_id", "mapel_id", "guru_id", "hari", "jam_mulai", "jam_selesai", "created_at", "updated_at") VALUES (253, 4, 17, 3, 'Rabu', '15:00', '15:20', '2026-07-21 10:44:12', '2026-07-21 10:44:12');
INSERT INTO "jadwal" ("id", "kelas_id", "mapel_id", "guru_id", "hari", "jam_mulai", "jam_selesai", "created_at", "updated_at") VALUES (254, 4, 21, 9, 'Rabu', '15:20', '15:30', '2026-07-21 10:44:12', '2026-07-21 10:44:12');
INSERT INTO "jadwal" ("id", "kelas_id", "mapel_id", "guru_id", "hari", "jam_mulai", "jam_selesai", "created_at", "updated_at") VALUES (255, 4, 27, 9, 'Kamis', '07:00', '07:30', '2026-07-21 10:44:12', '2026-07-21 10:44:12');
INSERT INTO "jadwal" ("id", "kelas_id", "mapel_id", "guru_id", "hari", "jam_mulai", "jam_selesai", "created_at", "updated_at") VALUES (256, 4, 8, 4, 'Kamis', '07:30', '08:10', '2026-07-21 10:44:12', '2026-07-21 10:44:12');
INSERT INTO "jadwal" ("id", "kelas_id", "mapel_id", "guru_id", "hari", "jam_mulai", "jam_selesai", "created_at", "updated_at") VALUES (257, 4, 8, 4, 'Kamis', '08:10', '08:50', '2026-07-21 10:44:12', '2026-07-21 10:44:12');
INSERT INTO "jadwal" ("id", "kelas_id", "mapel_id", "guru_id", "hari", "jam_mulai", "jam_selesai", "created_at", "updated_at") VALUES (258, 4, 19, 9, 'Kamis', '08:50', '09:05', '2026-07-21 10:44:12', '2026-07-21 10:44:12');
INSERT INTO "jadwal" ("id", "kelas_id", "mapel_id", "guru_id", "hari", "jam_mulai", "jam_selesai", "created_at", "updated_at") VALUES (259, 4, 7, 8, 'Kamis', '09:05', '09:45', '2026-07-21 10:44:12', '2026-07-21 10:44:12');
INSERT INTO "jadwal" ("id", "kelas_id", "mapel_id", "guru_id", "hari", "jam_mulai", "jam_selesai", "created_at", "updated_at") VALUES (260, 4, 7, 8, 'Kamis', '09:45', '10:25', '2026-07-21 10:44:12', '2026-07-21 10:44:12');
INSERT INTO "jadwal" ("id", "kelas_id", "mapel_id", "guru_id", "hari", "jam_mulai", "jam_selesai", "created_at", "updated_at") VALUES (261, 4, 1, 7, 'Kamis', '10:25', '11:05', '2026-07-21 10:44:12', '2026-07-21 10:44:12');
INSERT INTO "jadwal" ("id", "kelas_id", "mapel_id", "guru_id", "hari", "jam_mulai", "jam_selesai", "created_at", "updated_at") VALUES (262, 4, 1, 7, 'Kamis', '11:05', '11:45', '2026-07-21 10:44:12', '2026-07-21 10:44:12');
INSERT INTO "jadwal" ("id", "kelas_id", "mapel_id", "guru_id", "hari", "jam_mulai", "jam_selesai", "created_at", "updated_at") VALUES (263, 4, 20, 9, 'Kamis', '11:45', '12:30', '2026-07-21 10:44:12', '2026-07-21 10:44:12');
INSERT INTO "jadwal" ("id", "kelas_id", "mapel_id", "guru_id", "hari", "jam_mulai", "jam_selesai", "created_at", "updated_at") VALUES (264, 4, 19, 9, 'Kamis', '12:30', '13:00', '2026-07-21 10:44:12', '2026-07-21 10:44:12');
INSERT INTO "jadwal" ("id", "kelas_id", "mapel_id", "guru_id", "hari", "jam_mulai", "jam_selesai", "created_at", "updated_at") VALUES (265, 4, 14, 1, 'Kamis', '13:00', '13:40', '2026-07-21 10:44:12', '2026-07-21 10:44:12');
INSERT INTO "jadwal" ("id", "kelas_id", "mapel_id", "guru_id", "hari", "jam_mulai", "jam_selesai", "created_at", "updated_at") VALUES (266, 4, 3, 6, 'Kamis', '13:40', '14:20', '2026-07-21 10:44:12', '2026-07-21 10:44:12');
INSERT INTO "jadwal" ("id", "kelas_id", "mapel_id", "guru_id", "hari", "jam_mulai", "jam_selesai", "created_at", "updated_at") VALUES (267, 4, 3, 6, 'Kamis', '14:20', '15:00', '2026-07-21 10:44:12', '2026-07-21 10:44:12');
INSERT INTO "jadwal" ("id", "kelas_id", "mapel_id", "guru_id", "hari", "jam_mulai", "jam_selesai", "created_at", "updated_at") VALUES (268, 4, 17, 3, 'Kamis', '15:00', '15:20', '2026-07-21 10:44:12', '2026-07-21 10:44:12');
INSERT INTO "jadwal" ("id", "kelas_id", "mapel_id", "guru_id", "hari", "jam_mulai", "jam_selesai", "created_at", "updated_at") VALUES (269, 4, 21, 9, 'Kamis', '15:20', '15:30', '2026-07-21 10:44:12', '2026-07-21 10:44:12');
INSERT INTO "jadwal" ("id", "kelas_id", "mapel_id", "guru_id", "hari", "jam_mulai", "jam_selesai", "created_at", "updated_at") VALUES (270, 4, 27, 9, 'Jumat', '07:00', '07:30', '2026-07-21 10:44:12', '2026-07-21 10:44:12');
INSERT INTO "jadwal" ("id", "kelas_id", "mapel_id", "guru_id", "hari", "jam_mulai", "jam_selesai", "created_at", "updated_at") VALUES (271, 4, 16, 9, 'Jumat', '07:30', '08:30', '2026-07-21 10:44:12', '2026-07-21 10:44:12');
INSERT INTO "jadwal" ("id", "kelas_id", "mapel_id", "guru_id", "hari", "jam_mulai", "jam_selesai", "created_at", "updated_at") VALUES (272, 4, 8, 4, 'Jumat', '08:30', '09:10', '2026-07-21 10:44:12', '2026-07-21 10:44:12');
INSERT INTO "jadwal" ("id", "kelas_id", "mapel_id", "guru_id", "hari", "jam_mulai", "jam_selesai", "created_at", "updated_at") VALUES (273, 4, 8, 4, 'Jumat', '09:10', '09:50', '2026-07-21 10:44:12', '2026-07-21 10:44:12');
INSERT INTO "jadwal" ("id", "kelas_id", "mapel_id", "guru_id", "hari", "jam_mulai", "jam_selesai", "created_at", "updated_at") VALUES (274, 4, 19, 9, 'Jumat', '09:50', '10:05', '2026-07-21 10:44:12', '2026-07-21 10:44:12');
INSERT INTO "jadwal" ("id", "kelas_id", "mapel_id", "guru_id", "hari", "jam_mulai", "jam_selesai", "created_at", "updated_at") VALUES (275, 4, 3, 6, 'Jumat', '10:05', '10:45', '2026-07-21 10:44:12', '2026-07-21 10:44:12');
INSERT INTO "jadwal" ("id", "kelas_id", "mapel_id", "guru_id", "hari", "jam_mulai", "jam_selesai", "created_at", "updated_at") VALUES (276, 4, 3, 6, 'Jumat', '10:45', '11:15', '2026-07-21 10:44:12', '2026-07-21 10:44:12');
INSERT INTO "jadwal" ("id", "kelas_id", "mapel_id", "guru_id", "hari", "jam_mulai", "jam_selesai", "created_at", "updated_at") VALUES (277, 4, 20, 9, 'Jumat', '11:15', '11:30', '2026-07-21 10:44:12', '2026-07-21 10:44:12');
INSERT INTO "jadwal" ("id", "kelas_id", "mapel_id", "guru_id", "hari", "jam_mulai", "jam_selesai", "created_at", "updated_at") VALUES (278, 4, 19, 9, 'Jumat', '11:30', '13:00', '2026-07-21 10:44:12', '2026-07-21 10:44:12');
INSERT INTO "jadwal" ("id", "kelas_id", "mapel_id", "guru_id", "hari", "jam_mulai", "jam_selesai", "created_at", "updated_at") VALUES (279, 4, 4, 3, 'Jumat', '13:00', '13:40', '2026-07-21 10:44:12', '2026-07-21 10:44:12');
INSERT INTO "jadwal" ("id", "kelas_id", "mapel_id", "guru_id", "hari", "jam_mulai", "jam_selesai", "created_at", "updated_at") VALUES (280, 4, 4, 3, 'Jumat', '13:40', '14:20', '2026-07-21 10:44:12', '2026-07-21 10:44:12');
INSERT INTO "jadwal" ("id", "kelas_id", "mapel_id", "guru_id", "hari", "jam_mulai", "jam_selesai", "created_at", "updated_at") VALUES (281, 5, 27, 9, 'Senin', '07:00', '07:30', '2026-07-21 10:44:12', '2026-07-21 10:44:12');
INSERT INTO "jadwal" ("id", "kelas_id", "mapel_id", "guru_id", "hari", "jam_mulai", "jam_selesai", "created_at", "updated_at") VALUES (282, 5, 22, 9, 'Senin', '07:30', '08:15', '2026-07-21 10:44:12', '2026-07-21 10:44:12');
INSERT INTO "jadwal" ("id", "kelas_id", "mapel_id", "guru_id", "hari", "jam_mulai", "jam_selesai", "created_at", "updated_at") VALUES (283, 5, 8, 4, 'Senin', '08:15', '08:55', '2026-07-21 10:44:12', '2026-07-21 10:44:12');
INSERT INTO "jadwal" ("id", "kelas_id", "mapel_id", "guru_id", "hari", "jam_mulai", "jam_selesai", "created_at", "updated_at") VALUES (284, 5, 8, 4, 'Senin', '08:55', '09:35', '2026-07-21 10:44:12', '2026-07-21 10:44:12');
INSERT INTO "jadwal" ("id", "kelas_id", "mapel_id", "guru_id", "hari", "jam_mulai", "jam_selesai", "created_at", "updated_at") VALUES (285, 5, 19, 9, 'Senin', '09:35', '09:50', '2026-07-21 10:44:12', '2026-07-21 10:44:12');
INSERT INTO "jadwal" ("id", "kelas_id", "mapel_id", "guru_id", "hari", "jam_mulai", "jam_selesai", "created_at", "updated_at") VALUES (286, 5, 5, 2, 'Senin', '09:50', '10:30', '2026-07-21 10:44:12', '2026-07-21 10:44:12');
INSERT INTO "jadwal" ("id", "kelas_id", "mapel_id", "guru_id", "hari", "jam_mulai", "jam_selesai", "created_at", "updated_at") VALUES (287, 5, 5, 2, 'Senin', '10:30', '11:10', '2026-07-21 10:44:12', '2026-07-21 10:44:12');
INSERT INTO "jadwal" ("id", "kelas_id", "mapel_id", "guru_id", "hari", "jam_mulai", "jam_selesai", "created_at", "updated_at") VALUES (288, 5, 2, 3, 'Senin', '11:10', '11:50', '2026-07-21 10:44:12', '2026-07-21 10:44:12');
INSERT INTO "jadwal" ("id", "kelas_id", "mapel_id", "guru_id", "hari", "jam_mulai", "jam_selesai", "created_at", "updated_at") VALUES (289, 5, 20, 9, 'Senin', '11:50', '12:30', '2026-07-21 10:44:12', '2026-07-21 10:44:12');
INSERT INTO "jadwal" ("id", "kelas_id", "mapel_id", "guru_id", "hari", "jam_mulai", "jam_selesai", "created_at", "updated_at") VALUES (290, 5, 19, 9, 'Senin', '12:30', '13:00', '2026-07-21 10:44:12', '2026-07-21 10:44:12');
INSERT INTO "jadwal" ("id", "kelas_id", "mapel_id", "guru_id", "hari", "jam_mulai", "jam_selesai", "created_at", "updated_at") VALUES (291, 5, 2, 3, 'Senin', '13:00', '13:40', '2026-07-21 10:44:12', '2026-07-21 10:44:12');
INSERT INTO "jadwal" ("id", "kelas_id", "mapel_id", "guru_id", "hari", "jam_mulai", "jam_selesai", "created_at", "updated_at") VALUES (292, 5, 7, 8, 'Senin', '13:40', '14:20', '2026-07-21 10:44:12', '2026-07-21 10:44:12');
INSERT INTO "jadwal" ("id", "kelas_id", "mapel_id", "guru_id", "hari", "jam_mulai", "jam_selesai", "created_at", "updated_at") VALUES (293, 5, 7, 8, 'Senin', '14:20', '15:00', '2026-07-21 10:44:12', '2026-07-21 10:44:12');
INSERT INTO "jadwal" ("id", "kelas_id", "mapel_id", "guru_id", "hari", "jam_mulai", "jam_selesai", "created_at", "updated_at") VALUES (294, 5, 17, 3, 'Senin', '15:00', '15:20', '2026-07-21 10:44:12', '2026-07-21 10:44:12');
INSERT INTO "jadwal" ("id", "kelas_id", "mapel_id", "guru_id", "hari", "jam_mulai", "jam_selesai", "created_at", "updated_at") VALUES (295, 5, 21, 9, 'Senin', '15:20', '15:30', '2026-07-21 10:44:12', '2026-07-21 10:44:12');
INSERT INTO "jadwal" ("id", "kelas_id", "mapel_id", "guru_id", "hari", "jam_mulai", "jam_selesai", "created_at", "updated_at") VALUES (296, 5, 27, 9, 'Selasa', '07:00', '07:30', '2026-07-21 10:44:12', '2026-07-21 10:44:12');
INSERT INTO "jadwal" ("id", "kelas_id", "mapel_id", "guru_id", "hari", "jam_mulai", "jam_selesai", "created_at", "updated_at") VALUES (297, 5, 4, 3, 'Selasa', '07:30', '08:10', '2026-07-21 10:44:12', '2026-07-21 10:44:12');
INSERT INTO "jadwal" ("id", "kelas_id", "mapel_id", "guru_id", "hari", "jam_mulai", "jam_selesai", "created_at", "updated_at") VALUES (298, 5, 4, 3, 'Selasa', '08:10', '08:50', '2026-07-21 10:44:12', '2026-07-21 10:44:12');
INSERT INTO "jadwal" ("id", "kelas_id", "mapel_id", "guru_id", "hari", "jam_mulai", "jam_selesai", "created_at", "updated_at") VALUES (299, 5, 19, 9, 'Selasa', '08:50', '09:05', '2026-07-21 10:44:12', '2026-07-21 10:44:12');
INSERT INTO "jadwal" ("id", "kelas_id", "mapel_id", "guru_id", "hari", "jam_mulai", "jam_selesai", "created_at", "updated_at") VALUES (300, 5, 1, 7, 'Selasa', '09:05', '09:45', '2026-07-21 10:44:12', '2026-07-21 10:44:12');
INSERT INTO "jadwal" ("id", "kelas_id", "mapel_id", "guru_id", "hari", "jam_mulai", "jam_selesai", "created_at", "updated_at") VALUES (301, 5, 1, 7, 'Selasa', '09:45', '10:25', '2026-07-21 10:44:12', '2026-07-21 10:44:12');
INSERT INTO "jadwal" ("id", "kelas_id", "mapel_id", "guru_id", "hari", "jam_mulai", "jam_selesai", "created_at", "updated_at") VALUES (302, 5, 3, 6, 'Selasa', '10:25', '11:05', '2026-07-21 10:44:12', '2026-07-21 10:44:12');
INSERT INTO "jadwal" ("id", "kelas_id", "mapel_id", "guru_id", "hari", "jam_mulai", "jam_selesai", "created_at", "updated_at") VALUES (303, 5, 6, 9, 'Selasa', '11:05', '11:45', '2026-07-21 10:44:12', '2026-07-21 10:44:12');
INSERT INTO "jadwal" ("id", "kelas_id", "mapel_id", "guru_id", "hari", "jam_mulai", "jam_selesai", "created_at", "updated_at") VALUES (304, 5, 20, 9, 'Selasa', '11:45', '12:30', '2026-07-21 10:44:12', '2026-07-21 10:44:12');
INSERT INTO "jadwal" ("id", "kelas_id", "mapel_id", "guru_id", "hari", "jam_mulai", "jam_selesai", "created_at", "updated_at") VALUES (305, 5, 19, 9, 'Selasa', '12:30', '13:00', '2026-07-21 10:44:12', '2026-07-21 10:44:12');
INSERT INTO "jadwal" ("id", "kelas_id", "mapel_id", "guru_id", "hari", "jam_mulai", "jam_selesai", "created_at", "updated_at") VALUES (306, 5, 6, 9, 'Selasa', '13:00', '13:40', '2026-07-21 10:44:12', '2026-07-21 10:44:12');
INSERT INTO "jadwal" ("id", "kelas_id", "mapel_id", "guru_id", "hari", "jam_mulai", "jam_selesai", "created_at", "updated_at") VALUES (307, 5, 8, 4, 'Selasa', '13:40', '14:20', '2026-07-21 10:44:12', '2026-07-21 10:44:12');
INSERT INTO "jadwal" ("id", "kelas_id", "mapel_id", "guru_id", "hari", "jam_mulai", "jam_selesai", "created_at", "updated_at") VALUES (308, 5, 8, 4, 'Selasa', '14:20', '15:00', '2026-07-21 10:44:12', '2026-07-21 10:44:12');
INSERT INTO "jadwal" ("id", "kelas_id", "mapel_id", "guru_id", "hari", "jam_mulai", "jam_selesai", "created_at", "updated_at") VALUES (309, 5, 17, 3, 'Selasa', '15:00', '15:20', '2026-07-21 10:44:12', '2026-07-21 10:44:12');
INSERT INTO "jadwal" ("id", "kelas_id", "mapel_id", "guru_id", "hari", "jam_mulai", "jam_selesai", "created_at", "updated_at") VALUES (310, 5, 21, 9, 'Selasa', '15:20', '15:30', '2026-07-21 10:44:12', '2026-07-21 10:44:12');
INSERT INTO "jadwal" ("id", "kelas_id", "mapel_id", "guru_id", "hari", "jam_mulai", "jam_selesai", "created_at", "updated_at") VALUES (311, 5, 27, 9, 'Rabu', '07:00', '07:30', '2026-07-21 10:44:12', '2026-07-21 10:44:12');
INSERT INTO "jadwal" ("id", "kelas_id", "mapel_id", "guru_id", "hari", "jam_mulai", "jam_selesai", "created_at", "updated_at") VALUES (312, 5, 18, 9, 'Rabu', '07:30', '09:00', '2026-07-21 10:44:12', '2026-07-21 10:44:12');
INSERT INTO "jadwal" ("id", "kelas_id", "mapel_id", "guru_id", "hari", "jam_mulai", "jam_selesai", "created_at", "updated_at") VALUES (313, 5, 19, 9, 'Rabu', '09:00', '09:15', '2026-07-21 10:44:12', '2026-07-21 10:44:12');
INSERT INTO "jadwal" ("id", "kelas_id", "mapel_id", "guru_id", "hari", "jam_mulai", "jam_selesai", "created_at", "updated_at") VALUES (314, 5, 3, 6, 'Rabu', '09:15', '09:55', '2026-07-21 10:44:12', '2026-07-21 10:44:12');
INSERT INTO "jadwal" ("id", "kelas_id", "mapel_id", "guru_id", "hari", "jam_mulai", "jam_selesai", "created_at", "updated_at") VALUES (315, 5, 3, 6, 'Rabu', '09:55', '10:35', '2026-07-21 10:44:12', '2026-07-21 10:44:12');
INSERT INTO "jadwal" ("id", "kelas_id", "mapel_id", "guru_id", "hari", "jam_mulai", "jam_selesai", "created_at", "updated_at") VALUES (316, 5, 8, 4, 'Rabu', '10:35', '11:15', '2026-07-21 10:44:12', '2026-07-21 10:44:12');
INSERT INTO "jadwal" ("id", "kelas_id", "mapel_id", "guru_id", "hari", "jam_mulai", "jam_selesai", "created_at", "updated_at") VALUES (317, 5, 8, 4, 'Rabu', '11:15', '11:55', '2026-07-21 10:44:12', '2026-07-21 10:44:12');
INSERT INTO "jadwal" ("id", "kelas_id", "mapel_id", "guru_id", "hari", "jam_mulai", "jam_selesai", "created_at", "updated_at") VALUES (318, 5, 20, 9, 'Rabu', '11:55', '12:30', '2026-07-21 10:44:12', '2026-07-21 10:44:12');
INSERT INTO "jadwal" ("id", "kelas_id", "mapel_id", "guru_id", "hari", "jam_mulai", "jam_selesai", "created_at", "updated_at") VALUES (319, 5, 19, 9, 'Rabu', '12:30', '13:00', '2026-07-21 10:44:12', '2026-07-21 10:44:12');
INSERT INTO "jadwal" ("id", "kelas_id", "mapel_id", "guru_id", "hari", "jam_mulai", "jam_selesai", "created_at", "updated_at") VALUES (320, 5, 14, 1, 'Rabu', '13:00', '13:40', '2026-07-21 10:44:12', '2026-07-21 10:44:12');
INSERT INTO "jadwal" ("id", "kelas_id", "mapel_id", "guru_id", "hari", "jam_mulai", "jam_selesai", "created_at", "updated_at") VALUES (321, 5, 11, 2, 'Rabu', '13:40', '14:20', '2026-07-21 10:44:12', '2026-07-21 10:44:12');
INSERT INTO "jadwal" ("id", "kelas_id", "mapel_id", "guru_id", "hari", "jam_mulai", "jam_selesai", "created_at", "updated_at") VALUES (322, 5, 11, 2, 'Rabu', '14:20', '15:00', '2026-07-21 10:44:12', '2026-07-21 10:44:12');
INSERT INTO "jadwal" ("id", "kelas_id", "mapel_id", "guru_id", "hari", "jam_mulai", "jam_selesai", "created_at", "updated_at") VALUES (323, 5, 17, 3, 'Rabu', '15:00', '15:20', '2026-07-21 10:44:12', '2026-07-21 10:44:12');
INSERT INTO "jadwal" ("id", "kelas_id", "mapel_id", "guru_id", "hari", "jam_mulai", "jam_selesai", "created_at", "updated_at") VALUES (324, 5, 21, 9, 'Rabu', '15:20', '15:30', '2026-07-21 10:44:12', '2026-07-21 10:44:12');
INSERT INTO "jadwal" ("id", "kelas_id", "mapel_id", "guru_id", "hari", "jam_mulai", "jam_selesai", "created_at", "updated_at") VALUES (325, 5, 27, 9, 'Kamis', '07:00', '07:30', '2026-07-21 10:44:12', '2026-07-21 10:44:12');
INSERT INTO "jadwal" ("id", "kelas_id", "mapel_id", "guru_id", "hari", "jam_mulai", "jam_selesai", "created_at", "updated_at") VALUES (326, 5, 1, 7, 'Kamis', '07:30', '08:10', '2026-07-21 10:44:12', '2026-07-21 10:44:12');
INSERT INTO "jadwal" ("id", "kelas_id", "mapel_id", "guru_id", "hari", "jam_mulai", "jam_selesai", "created_at", "updated_at") VALUES (327, 5, 1, 7, 'Kamis', '08:10', '08:50', '2026-07-21 10:44:12', '2026-07-21 10:44:12');
INSERT INTO "jadwal" ("id", "kelas_id", "mapel_id", "guru_id", "hari", "jam_mulai", "jam_selesai", "created_at", "updated_at") VALUES (328, 5, 19, 9, 'Kamis', '08:50', '09:05', '2026-07-21 10:44:12', '2026-07-21 10:44:12');
INSERT INTO "jadwal" ("id", "kelas_id", "mapel_id", "guru_id", "hari", "jam_mulai", "jam_selesai", "created_at", "updated_at") VALUES (329, 5, 2, 3, 'Kamis', '09:05', '09:45', '2026-07-21 10:44:12', '2026-07-21 10:44:12');
INSERT INTO "jadwal" ("id", "kelas_id", "mapel_id", "guru_id", "hari", "jam_mulai", "jam_selesai", "created_at", "updated_at") VALUES (330, 5, 2, 3, 'Kamis', '09:45', '10:25', '2026-07-21 10:44:12', '2026-07-21 10:44:12');
INSERT INTO "jadwal" ("id", "kelas_id", "mapel_id", "guru_id", "hari", "jam_mulai", "jam_selesai", "created_at", "updated_at") VALUES (331, 5, 3, 6, 'Kamis', '10:25', '11:05', '2026-07-21 10:44:12', '2026-07-21 10:44:12');
INSERT INTO "jadwal" ("id", "kelas_id", "mapel_id", "guru_id", "hari", "jam_mulai", "jam_selesai", "created_at", "updated_at") VALUES (332, 5, 8, 4, 'Kamis', '11:05', '11:45', '2026-07-21 10:44:12', '2026-07-21 10:44:12');
INSERT INTO "jadwal" ("id", "kelas_id", "mapel_id", "guru_id", "hari", "jam_mulai", "jam_selesai", "created_at", "updated_at") VALUES (333, 5, 20, 9, 'Kamis', '11:45', '12:30', '2026-07-21 10:44:12', '2026-07-21 10:44:12');
INSERT INTO "jadwal" ("id", "kelas_id", "mapel_id", "guru_id", "hari", "jam_mulai", "jam_selesai", "created_at", "updated_at") VALUES (334, 5, 19, 9, 'Kamis', '12:30', '13:00', '2026-07-21 10:44:12', '2026-07-21 10:44:12');
INSERT INTO "jadwal" ("id", "kelas_id", "mapel_id", "guru_id", "hari", "jam_mulai", "jam_selesai", "created_at", "updated_at") VALUES (335, 5, 8, 4, 'Kamis', '13:00', '13:40', '2026-07-21 10:44:12', '2026-07-21 10:44:12');
INSERT INTO "jadwal" ("id", "kelas_id", "mapel_id", "guru_id", "hari", "jam_mulai", "jam_selesai", "created_at", "updated_at") VALUES (336, 5, 15, 1, 'Kamis', '13:40', '14:20', '2026-07-21 10:44:12', '2026-07-21 10:44:12');
INSERT INTO "jadwal" ("id", "kelas_id", "mapel_id", "guru_id", "hari", "jam_mulai", "jam_selesai", "created_at", "updated_at") VALUES (337, 5, 15, 1, 'Kamis', '14:20', '15:00', '2026-07-21 10:44:12', '2026-07-21 10:44:12');
INSERT INTO "jadwal" ("id", "kelas_id", "mapel_id", "guru_id", "hari", "jam_mulai", "jam_selesai", "created_at", "updated_at") VALUES (338, 5, 17, 3, 'Kamis', '15:00', '15:20', '2026-07-21 10:44:12', '2026-07-21 10:44:12');
INSERT INTO "jadwal" ("id", "kelas_id", "mapel_id", "guru_id", "hari", "jam_mulai", "jam_selesai", "created_at", "updated_at") VALUES (339, 5, 21, 9, 'Kamis', '15:20', '15:30', '2026-07-21 10:44:12', '2026-07-21 10:44:12');
INSERT INTO "jadwal" ("id", "kelas_id", "mapel_id", "guru_id", "hari", "jam_mulai", "jam_selesai", "created_at", "updated_at") VALUES (340, 5, 27, 9, 'Jumat', '07:00', '07:30', '2026-07-21 10:44:12', '2026-07-21 10:44:12');
INSERT INTO "jadwal" ("id", "kelas_id", "mapel_id", "guru_id", "hari", "jam_mulai", "jam_selesai", "created_at", "updated_at") VALUES (341, 5, 16, 9, 'Jumat', '07:30', '08:30', '2026-07-21 10:44:12', '2026-07-21 10:44:12');
INSERT INTO "jadwal" ("id", "kelas_id", "mapel_id", "guru_id", "hari", "jam_mulai", "jam_selesai", "created_at", "updated_at") VALUES (342, 5, 3, 6, 'Jumat', '08:30', '09:10', '2026-07-21 10:44:12', '2026-07-21 10:44:12');
INSERT INTO "jadwal" ("id", "kelas_id", "mapel_id", "guru_id", "hari", "jam_mulai", "jam_selesai", "created_at", "updated_at") VALUES (343, 5, 3, 6, 'Jumat', '09:10', '09:50', '2026-07-21 10:44:12', '2026-07-21 10:44:12');
INSERT INTO "jadwal" ("id", "kelas_id", "mapel_id", "guru_id", "hari", "jam_mulai", "jam_selesai", "created_at", "updated_at") VALUES (344, 5, 19, 9, 'Jumat', '09:50', '10:05', '2026-07-21 10:44:12', '2026-07-21 10:44:12');
INSERT INTO "jadwal" ("id", "kelas_id", "mapel_id", "guru_id", "hari", "jam_mulai", "jam_selesai", "created_at", "updated_at") VALUES (345, 5, 12, 2, 'Jumat', '10:05', '10:45', '2026-07-21 10:44:12', '2026-07-21 10:44:12');
INSERT INTO "jadwal" ("id", "kelas_id", "mapel_id", "guru_id", "hari", "jam_mulai", "jam_selesai", "created_at", "updated_at") VALUES (346, 5, 12, 2, 'Jumat', '10:45', '11:15', '2026-07-21 10:44:12', '2026-07-21 10:44:12');
INSERT INTO "jadwal" ("id", "kelas_id", "mapel_id", "guru_id", "hari", "jam_mulai", "jam_selesai", "created_at", "updated_at") VALUES (347, 5, 20, 9, 'Jumat', '11:15', '11:30', '2026-07-21 10:44:12', '2026-07-21 10:44:12');
INSERT INTO "jadwal" ("id", "kelas_id", "mapel_id", "guru_id", "hari", "jam_mulai", "jam_selesai", "created_at", "updated_at") VALUES (348, 5, 19, 9, 'Jumat', '11:30', '13:00', '2026-07-21 10:44:12', '2026-07-21 10:44:12');
INSERT INTO "jadwal" ("id", "kelas_id", "mapel_id", "guru_id", "hari", "jam_mulai", "jam_selesai", "created_at", "updated_at") VALUES (349, 5, 8, 4, 'Jumat', '13:00', '13:40', '2026-07-21 10:44:12', '2026-07-21 10:44:12');
INSERT INTO "jadwal" ("id", "kelas_id", "mapel_id", "guru_id", "hari", "jam_mulai", "jam_selesai", "created_at", "updated_at") VALUES (350, 5, 8, 4, 'Jumat', '13:40', '14:20', '2026-07-21 10:44:12', '2026-07-21 10:44:12');

DROP TABLE IF EXISTS "job_batches";
CREATE TABLE "job_batches" ("id" varchar not null, "name" varchar not null, "total_jobs" integer not null, "pending_jobs" integer not null, "failed_jobs" integer not null, "failed_job_ids" text not null, "options" text, "cancelled_at" integer, "created_at" integer not null, "finished_at" integer, primary key ("id"));

DROP TABLE IF EXISTS "jobs";
CREATE TABLE "jobs" ("id" integer primary key autoincrement not null, "queue" varchar not null, "payload" text not null, "attempts" integer not null, "reserved_at" integer, "available_at" integer not null, "created_at" integer not null);

DROP TABLE IF EXISTS "kehadiran";
CREATE TABLE "kehadiran" ("id" integer primary key autoincrement not null, "siswa_id" integer not null, "tanggal" date not null, "status" varchar check ("status" in ('hadir', 'sakit', 'izin', 'alpha')) not null, "keterangan" text, "created_at" datetime, "updated_at" datetime, foreign key("siswa_id") references "siswa"("id") on delete cascade);
INSERT INTO "kehadiran" ("id", "siswa_id", "tanggal", "status", "keterangan", "created_at", "updated_at") VALUES (1, 1, '2026-03-02', 'hadir', NULL, '2026-07-21 10:44:14', '2026-07-21 10:44:14');
INSERT INTO "kehadiran" ("id", "siswa_id", "tanggal", "status", "keterangan", "created_at", "updated_at") VALUES (2, 2, '2026-03-02', 'hadir', NULL, '2026-07-21 10:44:14', '2026-07-21 10:44:14');
INSERT INTO "kehadiran" ("id", "siswa_id", "tanggal", "status", "keterangan", "created_at", "updated_at") VALUES (3, 3, '2026-03-02', 'hadir', NULL, '2026-07-21 10:44:14', '2026-07-21 10:44:14');
INSERT INTO "kehadiran" ("id", "siswa_id", "tanggal", "status", "keterangan", "created_at", "updated_at") VALUES (4, 4, '2026-03-02', 'alpha', NULL, '2026-07-21 10:44:14', '2026-07-21 10:44:14');
INSERT INTO "kehadiran" ("id", "siswa_id", "tanggal", "status", "keterangan", "created_at", "updated_at") VALUES (5, 5, '2026-03-02', 'hadir', NULL, '2026-07-21 10:44:14', '2026-07-21 10:44:14');
INSERT INTO "kehadiran" ("id", "siswa_id", "tanggal", "status", "keterangan", "created_at", "updated_at") VALUES (6, 6, '2026-03-02', 'hadir', NULL, '2026-07-21 10:44:14', '2026-07-21 10:44:14');
INSERT INTO "kehadiran" ("id", "siswa_id", "tanggal", "status", "keterangan", "created_at", "updated_at") VALUES (7, 7, '2026-03-02', 'izin', NULL, '2026-07-21 10:44:14', '2026-07-21 10:44:14');
INSERT INTO "kehadiran" ("id", "siswa_id", "tanggal", "status", "keterangan", "created_at", "updated_at") VALUES (8, 8, '2026-03-02', 'hadir', NULL, '2026-07-21 10:44:14', '2026-07-21 10:44:14');
INSERT INTO "kehadiran" ("id", "siswa_id", "tanggal", "status", "keterangan", "created_at", "updated_at") VALUES (9, 9, '2026-03-02', 'hadir', NULL, '2026-07-21 10:44:14', '2026-07-21 10:44:14');
INSERT INTO "kehadiran" ("id", "siswa_id", "tanggal", "status", "keterangan", "created_at", "updated_at") VALUES (10, 10, '2026-03-02', 'hadir', NULL, '2026-07-21 10:44:14', '2026-07-21 10:44:14');
INSERT INTO "kehadiran" ("id", "siswa_id", "tanggal", "status", "keterangan", "created_at", "updated_at") VALUES (11, 1, '2026-03-03', 'alpha', NULL, '2026-07-21 10:44:14', '2026-07-21 10:44:14');
INSERT INTO "kehadiran" ("id", "siswa_id", "tanggal", "status", "keterangan", "created_at", "updated_at") VALUES (12, 2, '2026-03-03', 'hadir', NULL, '2026-07-21 10:44:14', '2026-07-21 10:44:14');
INSERT INTO "kehadiran" ("id", "siswa_id", "tanggal", "status", "keterangan", "created_at", "updated_at") VALUES (13, 3, '2026-03-03', 'hadir', NULL, '2026-07-21 10:44:14', '2026-07-21 10:44:14');
INSERT INTO "kehadiran" ("id", "siswa_id", "tanggal", "status", "keterangan", "created_at", "updated_at") VALUES (14, 4, '2026-03-03', 'hadir', NULL, '2026-07-21 10:44:14', '2026-07-21 10:44:14');
INSERT INTO "kehadiran" ("id", "siswa_id", "tanggal", "status", "keterangan", "created_at", "updated_at") VALUES (15, 5, '2026-03-03', 'hadir', NULL, '2026-07-21 10:44:14', '2026-07-21 10:44:14');
INSERT INTO "kehadiran" ("id", "siswa_id", "tanggal", "status", "keterangan", "created_at", "updated_at") VALUES (16, 6, '2026-03-03', 'hadir', NULL, '2026-07-21 10:44:14', '2026-07-21 10:44:14');
INSERT INTO "kehadiran" ("id", "siswa_id", "tanggal", "status", "keterangan", "created_at", "updated_at") VALUES (17, 7, '2026-03-03', 'hadir', NULL, '2026-07-21 10:44:14', '2026-07-21 10:44:14');
INSERT INTO "kehadiran" ("id", "siswa_id", "tanggal", "status", "keterangan", "created_at", "updated_at") VALUES (18, 8, '2026-03-03', 'hadir', NULL, '2026-07-21 10:44:14', '2026-07-21 10:44:14');
INSERT INTO "kehadiran" ("id", "siswa_id", "tanggal", "status", "keterangan", "created_at", "updated_at") VALUES (19, 9, '2026-03-03', 'hadir', NULL, '2026-07-21 10:44:14', '2026-07-21 10:44:14');
INSERT INTO "kehadiran" ("id", "siswa_id", "tanggal", "status", "keterangan", "created_at", "updated_at") VALUES (20, 10, '2026-03-03', 'hadir', NULL, '2026-07-21 10:44:14', '2026-07-21 10:44:14');
INSERT INTO "kehadiran" ("id", "siswa_id", "tanggal", "status", "keterangan", "created_at", "updated_at") VALUES (21, 1, '2026-03-04', 'hadir', NULL, '2026-07-21 10:44:14', '2026-07-21 10:44:14');
INSERT INTO "kehadiran" ("id", "siswa_id", "tanggal", "status", "keterangan", "created_at", "updated_at") VALUES (22, 2, '2026-03-04', 'hadir', NULL, '2026-07-21 10:44:14', '2026-07-21 10:44:14');
INSERT INTO "kehadiran" ("id", "siswa_id", "tanggal", "status", "keterangan", "created_at", "updated_at") VALUES (23, 3, '2026-03-04', 'hadir', NULL, '2026-07-21 10:44:14', '2026-07-21 10:44:14');
INSERT INTO "kehadiran" ("id", "siswa_id", "tanggal", "status", "keterangan", "created_at", "updated_at") VALUES (24, 4, '2026-03-04', 'hadir', NULL, '2026-07-21 10:44:14', '2026-07-21 10:44:14');
INSERT INTO "kehadiran" ("id", "siswa_id", "tanggal", "status", "keterangan", "created_at", "updated_at") VALUES (25, 5, '2026-03-04', 'hadir', NULL, '2026-07-21 10:44:14', '2026-07-21 10:44:14');
INSERT INTO "kehadiran" ("id", "siswa_id", "tanggal", "status", "keterangan", "created_at", "updated_at") VALUES (26, 6, '2026-03-04', 'hadir', NULL, '2026-07-21 10:44:14', '2026-07-21 10:44:14');
INSERT INTO "kehadiran" ("id", "siswa_id", "tanggal", "status", "keterangan", "created_at", "updated_at") VALUES (27, 7, '2026-03-04', 'hadir', NULL, '2026-07-21 10:44:14', '2026-07-21 10:44:14');
INSERT INTO "kehadiran" ("id", "siswa_id", "tanggal", "status", "keterangan", "created_at", "updated_at") VALUES (28, 8, '2026-03-04', 'hadir', NULL, '2026-07-21 10:44:14', '2026-07-21 10:44:14');
INSERT INTO "kehadiran" ("id", "siswa_id", "tanggal", "status", "keterangan", "created_at", "updated_at") VALUES (29, 9, '2026-03-04', 'hadir', NULL, '2026-07-21 10:44:14', '2026-07-21 10:44:14');
INSERT INTO "kehadiran" ("id", "siswa_id", "tanggal", "status", "keterangan", "created_at", "updated_at") VALUES (30, 10, '2026-03-04', 'hadir', NULL, '2026-07-21 10:44:14', '2026-07-21 10:44:14');
INSERT INTO "kehadiran" ("id", "siswa_id", "tanggal", "status", "keterangan", "created_at", "updated_at") VALUES (31, 1, '2026-03-05', 'alpha', NULL, '2026-07-21 10:44:14', '2026-07-21 10:44:14');
INSERT INTO "kehadiran" ("id", "siswa_id", "tanggal", "status", "keterangan", "created_at", "updated_at") VALUES (32, 2, '2026-03-05', 'hadir', NULL, '2026-07-21 10:44:14', '2026-07-21 10:44:14');
INSERT INTO "kehadiran" ("id", "siswa_id", "tanggal", "status", "keterangan", "created_at", "updated_at") VALUES (33, 3, '2026-03-05', 'hadir', NULL, '2026-07-21 10:44:14', '2026-07-21 10:44:14');
INSERT INTO "kehadiran" ("id", "siswa_id", "tanggal", "status", "keterangan", "created_at", "updated_at") VALUES (34, 4, '2026-03-05', 'hadir', NULL, '2026-07-21 10:44:14', '2026-07-21 10:44:14');
INSERT INTO "kehadiran" ("id", "siswa_id", "tanggal", "status", "keterangan", "created_at", "updated_at") VALUES (35, 5, '2026-03-05', 'hadir', NULL, '2026-07-21 10:44:14', '2026-07-21 10:44:14');
INSERT INTO "kehadiran" ("id", "siswa_id", "tanggal", "status", "keterangan", "created_at", "updated_at") VALUES (36, 6, '2026-03-05', 'hadir', NULL, '2026-07-21 10:44:14', '2026-07-21 10:44:14');
INSERT INTO "kehadiran" ("id", "siswa_id", "tanggal", "status", "keterangan", "created_at", "updated_at") VALUES (37, 7, '2026-03-05', 'alpha', NULL, '2026-07-21 10:44:14', '2026-07-21 10:44:14');
INSERT INTO "kehadiran" ("id", "siswa_id", "tanggal", "status", "keterangan", "created_at", "updated_at") VALUES (38, 8, '2026-03-05', 'hadir', NULL, '2026-07-21 10:44:14', '2026-07-21 10:44:14');
INSERT INTO "kehadiran" ("id", "siswa_id", "tanggal", "status", "keterangan", "created_at", "updated_at") VALUES (39, 9, '2026-03-05', 'hadir', NULL, '2026-07-21 10:44:14', '2026-07-21 10:44:14');
INSERT INTO "kehadiran" ("id", "siswa_id", "tanggal", "status", "keterangan", "created_at", "updated_at") VALUES (40, 10, '2026-03-05', 'hadir', NULL, '2026-07-21 10:44:14', '2026-07-21 10:44:14');
INSERT INTO "kehadiran" ("id", "siswa_id", "tanggal", "status", "keterangan", "created_at", "updated_at") VALUES (41, 1, '2026-03-06', 'hadir', NULL, '2026-07-21 10:44:14', '2026-07-21 10:44:14');
INSERT INTO "kehadiran" ("id", "siswa_id", "tanggal", "status", "keterangan", "created_at", "updated_at") VALUES (42, 2, '2026-03-06', 'hadir', NULL, '2026-07-21 10:44:14', '2026-07-21 10:44:14');
INSERT INTO "kehadiran" ("id", "siswa_id", "tanggal", "status", "keterangan", "created_at", "updated_at") VALUES (43, 3, '2026-03-06', 'sakit', NULL, '2026-07-21 10:44:14', '2026-07-21 10:44:14');
INSERT INTO "kehadiran" ("id", "siswa_id", "tanggal", "status", "keterangan", "created_at", "updated_at") VALUES (44, 4, '2026-03-06', 'hadir', NULL, '2026-07-21 10:44:14', '2026-07-21 10:44:14');
INSERT INTO "kehadiran" ("id", "siswa_id", "tanggal", "status", "keterangan", "created_at", "updated_at") VALUES (45, 5, '2026-03-06', 'hadir', NULL, '2026-07-21 10:44:14', '2026-07-21 10:44:14');
INSERT INTO "kehadiran" ("id", "siswa_id", "tanggal", "status", "keterangan", "created_at", "updated_at") VALUES (46, 6, '2026-03-06', 'hadir', NULL, '2026-07-21 10:44:14', '2026-07-21 10:44:14');
INSERT INTO "kehadiran" ("id", "siswa_id", "tanggal", "status", "keterangan", "created_at", "updated_at") VALUES (47, 7, '2026-03-06', 'hadir', NULL, '2026-07-21 10:44:14', '2026-07-21 10:44:14');
INSERT INTO "kehadiran" ("id", "siswa_id", "tanggal", "status", "keterangan", "created_at", "updated_at") VALUES (48, 8, '2026-03-06', 'alpha', NULL, '2026-07-21 10:44:14', '2026-07-21 10:44:14');
INSERT INTO "kehadiran" ("id", "siswa_id", "tanggal", "status", "keterangan", "created_at", "updated_at") VALUES (49, 9, '2026-03-06', 'hadir', NULL, '2026-07-21 10:44:14', '2026-07-21 10:44:14');
INSERT INTO "kehadiran" ("id", "siswa_id", "tanggal", "status", "keterangan", "created_at", "updated_at") VALUES (50, 10, '2026-03-06', 'hadir', NULL, '2026-07-21 10:44:14', '2026-07-21 10:44:14');
INSERT INTO "kehadiran" ("id", "siswa_id", "tanggal", "status", "keterangan", "created_at", "updated_at") VALUES (51, 1, '2026-03-09', 'hadir', NULL, '2026-07-21 10:44:14', '2026-07-21 10:44:14');
INSERT INTO "kehadiran" ("id", "siswa_id", "tanggal", "status", "keterangan", "created_at", "updated_at") VALUES (52, 2, '2026-03-09', 'izin', NULL, '2026-07-21 10:44:14', '2026-07-21 10:44:14');
INSERT INTO "kehadiran" ("id", "siswa_id", "tanggal", "status", "keterangan", "created_at", "updated_at") VALUES (53, 3, '2026-03-09', 'hadir', NULL, '2026-07-21 10:44:14', '2026-07-21 10:44:14');
INSERT INTO "kehadiran" ("id", "siswa_id", "tanggal", "status", "keterangan", "created_at", "updated_at") VALUES (54, 4, '2026-03-09', 'hadir', NULL, '2026-07-21 10:44:14', '2026-07-21 10:44:14');
INSERT INTO "kehadiran" ("id", "siswa_id", "tanggal", "status", "keterangan", "created_at", "updated_at") VALUES (55, 5, '2026-03-09', 'hadir', NULL, '2026-07-21 10:44:14', '2026-07-21 10:44:14');
INSERT INTO "kehadiran" ("id", "siswa_id", "tanggal", "status", "keterangan", "created_at", "updated_at") VALUES (56, 6, '2026-03-09', 'hadir', NULL, '2026-07-21 10:44:14', '2026-07-21 10:44:14');
INSERT INTO "kehadiran" ("id", "siswa_id", "tanggal", "status", "keterangan", "created_at", "updated_at") VALUES (57, 7, '2026-03-09', 'hadir', NULL, '2026-07-21 10:44:14', '2026-07-21 10:44:14');
INSERT INTO "kehadiran" ("id", "siswa_id", "tanggal", "status", "keterangan", "created_at", "updated_at") VALUES (58, 8, '2026-03-09', 'hadir', NULL, '2026-07-21 10:44:14', '2026-07-21 10:44:14');
INSERT INTO "kehadiran" ("id", "siswa_id", "tanggal", "status", "keterangan", "created_at", "updated_at") VALUES (59, 9, '2026-03-09', 'hadir', NULL, '2026-07-21 10:44:14', '2026-07-21 10:44:14');
INSERT INTO "kehadiran" ("id", "siswa_id", "tanggal", "status", "keterangan", "created_at", "updated_at") VALUES (60, 10, '2026-03-09', 'hadir', NULL, '2026-07-21 10:44:14', '2026-07-21 10:44:14');
INSERT INTO "kehadiran" ("id", "siswa_id", "tanggal", "status", "keterangan", "created_at", "updated_at") VALUES (61, 1, '2026-03-10', 'hadir', NULL, '2026-07-21 10:44:14', '2026-07-21 10:44:14');
INSERT INTO "kehadiran" ("id", "siswa_id", "tanggal", "status", "keterangan", "created_at", "updated_at") VALUES (62, 2, '2026-03-10', 'hadir', NULL, '2026-07-21 10:44:14', '2026-07-21 10:44:14');
INSERT INTO "kehadiran" ("id", "siswa_id", "tanggal", "status", "keterangan", "created_at", "updated_at") VALUES (63, 3, '2026-03-10', 'hadir', NULL, '2026-07-21 10:44:14', '2026-07-21 10:44:14');
INSERT INTO "kehadiran" ("id", "siswa_id", "tanggal", "status", "keterangan", "created_at", "updated_at") VALUES (64, 4, '2026-03-10', 'hadir', NULL, '2026-07-21 10:44:14', '2026-07-21 10:44:14');
INSERT INTO "kehadiran" ("id", "siswa_id", "tanggal", "status", "keterangan", "created_at", "updated_at") VALUES (65, 5, '2026-03-10', 'hadir', NULL, '2026-07-21 10:44:14', '2026-07-21 10:44:14');
INSERT INTO "kehadiran" ("id", "siswa_id", "tanggal", "status", "keterangan", "created_at", "updated_at") VALUES (66, 6, '2026-03-10', 'hadir', NULL, '2026-07-21 10:44:15', '2026-07-21 10:44:15');
INSERT INTO "kehadiran" ("id", "siswa_id", "tanggal", "status", "keterangan", "created_at", "updated_at") VALUES (67, 7, '2026-03-10', 'hadir', NULL, '2026-07-21 10:44:15', '2026-07-21 10:44:15');
INSERT INTO "kehadiran" ("id", "siswa_id", "tanggal", "status", "keterangan", "created_at", "updated_at") VALUES (68, 8, '2026-03-10', 'hadir', NULL, '2026-07-21 10:44:15', '2026-07-21 10:44:15');
INSERT INTO "kehadiran" ("id", "siswa_id", "tanggal", "status", "keterangan", "created_at", "updated_at") VALUES (69, 9, '2026-03-10', 'hadir', NULL, '2026-07-21 10:44:15', '2026-07-21 10:44:15');
INSERT INTO "kehadiran" ("id", "siswa_id", "tanggal", "status", "keterangan", "created_at", "updated_at") VALUES (70, 10, '2026-03-10', 'hadir', NULL, '2026-07-21 10:44:15', '2026-07-21 10:44:15');

DROP TABLE IF EXISTS "kehadiran_gurus";
CREATE TABLE "kehadiran_gurus" ("id" integer primary key autoincrement not null, "guru_id" integer not null, "tanggal" date not null, "waktu_masuk" time, "waktu_pulang" time, "status" varchar check ("status" in ('hadir', 'sakit', 'izin', 'alpha', 'belum_absen')) not null default 'belum_absen', "keterangan" text, "created_at" datetime, "updated_at" datetime, foreign key("guru_id") references "guru"("id") on delete cascade);

DROP TABLE IF EXISTS "kelas";
CREATE TABLE "kelas" ("id" integer primary key autoincrement not null, "kode_kelas" varchar not null, "nama_kelas" varchar not null, "jenjang" varchar not null, "created_at" datetime, "updated_at" datetime, "guru_id" integer, foreign key("guru_id") references "guru"("id") on delete set null);
INSERT INTO "kelas" ("id", "kode_kelas", "nama_kelas", "jenjang", "created_at", "updated_at", "guru_id") VALUES (1, '7', 'Abu Bakar Ar Razi', 'SMP', '2026-07-21 10:43:55', '2026-07-21 10:43:55', 5);
INSERT INTO "kelas" ("id", "kode_kelas", "nama_kelas", "jenjang", "created_at", "updated_at", "guru_id") VALUES (2, '8A', 'Ibnu Al Haytam', 'SMP', '2026-07-21 10:43:55', '2026-07-21 10:43:55', NULL);
INSERT INTO "kelas" ("id", "kode_kelas", "nama_kelas", "jenjang", "created_at", "updated_at", "guru_id") VALUES (3, '8B', 'Maryam Al Ijliyah', 'SMP', '2026-07-21 10:43:55', '2026-07-21 10:43:55', NULL);
INSERT INTO "kelas" ("id", "kode_kelas", "nama_kelas", "jenjang", "created_at", "updated_at", "guru_id") VALUES (4, '9A', 'Al Khawarizmi', 'SMP', '2026-07-21 10:43:55', '2026-07-21 10:43:55', NULL);
INSERT INTO "kelas" ("id", "kode_kelas", "nama_kelas", "jenjang", "created_at", "updated_at", "guru_id") VALUES (5, '9B', 'Fatimah Al Fihri', 'SMP', '2026-07-21 10:43:55', '2026-07-21 10:43:55', NULL);

DROP TABLE IF EXISTS "kelas_quran";
CREATE TABLE "kelas_quran" ("id" integer primary key autoincrement not null, "nama_kelas" varchar not null, "jenjang" varchar check ("jenjang" in ('SD', 'SMP')) not null, "kategori" varchar check ("kategori" in ('Ikhwan', 'Akhwat')) not null, "tingkat" varchar not null, "created_at" datetime, "updated_at" datetime);
INSERT INTO "kelas_quran" ("id", "nama_kelas", "jenjang", "kategori", "tingkat", "created_at", "updated_at") VALUES (1, 'Imam Nafi’ bin Abdurrahman', 'SMP', 'Ikhwan', 'Kelas 8-9', '2026-07-21 10:43:55', '2026-07-21 10:43:55');
INSERT INTO "kelas_quran" ("id", "nama_kelas", "jenjang", "kategori", "tingkat", "created_at", "updated_at") VALUES (2, 'Imam Abdullah bin Katsir', 'SMP', 'Ikhwan', 'Kelas 8-9', '2026-07-21 10:43:55', '2026-07-21 10:43:55');
INSERT INTO "kelas_quran" ("id", "nama_kelas", "jenjang", "kategori", "tingkat", "created_at", "updated_at") VALUES (3, 'Imam Ashim bin Abi Al-Najud', 'SMP', 'Ikhwan', 'Kelas 7', '2026-07-21 10:43:55', '2026-07-21 10:43:55');
INSERT INTO "kelas_quran" ("id", "nama_kelas", "jenjang", "kategori", "tingkat", "created_at", "updated_at") VALUES (4, 'Sutayta Al Mahamali', 'SMP', 'Akhwat', 'Kelas 8-9', '2026-07-21 10:43:55', '2026-07-21 10:43:55');
INSERT INTO "kelas_quran" ("id", "nama_kelas", "jenjang", "kategori", "tingkat", "created_at", "updated_at") VALUES (5, 'Zainab binti Ahmad', 'SMP', 'Akhwat', 'Kelas 8-9', '2026-07-21 10:43:55', '2026-07-21 10:43:55');
INSERT INTO "kelas_quran" ("id", "nama_kelas", "jenjang", "kategori", "tingkat", "created_at", "updated_at") VALUES (6, 'Bina Shaheen Siddiqui', 'SMP', 'Akhwat', 'Kelas 7', '2026-07-21 10:43:55', '2026-07-21 10:43:55');

DROP TABLE IF EXISTS "kondisi_kelas";
CREATE TABLE "kondisi_kelas" ("id" integer primary key autoincrement not null, "siswa_id" integer not null, "kelas_id" integer not null, "hubungan_guru_siswa" integer not null, "siswa_nyaman" integer not null, "siswa_minta_bantuan" integer not null, "tanggal" date not null, "created_at" datetime, "updated_at" datetime, foreign key("siswa_id") references "siswa"("id") on delete cascade, foreign key("kelas_id") references "kelas"("id") on delete cascade);

DROP TABLE IF EXISTS "kti_bimbingans";
CREATE TABLE "kti_bimbingans" ("id" integer primary key autoincrement not null, "siswa_id" integer not null, "bab" varchar check ("bab" in ('Bab 1', 'Bab 2', 'Bab 3', 'Bab 4', 'Bab 5', 'Draft Akhir')) not null, "file_draft" varchar not null, "catatan_siswa" text, "status" varchar check ("status" in ('pending', 'disetujui', 'revisi')) not null default 'pending', "catatan_guru" text, "created_at" datetime, "updated_at" datetime, foreign key("siswa_id") references "siswa"("id") on delete cascade);

DROP TABLE IF EXISTS "laporan_mengajars";
CREATE TABLE "laporan_mengajars" ("id" integer primary key autoincrement not null, "guru_id" integer not null, "tipe" varchar not null, "tanggal" date not null, "isi" text not null, "created_at" datetime, "updated_at" datetime, foreign key("guru_id") references guru("id") on delete cascade on update no action);

DROP TABLE IF EXISTS "log_aktivitas";
CREATE TABLE "log_aktivitas" ("id" integer primary key autoincrement not null, "user_id" integer, "tipe" varchar not null, "deskripsi" text not null, "status" varchar, "created_at" datetime, "updated_at" datetime, foreign key("user_id") references "users"("id"));
INSERT INTO "log_aktivitas" ("id", "user_id", "tipe", "deskripsi", "status", "created_at", "updated_at") VALUES (1, 79, 'User', 'Login admin dashboard', NULL, '2026-07-21 10:44:15', '2026-07-21 10:44:15');

DROP TABLE IF EXISTS "mapel";
CREATE TABLE "mapel" ("id" integer primary key autoincrement not null, "nama_mapel" varchar not null, "kode" varchar, "created_at" datetime, "updated_at" datetime);
INSERT INTO "mapel" ("id", "nama_mapel", "kode", "created_at", "updated_at") VALUES (1, 'Matematika', 'MTK', '2026-07-21 10:44:11', '2026-07-21 10:44:11');
INSERT INTO "mapel" ("id", "nama_mapel", "kode", "created_at", "updated_at") VALUES (2, 'Bahasa Indonesia', 'B.IND', '2026-07-21 10:44:11', '2026-07-21 10:44:11');
INSERT INTO "mapel" ("id", "nama_mapel", "kode", "created_at", "updated_at") VALUES (3, 'Bahasa Inggris', 'ING', '2026-07-21 10:44:11', '2026-07-21 10:44:11');
INSERT INTO "mapel" ("id", "nama_mapel", "kode", "created_at", "updated_at") VALUES (4, 'Bahasa Arab', 'ARB', '2026-07-21 10:44:11', '2026-07-21 10:44:11');
INSERT INTO "mapel" ("id", "nama_mapel", "kode", "created_at", "updated_at") VALUES (5, 'Ilmu Pengetahuan Alam', 'IPA', '2026-07-21 10:44:11', '2026-07-21 10:44:11');
INSERT INTO "mapel" ("id", "nama_mapel", "kode", "created_at", "updated_at") VALUES (6, 'Ilmu Pengetahuan Sosial', 'IPS', '2026-07-21 10:44:11', '2026-07-21 10:44:11');
INSERT INTO "mapel" ("id", "nama_mapel", "kode", "created_at", "updated_at") VALUES (7, 'Pendidikan Agama Islam', 'PAI', '2026-07-21 10:44:11', '2026-07-21 10:44:11');
INSERT INTO "mapel" ("id", "nama_mapel", "kode", "created_at", "updated_at") VALUES (8, 'Tahfidzul Qur''an', 'TAH', '2026-07-21 10:44:11', '2026-07-21 10:44:11');
INSERT INTO "mapel" ("id", "nama_mapel", "kode", "created_at", "updated_at") VALUES (9, 'Aqidah', 'AQD', '2026-07-21 10:44:11', '2026-07-21 10:44:11');
INSERT INTO "mapel" ("id", "nama_mapel", "kode", "created_at", "updated_at") VALUES (10, 'Fiqh', 'FQH', '2026-07-21 10:44:11', '2026-07-21 10:44:11');
INSERT INTO "mapel" ("id", "nama_mapel", "kode", "created_at", "updated_at") VALUES (11, 'PJOK', 'PJOK', '2026-07-21 10:44:11', '2026-07-21 10:44:11');
INSERT INTO "mapel" ("id", "nama_mapel", "kode", "created_at", "updated_at") VALUES (12, 'Teknologi Digital', 'TKD', '2026-07-21 10:44:11', '2026-07-21 10:44:11');
INSERT INTO "mapel" ("id", "nama_mapel", "kode", "created_at", "updated_at") VALUES (13, 'Project Based Learning', 'PBL', '2026-07-21 10:44:11', '2026-07-21 10:44:11');
INSERT INTO "mapel" ("id", "nama_mapel", "kode", "created_at", "updated_at") VALUES (14, 'Karya Tulis', 'KT', '2026-07-21 10:44:11', '2026-07-21 10:44:11');
INSERT INTO "mapel" ("id", "nama_mapel", "kode", "created_at", "updated_at") VALUES (15, 'Karya Tulis Ilmiah', 'KTI', '2026-07-21 10:44:11', '2026-07-21 10:44:11');
INSERT INTO "mapel" ("id", "nama_mapel", "kode", "created_at", "updated_at") VALUES (16, 'BPI', 'BPI', '2026-07-21 10:44:11', '2026-07-21 10:44:11');
INSERT INTO "mapel" ("id", "nama_mapel", "kode", "created_at", "updated_at") VALUES (17, 'Baca Tulis Quran', 'BTQ', '2026-07-21 10:44:11', '2026-07-21 10:44:11');
INSERT INTO "mapel" ("id", "nama_mapel", "kode", "created_at", "updated_at") VALUES (18, 'Pramuka', 'PRM', '2026-07-21 10:44:11', '2026-07-21 10:44:11');
INSERT INTO "mapel" ("id", "nama_mapel", "kode", "created_at", "updated_at") VALUES (19, 'Istirahat', 'IST', '2026-07-21 10:44:11', '2026-07-21 10:44:11');
INSERT INTO "mapel" ("id", "nama_mapel", "kode", "created_at", "updated_at") VALUES (20, 'Dzuhur Time', 'DZH', '2026-07-21 10:44:11', '2026-07-21 10:44:11');
INSERT INTO "mapel" ("id", "nama_mapel", "kode", "created_at", "updated_at") VALUES (21, 'Ashar Time', 'ASHR_SMP', '2026-07-21 10:44:11', '2026-07-21 10:44:11');
INSERT INTO "mapel" ("id", "nama_mapel", "kode", "created_at", "updated_at") VALUES (22, 'Upacara / Flash', 'UPCR_SMP', '2026-07-21 10:44:11', '2026-07-21 10:44:11');
INSERT INTO "mapel" ("id", "nama_mapel", "kode", "created_at", "updated_at") VALUES (23, 'Upacara / PAS Mantap', 'UPCR_PAS', '2026-07-21 10:44:11', '2026-07-21 10:44:11');
INSERT INTO "mapel" ("id", "nama_mapel", "kode", "created_at", "updated_at") VALUES (24, 'Apel, Dhuha & Muroja''ah', 'ADM', '2026-07-21 10:44:11', '2026-07-21 10:44:11');
INSERT INTO "mapel" ("id", "nama_mapel", "kode", "created_at", "updated_at") VALUES (25, 'Shalat Ashar dan Dzikir', 'ASHR_DZK', '2026-07-21 10:44:11', '2026-07-21 10:44:11');
INSERT INTO "mapel" ("id", "nama_mapel", "kode", "created_at", "updated_at") VALUES (26, 'Ekskul', 'EKS', '2026-07-21 10:44:11', '2026-07-21 10:44:11');
INSERT INTO "mapel" ("id", "nama_mapel", "kode", "created_at", "updated_at") VALUES (27, 'Dhuha Time', 'DHUHA', '2026-07-21 10:44:11', '2026-07-21 10:44:11');
INSERT INTO "mapel" ("id", "nama_mapel", "kode", "created_at", "updated_at") VALUES (28, 'Upacara / Pentas Seni', 'UPCR', '2026-07-21 10:44:11', '2026-07-21 10:44:11');
INSERT INTO "mapel" ("id", "nama_mapel", "kode", "created_at", "updated_at") VALUES (29, 'Qailullah', 'QAIL', '2026-07-21 10:44:11', '2026-07-21 10:44:11');
INSERT INTO "mapel" ("id", "nama_mapel", "kode", "created_at", "updated_at") VALUES (30, 'Sholat dan Makan', 'ISHOMA', '2026-07-21 10:44:11', '2026-07-21 10:44:11');
INSERT INTO "mapel" ("id", "nama_mapel", "kode", "created_at", "updated_at") VALUES (31, 'Pulang / Penjemputan Orang Tua', 'PLG', '2026-07-21 10:44:11', '2026-07-21 10:44:11');
INSERT INTO "mapel" ("id", "nama_mapel", "kode", "created_at", "updated_at") VALUES (32, 'Snack Time', 'SNCK', '2026-07-21 10:44:11', '2026-07-21 10:44:11');
INSERT INTO "mapel" ("id", "nama_mapel", "kode", "created_at", "updated_at") VALUES (33, 'IPAS', 'IPAS', '2026-07-21 10:44:11', '2026-07-21 10:44:11');
INSERT INTO "mapel" ("id", "nama_mapel", "kode", "created_at", "updated_at") VALUES (34, 'Qadhaya Rawa''i', 'QRW', '2026-07-21 10:44:11', '2026-07-21 10:44:11');
INSERT INTO "mapel" ("id", "nama_mapel", "kode", "created_at", "updated_at") VALUES (35, 'Transisi / Pindah ke Kelas', 'TRNS', '2026-07-21 10:44:11', '2026-07-21 10:44:11');
INSERT INTO "mapel" ("id", "nama_mapel", "kode", "created_at", "updated_at") VALUES (36, 'Aqidah/Akhlak', 'AKHLAK', '2026-07-21 10:44:11', '2026-07-21 10:44:11');
INSERT INTO "mapel" ("id", "nama_mapel", "kode", "created_at", "updated_at") VALUES (37, 'Kegiatan Pramuka', 'KPRM', '2026-07-21 10:44:11', '2026-07-21 10:44:11');
INSERT INTO "mapel" ("id", "nama_mapel", "kode", "created_at", "updated_at") VALUES (38, 'Bina Pribadi Islam', 'BPI', '2026-07-21 10:44:11', '2026-07-21 10:44:11');
INSERT INTO "mapel" ("id", "nama_mapel", "kode", "created_at", "updated_at") VALUES (39, 'TIK', 'TIK', '2026-07-21 10:44:11', '2026-07-21 10:44:11');
INSERT INTO "mapel" ("id", "nama_mapel", "kode", "created_at", "updated_at") VALUES (40, 'Pendidikan Kewarganegaraan', 'PKN', '2026-07-21 10:44:11', '2026-07-21 10:44:11');
INSERT INTO "mapel" ("id", "nama_mapel", "kode", "created_at", "updated_at") VALUES (41, 'Shalat Ashar', 'ASHR', '2026-07-21 10:44:11', '2026-07-21 10:44:11');

DROP TABLE IF EXISTS "materi";
CREATE TABLE "materi" ("id" integer primary key autoincrement not null, "judul" varchar not null, "deskripsi" text, "file_path" varchar not null, "tipe" varchar not null default 'materi', "mapel_id" integer not null, "kelas_id" integer, "guru_id" integer not null, "created_at" datetime, "updated_at" datetime, "status" varchar not null default 'draft', "skor_kauniyah" integer, "skor_bilingual" integer, "skor_ai" integer, foreign key("mapel_id") references "mapel"("id"), foreign key("kelas_id") references "kelas"("id"), foreign key("guru_id") references "guru"("id"));

DROP TABLE IF EXISTS "migrations";
CREATE TABLE "migrations" ("id" integer primary key autoincrement not null, "migration" varchar not null, "batch" integer not null);
INSERT INTO "migrations" ("id", "migration", "batch") VALUES (1, '0001_01_01_000000_create_users_table', 1);
INSERT INTO "migrations" ("id", "migration", "batch") VALUES (2, '0001_01_01_000001_create_cache_table', 1);
INSERT INTO "migrations" ("id", "migration", "batch") VALUES (3, '0001_01_01_000002_create_jobs_table', 1);
INSERT INTO "migrations" ("id", "migration", "batch") VALUES (4, '2026_05_29_081457_add_role_to_users_table', 1);
INSERT INTO "migrations" ("id", "migration", "batch") VALUES (5, '2026_05_29_083954_create_kelas_table', 1);
INSERT INTO "migrations" ("id", "migration", "batch") VALUES (6, '2026_05_29_084058_create_mapel_table', 1);
INSERT INTO "migrations" ("id", "migration", "batch") VALUES (7, '2026_05_29_084110_create_kelas_quran_table', 1);
INSERT INTO "migrations" ("id", "migration", "batch") VALUES (8, '2026_05_29_084114_create_siswa_table', 1);
INSERT INTO "migrations" ("id", "migration", "batch") VALUES (9, '2026_05_29_084129_create_guru_table', 1);
INSERT INTO "migrations" ("id", "migration", "batch") VALUES (10, '2026_05_29_084158_create_orang_tua_table', 1);
INSERT INTO "migrations" ("id", "migration", "batch") VALUES (11, '2026_05_29_084209_create_jadwal_table', 1);
INSERT INTO "migrations" ("id", "migration", "batch") VALUES (12, '2026_05_29_084209_create_orang_tua_siswa_table', 1);
INSERT INTO "migrations" ("id", "migration", "batch") VALUES (13, '2026_05_29_084210_create_tahfidz_setoran_table', 1);
INSERT INTO "migrations" ("id", "migration", "batch") VALUES (14, '2026_05_29_084210_create_tugas_table', 1);
INSERT INTO "migrations" ("id", "migration", "batch") VALUES (15, '2026_05_29_084231_create_nilai_table', 1);
INSERT INTO "migrations" ("id", "migration", "batch") VALUES (16, '2026_05_29_084231_create_pengumuman_table', 1);
INSERT INTO "migrations" ("id", "migration", "batch") VALUES (17, '2026_05_29_084231_create_pesan_table', 1);
INSERT INTO "migrations" ("id", "migration", "batch") VALUES (18, '2026_05_29_085947_create_catatan_wali_table', 1);
INSERT INTO "migrations" ("id", "migration", "batch") VALUES (19, '2026_05_29_085947_create_kehadiran_table', 1);
INSERT INTO "migrations" ("id", "migration", "batch") VALUES (20, '2026_05_29_090234_create_badges_table', 1);
INSERT INTO "migrations" ("id", "migration", "batch") VALUES (21, '2026_05_29_090235_create_siswa_badge_table', 1);
INSERT INTO "migrations" ("id", "migration", "batch") VALUES (22, '2026_05_29_090641_create_cbt_exams_table', 1);
INSERT INTO "migrations" ("id", "migration", "batch") VALUES (23, '2026_05_29_090641_create_cbt_soals_table', 1);
INSERT INTO "migrations" ("id", "migration", "batch") VALUES (24, '2026_05_29_090642_create_cbt_jawabans_table', 1);
INSERT INTO "migrations" ("id", "migration", "batch") VALUES (25, '2026_05_29_090642_create_olympiad_exams_table', 1);
INSERT INTO "migrations" ("id", "migration", "batch") VALUES (26, '2026_05_29_090643_create_olympiad_soals_table', 1);
INSERT INTO "migrations" ("id", "migration", "batch") VALUES (27, '2026_05_29_090644_create_olympiad_jawabans_table', 1);
INSERT INTO "migrations" ("id", "migration", "batch") VALUES (28, '2026_05_29_091037_create_workbooks_table', 1);
INSERT INTO "migrations" ("id", "migration", "batch") VALUES (29, '2026_05_29_091038_create_spps_table', 1);
INSERT INTO "migrations" ("id", "migration", "batch") VALUES (30, '2026_05_29_091038_create_workbook_soals_table', 1);
INSERT INTO "migrations" ("id", "migration", "batch") VALUES (31, '2026_05_29_091039_create_pembayarans_table', 1);
INSERT INTO "migrations" ("id", "migration", "batch") VALUES (32, '2026_05_29_091040_create_workbook_jawabans_table', 1);
INSERT INTO "migrations" ("id", "migration", "batch") VALUES (33, '2026_05_29_091041_create_log_aktivitas_table', 1);
INSERT INTO "migrations" ("id", "migration", "batch") VALUES (34, '2026_05_29_091041_create_pengaturan_table', 1);
INSERT INTO "migrations" ("id", "migration", "batch") VALUES (35, '2026_05_29_094118_create_materi_table', 1);
INSERT INTO "migrations" ("id", "migration", "batch") VALUES (36, '2026_05_29_095608_create_settings_table', 1);
INSERT INTO "migrations" ("id", "migration", "batch") VALUES (37, '2026_05_29_101731_create_pengumpulan_tugas_table', 1);
INSERT INTO "migrations" ("id", "migration", "batch") VALUES (38, '2026_05_29_103615_add_tipe_to_cbt_exams_table', 1);
INSERT INTO "migrations" ("id", "migration", "batch") VALUES (39, '2026_07_01_115000_add_kepala_sekolah_to_roles', 1);
INSERT INTO "migrations" ("id", "migration", "batch") VALUES (40, '2026_07_02_160300_add_jenis_nilai_to_nilai_table', 1);
INSERT INTO "migrations" ("id", "migration", "batch") VALUES (41, '2026_07_04_150000_add_nilai_bahasa_to_nilai_table', 1);
INSERT INTO "migrations" ("id", "migration", "batch") VALUES (42, '2026_07_04_153000_create_tahfidz_ayat_nilai_table', 1);
INSERT INTO "migrations" ("id", "migration", "batch") VALUES (43, '2026_07_04_154500_add_tanggal_berikutnya_to_tahfidz_setoran_table', 1);
INSERT INTO "migrations" ("id", "migration", "batch") VALUES (44, '2026_07_04_202500_create_kondisi_kelas_table', 1);
INSERT INTO "migrations" ("id", "migration", "batch") VALUES (45, '2026_07_04_210500_create_remedials_table', 1);
INSERT INTO "migrations" ("id", "migration", "batch") VALUES (46, '2026_07_04_222000_create_nilai_ktis_table', 1);
INSERT INTO "migrations" ("id", "migration", "batch") VALUES (47, '2026_07_04_232000_create_laporan_mengajars_table', 1);
INSERT INTO "migrations" ("id", "migration", "batch") VALUES (48, '2026_07_04_235500_add_status_to_materi_table', 1);
INSERT INTO "migrations" ("id", "migration", "batch") VALUES (49, '2026_07_05_001500_add_kesulitan_and_metode_to_cbt_tables', 1);
INSERT INTO "migrations" ("id", "migration", "batch") VALUES (50, '2026_07_05_130000_create_banding_nilai_table', 1);
INSERT INTO "migrations" ("id", "migration", "batch") VALUES (51, '2026_07_05_140000_extend_nilai_ktis_table', 1);
INSERT INTO "migrations" ("id", "migration", "batch") VALUES (52, '2026_07_05_141000_create_kti_bimbingans_table', 1);
INSERT INTO "migrations" ("id", "migration", "batch") VALUES (53, '2026_07_14_174718_change_isi_to_json_in_laporan_mengajars_table', 1);
INSERT INTO "migrations" ("id", "migration", "batch") VALUES (54, '2026_07_15_134315_add_audit_scores_to_materi_table', 1);
INSERT INTO "migrations" ("id", "migration", "batch") VALUES (55, '2026_07_15_184307_add_guru_id_to_kelas_table', 1);
INSERT INTO "migrations" ("id", "migration", "batch") VALUES (56, '2026_07_17_182402_create_guru_mapel_table', 1);
INSERT INTO "migrations" ("id", "migration", "batch") VALUES (57, '2026_07_17_191636_modify_role_enum_in_users_table', 1);
INSERT INTO "migrations" ("id", "migration", "batch") VALUES (58, '2026_07_18_014948_create_kehadiran_gurus_table', 1);
INSERT INTO "migrations" ("id", "migration", "batch") VALUES (59, '2026_07_20_223000_create_tahfidz_progress_table', 1);

DROP TABLE IF EXISTS "nilai";
CREATE TABLE "nilai" ("id" integer primary key autoincrement not null, "siswa_id" integer not null, "tugas_id" integer, "mapel_id" integer not null, "nilai" numeric not null, "catatan" text, "created_at" datetime, "updated_at" datetime, "jenis_nilai" varchar check ("jenis_nilai" in ('biasa', 'unggulan')) not null default 'biasa', "nilai_bahasa" numeric, foreign key("siswa_id") references "siswa"("id") on delete cascade, foreign key("tugas_id") references "tugas"("id") on delete cascade, foreign key("mapel_id") references "mapel"("id") on delete cascade);
INSERT INTO "nilai" ("id", "siswa_id", "tugas_id", "mapel_id", "nilai", "catatan", "created_at", "updated_at", "jenis_nilai", "nilai_bahasa") VALUES (1, 1, NULL, 1, 97, NULL, '2026-07-21 10:44:13', '2026-07-21 10:44:13', 'biasa', NULL);
INSERT INTO "nilai" ("id", "siswa_id", "tugas_id", "mapel_id", "nilai", "catatan", "created_at", "updated_at", "jenis_nilai", "nilai_bahasa") VALUES (2, 1, NULL, 2, 81, NULL, '2026-07-21 10:44:13', '2026-07-21 10:44:13', 'biasa', NULL);
INSERT INTO "nilai" ("id", "siswa_id", "tugas_id", "mapel_id", "nilai", "catatan", "created_at", "updated_at", "jenis_nilai", "nilai_bahasa") VALUES (3, 1, NULL, 3, 87, NULL, '2026-07-21 10:44:13', '2026-07-21 10:44:13', 'biasa', NULL);
INSERT INTO "nilai" ("id", "siswa_id", "tugas_id", "mapel_id", "nilai", "catatan", "created_at", "updated_at", "jenis_nilai", "nilai_bahasa") VALUES (4, 1, NULL, 4, 77, NULL, '2026-07-21 10:44:13', '2026-07-21 10:44:13', 'biasa', NULL);
INSERT INTO "nilai" ("id", "siswa_id", "tugas_id", "mapel_id", "nilai", "catatan", "created_at", "updated_at", "jenis_nilai", "nilai_bahasa") VALUES (5, 1, NULL, 5, 80, NULL, '2026-07-21 10:44:13', '2026-07-21 10:44:13', 'biasa', NULL);
INSERT INTO "nilai" ("id", "siswa_id", "tugas_id", "mapel_id", "nilai", "catatan", "created_at", "updated_at", "jenis_nilai", "nilai_bahasa") VALUES (6, 2, NULL, 1, 89, NULL, '2026-07-21 10:44:13', '2026-07-21 10:44:13', 'biasa', NULL);
INSERT INTO "nilai" ("id", "siswa_id", "tugas_id", "mapel_id", "nilai", "catatan", "created_at", "updated_at", "jenis_nilai", "nilai_bahasa") VALUES (7, 2, NULL, 2, 94, NULL, '2026-07-21 10:44:13', '2026-07-21 10:44:13', 'biasa', NULL);
INSERT INTO "nilai" ("id", "siswa_id", "tugas_id", "mapel_id", "nilai", "catatan", "created_at", "updated_at", "jenis_nilai", "nilai_bahasa") VALUES (8, 2, NULL, 3, 80, NULL, '2026-07-21 10:44:13', '2026-07-21 10:44:13', 'biasa', NULL);
INSERT INTO "nilai" ("id", "siswa_id", "tugas_id", "mapel_id", "nilai", "catatan", "created_at", "updated_at", "jenis_nilai", "nilai_bahasa") VALUES (9, 2, NULL, 4, 87, NULL, '2026-07-21 10:44:13', '2026-07-21 10:44:13', 'biasa', NULL);
INSERT INTO "nilai" ("id", "siswa_id", "tugas_id", "mapel_id", "nilai", "catatan", "created_at", "updated_at", "jenis_nilai", "nilai_bahasa") VALUES (10, 2, NULL, 5, 84, NULL, '2026-07-21 10:44:13', '2026-07-21 10:44:13', 'biasa', NULL);
INSERT INTO "nilai" ("id", "siswa_id", "tugas_id", "mapel_id", "nilai", "catatan", "created_at", "updated_at", "jenis_nilai", "nilai_bahasa") VALUES (11, 3, NULL, 1, 87, NULL, '2026-07-21 10:44:13', '2026-07-21 10:44:13', 'biasa', NULL);
INSERT INTO "nilai" ("id", "siswa_id", "tugas_id", "mapel_id", "nilai", "catatan", "created_at", "updated_at", "jenis_nilai", "nilai_bahasa") VALUES (12, 3, NULL, 2, 91, NULL, '2026-07-21 10:44:13', '2026-07-21 10:44:13', 'biasa', NULL);
INSERT INTO "nilai" ("id", "siswa_id", "tugas_id", "mapel_id", "nilai", "catatan", "created_at", "updated_at", "jenis_nilai", "nilai_bahasa") VALUES (13, 3, NULL, 3, 81, NULL, '2026-07-21 10:44:13', '2026-07-21 10:44:13', 'biasa', NULL);
INSERT INTO "nilai" ("id", "siswa_id", "tugas_id", "mapel_id", "nilai", "catatan", "created_at", "updated_at", "jenis_nilai", "nilai_bahasa") VALUES (14, 3, NULL, 4, 76, NULL, '2026-07-21 10:44:13', '2026-07-21 10:44:13', 'biasa', NULL);
INSERT INTO "nilai" ("id", "siswa_id", "tugas_id", "mapel_id", "nilai", "catatan", "created_at", "updated_at", "jenis_nilai", "nilai_bahasa") VALUES (15, 3, NULL, 5, 97, NULL, '2026-07-21 10:44:13', '2026-07-21 10:44:13', 'biasa', NULL);
INSERT INTO "nilai" ("id", "siswa_id", "tugas_id", "mapel_id", "nilai", "catatan", "created_at", "updated_at", "jenis_nilai", "nilai_bahasa") VALUES (16, 4, NULL, 1, 100, NULL, '2026-07-21 10:44:13', '2026-07-21 10:44:13', 'biasa', NULL);
INSERT INTO "nilai" ("id", "siswa_id", "tugas_id", "mapel_id", "nilai", "catatan", "created_at", "updated_at", "jenis_nilai", "nilai_bahasa") VALUES (17, 4, NULL, 2, 80, NULL, '2026-07-21 10:44:13', '2026-07-21 10:44:13', 'biasa', NULL);
INSERT INTO "nilai" ("id", "siswa_id", "tugas_id", "mapel_id", "nilai", "catatan", "created_at", "updated_at", "jenis_nilai", "nilai_bahasa") VALUES (18, 4, NULL, 3, 100, NULL, '2026-07-21 10:44:13', '2026-07-21 10:44:13', 'biasa', NULL);
INSERT INTO "nilai" ("id", "siswa_id", "tugas_id", "mapel_id", "nilai", "catatan", "created_at", "updated_at", "jenis_nilai", "nilai_bahasa") VALUES (19, 4, NULL, 4, 77, NULL, '2026-07-21 10:44:13', '2026-07-21 10:44:13', 'biasa', NULL);
INSERT INTO "nilai" ("id", "siswa_id", "tugas_id", "mapel_id", "nilai", "catatan", "created_at", "updated_at", "jenis_nilai", "nilai_bahasa") VALUES (20, 4, NULL, 5, 76, NULL, '2026-07-21 10:44:13', '2026-07-21 10:44:13', 'biasa', NULL);
INSERT INTO "nilai" ("id", "siswa_id", "tugas_id", "mapel_id", "nilai", "catatan", "created_at", "updated_at", "jenis_nilai", "nilai_bahasa") VALUES (21, 5, NULL, 1, 92, NULL, '2026-07-21 10:44:13', '2026-07-21 10:44:13', 'biasa', NULL);
INSERT INTO "nilai" ("id", "siswa_id", "tugas_id", "mapel_id", "nilai", "catatan", "created_at", "updated_at", "jenis_nilai", "nilai_bahasa") VALUES (22, 5, NULL, 2, 86, NULL, '2026-07-21 10:44:13', '2026-07-21 10:44:13', 'biasa', NULL);
INSERT INTO "nilai" ("id", "siswa_id", "tugas_id", "mapel_id", "nilai", "catatan", "created_at", "updated_at", "jenis_nilai", "nilai_bahasa") VALUES (23, 5, NULL, 3, 95, NULL, '2026-07-21 10:44:13', '2026-07-21 10:44:13', 'biasa', NULL);
INSERT INTO "nilai" ("id", "siswa_id", "tugas_id", "mapel_id", "nilai", "catatan", "created_at", "updated_at", "jenis_nilai", "nilai_bahasa") VALUES (24, 5, NULL, 4, 95, NULL, '2026-07-21 10:44:13', '2026-07-21 10:44:13', 'biasa', NULL);
INSERT INTO "nilai" ("id", "siswa_id", "tugas_id", "mapel_id", "nilai", "catatan", "created_at", "updated_at", "jenis_nilai", "nilai_bahasa") VALUES (25, 5, NULL, 5, 93, NULL, '2026-07-21 10:44:13', '2026-07-21 10:44:13', 'biasa', NULL);
INSERT INTO "nilai" ("id", "siswa_id", "tugas_id", "mapel_id", "nilai", "catatan", "created_at", "updated_at", "jenis_nilai", "nilai_bahasa") VALUES (26, 6, NULL, 1, 92, NULL, '2026-07-21 10:44:13', '2026-07-21 10:44:13', 'biasa', NULL);
INSERT INTO "nilai" ("id", "siswa_id", "tugas_id", "mapel_id", "nilai", "catatan", "created_at", "updated_at", "jenis_nilai", "nilai_bahasa") VALUES (27, 6, NULL, 2, 97, NULL, '2026-07-21 10:44:13', '2026-07-21 10:44:13', 'biasa', NULL);
INSERT INTO "nilai" ("id", "siswa_id", "tugas_id", "mapel_id", "nilai", "catatan", "created_at", "updated_at", "jenis_nilai", "nilai_bahasa") VALUES (28, 6, NULL, 3, 86, NULL, '2026-07-21 10:44:13', '2026-07-21 10:44:13', 'biasa', NULL);
INSERT INTO "nilai" ("id", "siswa_id", "tugas_id", "mapel_id", "nilai", "catatan", "created_at", "updated_at", "jenis_nilai", "nilai_bahasa") VALUES (29, 6, NULL, 4, 86, NULL, '2026-07-21 10:44:13', '2026-07-21 10:44:13', 'biasa', NULL);
INSERT INTO "nilai" ("id", "siswa_id", "tugas_id", "mapel_id", "nilai", "catatan", "created_at", "updated_at", "jenis_nilai", "nilai_bahasa") VALUES (30, 6, NULL, 5, 87, NULL, '2026-07-21 10:44:13', '2026-07-21 10:44:13', 'biasa', NULL);
INSERT INTO "nilai" ("id", "siswa_id", "tugas_id", "mapel_id", "nilai", "catatan", "created_at", "updated_at", "jenis_nilai", "nilai_bahasa") VALUES (31, 7, NULL, 1, 75, NULL, '2026-07-21 10:44:13', '2026-07-21 10:44:13', 'biasa', NULL);
INSERT INTO "nilai" ("id", "siswa_id", "tugas_id", "mapel_id", "nilai", "catatan", "created_at", "updated_at", "jenis_nilai", "nilai_bahasa") VALUES (32, 7, NULL, 2, 82, NULL, '2026-07-21 10:44:13', '2026-07-21 10:44:13', 'biasa', NULL);
INSERT INTO "nilai" ("id", "siswa_id", "tugas_id", "mapel_id", "nilai", "catatan", "created_at", "updated_at", "jenis_nilai", "nilai_bahasa") VALUES (33, 7, NULL, 3, 90, NULL, '2026-07-21 10:44:13', '2026-07-21 10:44:13', 'biasa', NULL);
INSERT INTO "nilai" ("id", "siswa_id", "tugas_id", "mapel_id", "nilai", "catatan", "created_at", "updated_at", "jenis_nilai", "nilai_bahasa") VALUES (34, 7, NULL, 4, 90, NULL, '2026-07-21 10:44:13', '2026-07-21 10:44:13', 'biasa', NULL);
INSERT INTO "nilai" ("id", "siswa_id", "tugas_id", "mapel_id", "nilai", "catatan", "created_at", "updated_at", "jenis_nilai", "nilai_bahasa") VALUES (35, 7, NULL, 5, 81, NULL, '2026-07-21 10:44:13', '2026-07-21 10:44:13', 'biasa', NULL);
INSERT INTO "nilai" ("id", "siswa_id", "tugas_id", "mapel_id", "nilai", "catatan", "created_at", "updated_at", "jenis_nilai", "nilai_bahasa") VALUES (36, 8, NULL, 1, 91, NULL, '2026-07-21 10:44:13', '2026-07-21 10:44:13', 'biasa', NULL);
INSERT INTO "nilai" ("id", "siswa_id", "tugas_id", "mapel_id", "nilai", "catatan", "created_at", "updated_at", "jenis_nilai", "nilai_bahasa") VALUES (37, 8, NULL, 2, 76, NULL, '2026-07-21 10:44:13', '2026-07-21 10:44:13', 'biasa', NULL);
INSERT INTO "nilai" ("id", "siswa_id", "tugas_id", "mapel_id", "nilai", "catatan", "created_at", "updated_at", "jenis_nilai", "nilai_bahasa") VALUES (38, 8, NULL, 3, 86, NULL, '2026-07-21 10:44:13', '2026-07-21 10:44:13', 'biasa', NULL);
INSERT INTO "nilai" ("id", "siswa_id", "tugas_id", "mapel_id", "nilai", "catatan", "created_at", "updated_at", "jenis_nilai", "nilai_bahasa") VALUES (39, 8, NULL, 4, 99, NULL, '2026-07-21 10:44:13', '2026-07-21 10:44:13', 'biasa', NULL);
INSERT INTO "nilai" ("id", "siswa_id", "tugas_id", "mapel_id", "nilai", "catatan", "created_at", "updated_at", "jenis_nilai", "nilai_bahasa") VALUES (40, 8, NULL, 5, 99, NULL, '2026-07-21 10:44:13', '2026-07-21 10:44:13', 'biasa', NULL);
INSERT INTO "nilai" ("id", "siswa_id", "tugas_id", "mapel_id", "nilai", "catatan", "created_at", "updated_at", "jenis_nilai", "nilai_bahasa") VALUES (41, 9, NULL, 1, 76, NULL, '2026-07-21 10:44:13', '2026-07-21 10:44:13', 'biasa', NULL);
INSERT INTO "nilai" ("id", "siswa_id", "tugas_id", "mapel_id", "nilai", "catatan", "created_at", "updated_at", "jenis_nilai", "nilai_bahasa") VALUES (42, 9, NULL, 2, 98, NULL, '2026-07-21 10:44:13', '2026-07-21 10:44:13', 'biasa', NULL);
INSERT INTO "nilai" ("id", "siswa_id", "tugas_id", "mapel_id", "nilai", "catatan", "created_at", "updated_at", "jenis_nilai", "nilai_bahasa") VALUES (43, 9, NULL, 3, 76, NULL, '2026-07-21 10:44:13', '2026-07-21 10:44:13', 'biasa', NULL);
INSERT INTO "nilai" ("id", "siswa_id", "tugas_id", "mapel_id", "nilai", "catatan", "created_at", "updated_at", "jenis_nilai", "nilai_bahasa") VALUES (44, 9, NULL, 4, 87, NULL, '2026-07-21 10:44:13', '2026-07-21 10:44:13', 'biasa', NULL);
INSERT INTO "nilai" ("id", "siswa_id", "tugas_id", "mapel_id", "nilai", "catatan", "created_at", "updated_at", "jenis_nilai", "nilai_bahasa") VALUES (45, 9, NULL, 5, 83, NULL, '2026-07-21 10:44:13', '2026-07-21 10:44:13', 'biasa', NULL);
INSERT INTO "nilai" ("id", "siswa_id", "tugas_id", "mapel_id", "nilai", "catatan", "created_at", "updated_at", "jenis_nilai", "nilai_bahasa") VALUES (46, 10, NULL, 1, 87, NULL, '2026-07-21 10:44:13', '2026-07-21 10:44:13', 'biasa', NULL);
INSERT INTO "nilai" ("id", "siswa_id", "tugas_id", "mapel_id", "nilai", "catatan", "created_at", "updated_at", "jenis_nilai", "nilai_bahasa") VALUES (47, 10, NULL, 2, 89, NULL, '2026-07-21 10:44:13', '2026-07-21 10:44:13', 'biasa', NULL);
INSERT INTO "nilai" ("id", "siswa_id", "tugas_id", "mapel_id", "nilai", "catatan", "created_at", "updated_at", "jenis_nilai", "nilai_bahasa") VALUES (48, 10, NULL, 3, 85, NULL, '2026-07-21 10:44:13', '2026-07-21 10:44:13', 'biasa', NULL);
INSERT INTO "nilai" ("id", "siswa_id", "tugas_id", "mapel_id", "nilai", "catatan", "created_at", "updated_at", "jenis_nilai", "nilai_bahasa") VALUES (49, 10, NULL, 4, 90, NULL, '2026-07-21 10:44:13', '2026-07-21 10:44:13', 'biasa', NULL);
INSERT INTO "nilai" ("id", "siswa_id", "tugas_id", "mapel_id", "nilai", "catatan", "created_at", "updated_at", "jenis_nilai", "nilai_bahasa") VALUES (50, 10, NULL, 5, 77, NULL, '2026-07-21 10:44:13', '2026-07-21 10:44:13', 'biasa', NULL);
INSERT INTO "nilai" ("id", "siswa_id", "tugas_id", "mapel_id", "nilai", "catatan", "created_at", "updated_at", "jenis_nilai", "nilai_bahasa") VALUES (51, 11, NULL, 1, 95, NULL, '2026-07-21 10:44:13', '2026-07-21 10:44:13', 'biasa', NULL);
INSERT INTO "nilai" ("id", "siswa_id", "tugas_id", "mapel_id", "nilai", "catatan", "created_at", "updated_at", "jenis_nilai", "nilai_bahasa") VALUES (52, 11, NULL, 2, 80, NULL, '2026-07-21 10:44:13', '2026-07-21 10:44:13', 'biasa', NULL);
INSERT INTO "nilai" ("id", "siswa_id", "tugas_id", "mapel_id", "nilai", "catatan", "created_at", "updated_at", "jenis_nilai", "nilai_bahasa") VALUES (53, 11, NULL, 3, 89, NULL, '2026-07-21 10:44:13', '2026-07-21 10:44:13', 'biasa', NULL);
INSERT INTO "nilai" ("id", "siswa_id", "tugas_id", "mapel_id", "nilai", "catatan", "created_at", "updated_at", "jenis_nilai", "nilai_bahasa") VALUES (54, 11, NULL, 4, 86, NULL, '2026-07-21 10:44:13', '2026-07-21 10:44:13', 'biasa', NULL);
INSERT INTO "nilai" ("id", "siswa_id", "tugas_id", "mapel_id", "nilai", "catatan", "created_at", "updated_at", "jenis_nilai", "nilai_bahasa") VALUES (55, 11, NULL, 5, 98, NULL, '2026-07-21 10:44:13', '2026-07-21 10:44:13', 'biasa', NULL);
INSERT INTO "nilai" ("id", "siswa_id", "tugas_id", "mapel_id", "nilai", "catatan", "created_at", "updated_at", "jenis_nilai", "nilai_bahasa") VALUES (56, 12, NULL, 1, 91, NULL, '2026-07-21 10:44:13', '2026-07-21 10:44:13', 'biasa', NULL);
INSERT INTO "nilai" ("id", "siswa_id", "tugas_id", "mapel_id", "nilai", "catatan", "created_at", "updated_at", "jenis_nilai", "nilai_bahasa") VALUES (57, 12, NULL, 2, 77, NULL, '2026-07-21 10:44:13', '2026-07-21 10:44:13', 'biasa', NULL);
INSERT INTO "nilai" ("id", "siswa_id", "tugas_id", "mapel_id", "nilai", "catatan", "created_at", "updated_at", "jenis_nilai", "nilai_bahasa") VALUES (58, 12, NULL, 3, 89, NULL, '2026-07-21 10:44:13', '2026-07-21 10:44:13', 'biasa', NULL);
INSERT INTO "nilai" ("id", "siswa_id", "tugas_id", "mapel_id", "nilai", "catatan", "created_at", "updated_at", "jenis_nilai", "nilai_bahasa") VALUES (59, 12, NULL, 4, 81, NULL, '2026-07-21 10:44:13', '2026-07-21 10:44:13', 'biasa', NULL);
INSERT INTO "nilai" ("id", "siswa_id", "tugas_id", "mapel_id", "nilai", "catatan", "created_at", "updated_at", "jenis_nilai", "nilai_bahasa") VALUES (60, 12, NULL, 5, 99, NULL, '2026-07-21 10:44:13', '2026-07-21 10:44:13', 'biasa', NULL);
INSERT INTO "nilai" ("id", "siswa_id", "tugas_id", "mapel_id", "nilai", "catatan", "created_at", "updated_at", "jenis_nilai", "nilai_bahasa") VALUES (61, 13, NULL, 1, 95, NULL, '2026-07-21 10:44:13', '2026-07-21 10:44:13', 'biasa', NULL);
INSERT INTO "nilai" ("id", "siswa_id", "tugas_id", "mapel_id", "nilai", "catatan", "created_at", "updated_at", "jenis_nilai", "nilai_bahasa") VALUES (62, 13, NULL, 2, 98, NULL, '2026-07-21 10:44:13', '2026-07-21 10:44:13', 'biasa', NULL);
INSERT INTO "nilai" ("id", "siswa_id", "tugas_id", "mapel_id", "nilai", "catatan", "created_at", "updated_at", "jenis_nilai", "nilai_bahasa") VALUES (63, 13, NULL, 3, 87, NULL, '2026-07-21 10:44:13', '2026-07-21 10:44:13', 'biasa', NULL);
INSERT INTO "nilai" ("id", "siswa_id", "tugas_id", "mapel_id", "nilai", "catatan", "created_at", "updated_at", "jenis_nilai", "nilai_bahasa") VALUES (64, 13, NULL, 4, 84, NULL, '2026-07-21 10:44:13', '2026-07-21 10:44:13', 'biasa', NULL);
INSERT INTO "nilai" ("id", "siswa_id", "tugas_id", "mapel_id", "nilai", "catatan", "created_at", "updated_at", "jenis_nilai", "nilai_bahasa") VALUES (65, 13, NULL, 5, 89, NULL, '2026-07-21 10:44:13', '2026-07-21 10:44:13', 'biasa', NULL);
INSERT INTO "nilai" ("id", "siswa_id", "tugas_id", "mapel_id", "nilai", "catatan", "created_at", "updated_at", "jenis_nilai", "nilai_bahasa") VALUES (66, 14, NULL, 1, 100, NULL, '2026-07-21 10:44:13', '2026-07-21 10:44:13', 'biasa', NULL);
INSERT INTO "nilai" ("id", "siswa_id", "tugas_id", "mapel_id", "nilai", "catatan", "created_at", "updated_at", "jenis_nilai", "nilai_bahasa") VALUES (67, 14, NULL, 2, 85, NULL, '2026-07-21 10:44:13', '2026-07-21 10:44:13', 'biasa', NULL);
INSERT INTO "nilai" ("id", "siswa_id", "tugas_id", "mapel_id", "nilai", "catatan", "created_at", "updated_at", "jenis_nilai", "nilai_bahasa") VALUES (68, 14, NULL, 3, 100, NULL, '2026-07-21 10:44:13', '2026-07-21 10:44:13', 'biasa', NULL);
INSERT INTO "nilai" ("id", "siswa_id", "tugas_id", "mapel_id", "nilai", "catatan", "created_at", "updated_at", "jenis_nilai", "nilai_bahasa") VALUES (69, 14, NULL, 4, 99, NULL, '2026-07-21 10:44:13', '2026-07-21 10:44:13', 'biasa', NULL);
INSERT INTO "nilai" ("id", "siswa_id", "tugas_id", "mapel_id", "nilai", "catatan", "created_at", "updated_at", "jenis_nilai", "nilai_bahasa") VALUES (70, 14, NULL, 5, 86, NULL, '2026-07-21 10:44:13', '2026-07-21 10:44:13', 'biasa', NULL);
INSERT INTO "nilai" ("id", "siswa_id", "tugas_id", "mapel_id", "nilai", "catatan", "created_at", "updated_at", "jenis_nilai", "nilai_bahasa") VALUES (71, 15, NULL, 1, 97, NULL, '2026-07-21 10:44:13', '2026-07-21 10:44:13', 'biasa', NULL);
INSERT INTO "nilai" ("id", "siswa_id", "tugas_id", "mapel_id", "nilai", "catatan", "created_at", "updated_at", "jenis_nilai", "nilai_bahasa") VALUES (72, 15, NULL, 2, 90, NULL, '2026-07-21 10:44:13', '2026-07-21 10:44:13', 'biasa', NULL);
INSERT INTO "nilai" ("id", "siswa_id", "tugas_id", "mapel_id", "nilai", "catatan", "created_at", "updated_at", "jenis_nilai", "nilai_bahasa") VALUES (73, 15, NULL, 3, 84, NULL, '2026-07-21 10:44:13', '2026-07-21 10:44:13', 'biasa', NULL);
INSERT INTO "nilai" ("id", "siswa_id", "tugas_id", "mapel_id", "nilai", "catatan", "created_at", "updated_at", "jenis_nilai", "nilai_bahasa") VALUES (74, 15, NULL, 4, 86, NULL, '2026-07-21 10:44:13', '2026-07-21 10:44:13', 'biasa', NULL);
INSERT INTO "nilai" ("id", "siswa_id", "tugas_id", "mapel_id", "nilai", "catatan", "created_at", "updated_at", "jenis_nilai", "nilai_bahasa") VALUES (75, 15, NULL, 5, 91, NULL, '2026-07-21 10:44:13', '2026-07-21 10:44:13', 'biasa', NULL);
INSERT INTO "nilai" ("id", "siswa_id", "tugas_id", "mapel_id", "nilai", "catatan", "created_at", "updated_at", "jenis_nilai", "nilai_bahasa") VALUES (76, 16, NULL, 1, 95, NULL, '2026-07-21 10:44:13', '2026-07-21 10:44:13', 'biasa', NULL);
INSERT INTO "nilai" ("id", "siswa_id", "tugas_id", "mapel_id", "nilai", "catatan", "created_at", "updated_at", "jenis_nilai", "nilai_bahasa") VALUES (77, 16, NULL, 2, 83, NULL, '2026-07-21 10:44:13', '2026-07-21 10:44:13', 'biasa', NULL);
INSERT INTO "nilai" ("id", "siswa_id", "tugas_id", "mapel_id", "nilai", "catatan", "created_at", "updated_at", "jenis_nilai", "nilai_bahasa") VALUES (78, 16, NULL, 3, 88, NULL, '2026-07-21 10:44:13', '2026-07-21 10:44:13', 'biasa', NULL);
INSERT INTO "nilai" ("id", "siswa_id", "tugas_id", "mapel_id", "nilai", "catatan", "created_at", "updated_at", "jenis_nilai", "nilai_bahasa") VALUES (79, 16, NULL, 4, 78, NULL, '2026-07-21 10:44:13', '2026-07-21 10:44:13', 'biasa', NULL);
INSERT INTO "nilai" ("id", "siswa_id", "tugas_id", "mapel_id", "nilai", "catatan", "created_at", "updated_at", "jenis_nilai", "nilai_bahasa") VALUES (80, 16, NULL, 5, 89, NULL, '2026-07-21 10:44:13', '2026-07-21 10:44:13', 'biasa', NULL);
INSERT INTO "nilai" ("id", "siswa_id", "tugas_id", "mapel_id", "nilai", "catatan", "created_at", "updated_at", "jenis_nilai", "nilai_bahasa") VALUES (81, 17, NULL, 1, 87, NULL, '2026-07-21 10:44:13', '2026-07-21 10:44:13', 'biasa', NULL);
INSERT INTO "nilai" ("id", "siswa_id", "tugas_id", "mapel_id", "nilai", "catatan", "created_at", "updated_at", "jenis_nilai", "nilai_bahasa") VALUES (82, 17, NULL, 2, 90, NULL, '2026-07-21 10:44:13', '2026-07-21 10:44:13', 'biasa', NULL);
INSERT INTO "nilai" ("id", "siswa_id", "tugas_id", "mapel_id", "nilai", "catatan", "created_at", "updated_at", "jenis_nilai", "nilai_bahasa") VALUES (83, 17, NULL, 3, 81, NULL, '2026-07-21 10:44:13', '2026-07-21 10:44:13', 'biasa', NULL);
INSERT INTO "nilai" ("id", "siswa_id", "tugas_id", "mapel_id", "nilai", "catatan", "created_at", "updated_at", "jenis_nilai", "nilai_bahasa") VALUES (84, 17, NULL, 4, 82, NULL, '2026-07-21 10:44:13', '2026-07-21 10:44:13', 'biasa', NULL);
INSERT INTO "nilai" ("id", "siswa_id", "tugas_id", "mapel_id", "nilai", "catatan", "created_at", "updated_at", "jenis_nilai", "nilai_bahasa") VALUES (85, 17, NULL, 5, 76, NULL, '2026-07-21 10:44:13', '2026-07-21 10:44:13', 'biasa', NULL);
INSERT INTO "nilai" ("id", "siswa_id", "tugas_id", "mapel_id", "nilai", "catatan", "created_at", "updated_at", "jenis_nilai", "nilai_bahasa") VALUES (86, 18, NULL, 1, 91, NULL, '2026-07-21 10:44:13', '2026-07-21 10:44:13', 'biasa', NULL);
INSERT INTO "nilai" ("id", "siswa_id", "tugas_id", "mapel_id", "nilai", "catatan", "created_at", "updated_at", "jenis_nilai", "nilai_bahasa") VALUES (87, 18, NULL, 2, 89, NULL, '2026-07-21 10:44:14', '2026-07-21 10:44:14', 'biasa', NULL);
INSERT INTO "nilai" ("id", "siswa_id", "tugas_id", "mapel_id", "nilai", "catatan", "created_at", "updated_at", "jenis_nilai", "nilai_bahasa") VALUES (88, 18, NULL, 3, 88, NULL, '2026-07-21 10:44:14', '2026-07-21 10:44:14', 'biasa', NULL);
INSERT INTO "nilai" ("id", "siswa_id", "tugas_id", "mapel_id", "nilai", "catatan", "created_at", "updated_at", "jenis_nilai", "nilai_bahasa") VALUES (89, 18, NULL, 4, 100, NULL, '2026-07-21 10:44:14', '2026-07-21 10:44:14', 'biasa', NULL);
INSERT INTO "nilai" ("id", "siswa_id", "tugas_id", "mapel_id", "nilai", "catatan", "created_at", "updated_at", "jenis_nilai", "nilai_bahasa") VALUES (90, 18, NULL, 5, 87, NULL, '2026-07-21 10:44:14', '2026-07-21 10:44:14', 'biasa', NULL);
INSERT INTO "nilai" ("id", "siswa_id", "tugas_id", "mapel_id", "nilai", "catatan", "created_at", "updated_at", "jenis_nilai", "nilai_bahasa") VALUES (91, 19, NULL, 1, 77, NULL, '2026-07-21 10:44:14', '2026-07-21 10:44:14', 'biasa', NULL);
INSERT INTO "nilai" ("id", "siswa_id", "tugas_id", "mapel_id", "nilai", "catatan", "created_at", "updated_at", "jenis_nilai", "nilai_bahasa") VALUES (92, 19, NULL, 2, 96, NULL, '2026-07-21 10:44:14', '2026-07-21 10:44:14', 'biasa', NULL);
INSERT INTO "nilai" ("id", "siswa_id", "tugas_id", "mapel_id", "nilai", "catatan", "created_at", "updated_at", "jenis_nilai", "nilai_bahasa") VALUES (93, 19, NULL, 3, 82, NULL, '2026-07-21 10:44:14', '2026-07-21 10:44:14', 'biasa', NULL);
INSERT INTO "nilai" ("id", "siswa_id", "tugas_id", "mapel_id", "nilai", "catatan", "created_at", "updated_at", "jenis_nilai", "nilai_bahasa") VALUES (94, 19, NULL, 4, 84, NULL, '2026-07-21 10:44:14', '2026-07-21 10:44:14', 'biasa', NULL);
INSERT INTO "nilai" ("id", "siswa_id", "tugas_id", "mapel_id", "nilai", "catatan", "created_at", "updated_at", "jenis_nilai", "nilai_bahasa") VALUES (95, 19, NULL, 5, 97, NULL, '2026-07-21 10:44:14', '2026-07-21 10:44:14', 'biasa', NULL);
INSERT INTO "nilai" ("id", "siswa_id", "tugas_id", "mapel_id", "nilai", "catatan", "created_at", "updated_at", "jenis_nilai", "nilai_bahasa") VALUES (96, 20, NULL, 1, 100, NULL, '2026-07-21 10:44:14', '2026-07-21 10:44:14', 'biasa', NULL);
INSERT INTO "nilai" ("id", "siswa_id", "tugas_id", "mapel_id", "nilai", "catatan", "created_at", "updated_at", "jenis_nilai", "nilai_bahasa") VALUES (97, 20, NULL, 2, 90, NULL, '2026-07-21 10:44:14', '2026-07-21 10:44:14', 'biasa', NULL);
INSERT INTO "nilai" ("id", "siswa_id", "tugas_id", "mapel_id", "nilai", "catatan", "created_at", "updated_at", "jenis_nilai", "nilai_bahasa") VALUES (98, 20, NULL, 3, 79, NULL, '2026-07-21 10:44:14', '2026-07-21 10:44:14', 'biasa', NULL);
INSERT INTO "nilai" ("id", "siswa_id", "tugas_id", "mapel_id", "nilai", "catatan", "created_at", "updated_at", "jenis_nilai", "nilai_bahasa") VALUES (99, 20, NULL, 4, 99, NULL, '2026-07-21 10:44:14', '2026-07-21 10:44:14', 'biasa', NULL);
INSERT INTO "nilai" ("id", "siswa_id", "tugas_id", "mapel_id", "nilai", "catatan", "created_at", "updated_at", "jenis_nilai", "nilai_bahasa") VALUES (100, 20, NULL, 5, 79, NULL, '2026-07-21 10:44:14', '2026-07-21 10:44:14', 'biasa', NULL);
INSERT INTO "nilai" ("id", "siswa_id", "tugas_id", "mapel_id", "nilai", "catatan", "created_at", "updated_at", "jenis_nilai", "nilai_bahasa") VALUES (101, 21, NULL, 1, 82, NULL, '2026-07-21 10:44:14', '2026-07-21 10:44:14', 'biasa', NULL);
INSERT INTO "nilai" ("id", "siswa_id", "tugas_id", "mapel_id", "nilai", "catatan", "created_at", "updated_at", "jenis_nilai", "nilai_bahasa") VALUES (102, 21, NULL, 2, 79, NULL, '2026-07-21 10:44:14', '2026-07-21 10:44:14', 'biasa', NULL);
INSERT INTO "nilai" ("id", "siswa_id", "tugas_id", "mapel_id", "nilai", "catatan", "created_at", "updated_at", "jenis_nilai", "nilai_bahasa") VALUES (103, 21, NULL, 3, 89, NULL, '2026-07-21 10:44:14', '2026-07-21 10:44:14', 'biasa', NULL);
INSERT INTO "nilai" ("id", "siswa_id", "tugas_id", "mapel_id", "nilai", "catatan", "created_at", "updated_at", "jenis_nilai", "nilai_bahasa") VALUES (104, 21, NULL, 4, 81, NULL, '2026-07-21 10:44:14', '2026-07-21 10:44:14', 'biasa', NULL);
INSERT INTO "nilai" ("id", "siswa_id", "tugas_id", "mapel_id", "nilai", "catatan", "created_at", "updated_at", "jenis_nilai", "nilai_bahasa") VALUES (105, 21, NULL, 5, 81, NULL, '2026-07-21 10:44:14', '2026-07-21 10:44:14', 'biasa', NULL);
INSERT INTO "nilai" ("id", "siswa_id", "tugas_id", "mapel_id", "nilai", "catatan", "created_at", "updated_at", "jenis_nilai", "nilai_bahasa") VALUES (106, 22, NULL, 1, 99, NULL, '2026-07-21 10:44:14', '2026-07-21 10:44:14', 'biasa', NULL);
INSERT INTO "nilai" ("id", "siswa_id", "tugas_id", "mapel_id", "nilai", "catatan", "created_at", "updated_at", "jenis_nilai", "nilai_bahasa") VALUES (107, 22, NULL, 2, 94, NULL, '2026-07-21 10:44:14', '2026-07-21 10:44:14', 'biasa', NULL);
INSERT INTO "nilai" ("id", "siswa_id", "tugas_id", "mapel_id", "nilai", "catatan", "created_at", "updated_at", "jenis_nilai", "nilai_bahasa") VALUES (108, 22, NULL, 3, 80, NULL, '2026-07-21 10:44:14', '2026-07-21 10:44:14', 'biasa', NULL);
INSERT INTO "nilai" ("id", "siswa_id", "tugas_id", "mapel_id", "nilai", "catatan", "created_at", "updated_at", "jenis_nilai", "nilai_bahasa") VALUES (109, 22, NULL, 4, 88, NULL, '2026-07-21 10:44:14', '2026-07-21 10:44:14', 'biasa', NULL);
INSERT INTO "nilai" ("id", "siswa_id", "tugas_id", "mapel_id", "nilai", "catatan", "created_at", "updated_at", "jenis_nilai", "nilai_bahasa") VALUES (110, 22, NULL, 5, 75, NULL, '2026-07-21 10:44:14', '2026-07-21 10:44:14', 'biasa', NULL);
INSERT INTO "nilai" ("id", "siswa_id", "tugas_id", "mapel_id", "nilai", "catatan", "created_at", "updated_at", "jenis_nilai", "nilai_bahasa") VALUES (111, 23, NULL, 1, 83, NULL, '2026-07-21 10:44:14', '2026-07-21 10:44:14', 'biasa', NULL);
INSERT INTO "nilai" ("id", "siswa_id", "tugas_id", "mapel_id", "nilai", "catatan", "created_at", "updated_at", "jenis_nilai", "nilai_bahasa") VALUES (112, 23, NULL, 2, 77, NULL, '2026-07-21 10:44:14', '2026-07-21 10:44:14', 'biasa', NULL);
INSERT INTO "nilai" ("id", "siswa_id", "tugas_id", "mapel_id", "nilai", "catatan", "created_at", "updated_at", "jenis_nilai", "nilai_bahasa") VALUES (113, 23, NULL, 3, 90, NULL, '2026-07-21 10:44:14', '2026-07-21 10:44:14', 'biasa', NULL);
INSERT INTO "nilai" ("id", "siswa_id", "tugas_id", "mapel_id", "nilai", "catatan", "created_at", "updated_at", "jenis_nilai", "nilai_bahasa") VALUES (114, 23, NULL, 4, 99, NULL, '2026-07-21 10:44:14', '2026-07-21 10:44:14', 'biasa', NULL);
INSERT INTO "nilai" ("id", "siswa_id", "tugas_id", "mapel_id", "nilai", "catatan", "created_at", "updated_at", "jenis_nilai", "nilai_bahasa") VALUES (115, 23, NULL, 5, 86, NULL, '2026-07-21 10:44:14', '2026-07-21 10:44:14', 'biasa', NULL);
INSERT INTO "nilai" ("id", "siswa_id", "tugas_id", "mapel_id", "nilai", "catatan", "created_at", "updated_at", "jenis_nilai", "nilai_bahasa") VALUES (116, 24, NULL, 1, 85, NULL, '2026-07-21 10:44:14', '2026-07-21 10:44:14', 'biasa', NULL);
INSERT INTO "nilai" ("id", "siswa_id", "tugas_id", "mapel_id", "nilai", "catatan", "created_at", "updated_at", "jenis_nilai", "nilai_bahasa") VALUES (117, 24, NULL, 2, 80, NULL, '2026-07-21 10:44:14', '2026-07-21 10:44:14', 'biasa', NULL);
INSERT INTO "nilai" ("id", "siswa_id", "tugas_id", "mapel_id", "nilai", "catatan", "created_at", "updated_at", "jenis_nilai", "nilai_bahasa") VALUES (118, 24, NULL, 3, 86, NULL, '2026-07-21 10:44:14', '2026-07-21 10:44:14', 'biasa', NULL);
INSERT INTO "nilai" ("id", "siswa_id", "tugas_id", "mapel_id", "nilai", "catatan", "created_at", "updated_at", "jenis_nilai", "nilai_bahasa") VALUES (119, 24, NULL, 4, 91, NULL, '2026-07-21 10:44:14', '2026-07-21 10:44:14', 'biasa', NULL);
INSERT INTO "nilai" ("id", "siswa_id", "tugas_id", "mapel_id", "nilai", "catatan", "created_at", "updated_at", "jenis_nilai", "nilai_bahasa") VALUES (120, 24, NULL, 5, 75, NULL, '2026-07-21 10:44:14', '2026-07-21 10:44:14', 'biasa', NULL);
INSERT INTO "nilai" ("id", "siswa_id", "tugas_id", "mapel_id", "nilai", "catatan", "created_at", "updated_at", "jenis_nilai", "nilai_bahasa") VALUES (121, 25, NULL, 1, 83, NULL, '2026-07-21 10:44:14', '2026-07-21 10:44:14', 'biasa', NULL);
INSERT INTO "nilai" ("id", "siswa_id", "tugas_id", "mapel_id", "nilai", "catatan", "created_at", "updated_at", "jenis_nilai", "nilai_bahasa") VALUES (122, 25, NULL, 2, 96, NULL, '2026-07-21 10:44:14', '2026-07-21 10:44:14', 'biasa', NULL);
INSERT INTO "nilai" ("id", "siswa_id", "tugas_id", "mapel_id", "nilai", "catatan", "created_at", "updated_at", "jenis_nilai", "nilai_bahasa") VALUES (123, 25, NULL, 3, 92, NULL, '2026-07-21 10:44:14', '2026-07-21 10:44:14', 'biasa', NULL);
INSERT INTO "nilai" ("id", "siswa_id", "tugas_id", "mapel_id", "nilai", "catatan", "created_at", "updated_at", "jenis_nilai", "nilai_bahasa") VALUES (124, 25, NULL, 4, 88, NULL, '2026-07-21 10:44:14', '2026-07-21 10:44:14', 'biasa', NULL);
INSERT INTO "nilai" ("id", "siswa_id", "tugas_id", "mapel_id", "nilai", "catatan", "created_at", "updated_at", "jenis_nilai", "nilai_bahasa") VALUES (125, 25, NULL, 5, 80, NULL, '2026-07-21 10:44:14', '2026-07-21 10:44:14', 'biasa', NULL);
INSERT INTO "nilai" ("id", "siswa_id", "tugas_id", "mapel_id", "nilai", "catatan", "created_at", "updated_at", "jenis_nilai", "nilai_bahasa") VALUES (126, 26, NULL, 1, 99, NULL, '2026-07-21 10:44:14', '2026-07-21 10:44:14', 'biasa', NULL);
INSERT INTO "nilai" ("id", "siswa_id", "tugas_id", "mapel_id", "nilai", "catatan", "created_at", "updated_at", "jenis_nilai", "nilai_bahasa") VALUES (127, 26, NULL, 2, 93, NULL, '2026-07-21 10:44:14', '2026-07-21 10:44:14', 'biasa', NULL);
INSERT INTO "nilai" ("id", "siswa_id", "tugas_id", "mapel_id", "nilai", "catatan", "created_at", "updated_at", "jenis_nilai", "nilai_bahasa") VALUES (128, 26, NULL, 3, 80, NULL, '2026-07-21 10:44:14', '2026-07-21 10:44:14', 'biasa', NULL);
INSERT INTO "nilai" ("id", "siswa_id", "tugas_id", "mapel_id", "nilai", "catatan", "created_at", "updated_at", "jenis_nilai", "nilai_bahasa") VALUES (129, 26, NULL, 4, 93, NULL, '2026-07-21 10:44:14', '2026-07-21 10:44:14', 'biasa', NULL);
INSERT INTO "nilai" ("id", "siswa_id", "tugas_id", "mapel_id", "nilai", "catatan", "created_at", "updated_at", "jenis_nilai", "nilai_bahasa") VALUES (130, 26, NULL, 5, 90, NULL, '2026-07-21 10:44:14', '2026-07-21 10:44:14', 'biasa', NULL);
INSERT INTO "nilai" ("id", "siswa_id", "tugas_id", "mapel_id", "nilai", "catatan", "created_at", "updated_at", "jenis_nilai", "nilai_bahasa") VALUES (131, 27, NULL, 1, 84, NULL, '2026-07-21 10:44:14', '2026-07-21 10:44:14', 'biasa', NULL);
INSERT INTO "nilai" ("id", "siswa_id", "tugas_id", "mapel_id", "nilai", "catatan", "created_at", "updated_at", "jenis_nilai", "nilai_bahasa") VALUES (132, 27, NULL, 2, 100, NULL, '2026-07-21 10:44:14', '2026-07-21 10:44:14', 'biasa', NULL);
INSERT INTO "nilai" ("id", "siswa_id", "tugas_id", "mapel_id", "nilai", "catatan", "created_at", "updated_at", "jenis_nilai", "nilai_bahasa") VALUES (133, 27, NULL, 3, 96, NULL, '2026-07-21 10:44:14', '2026-07-21 10:44:14', 'biasa', NULL);
INSERT INTO "nilai" ("id", "siswa_id", "tugas_id", "mapel_id", "nilai", "catatan", "created_at", "updated_at", "jenis_nilai", "nilai_bahasa") VALUES (134, 27, NULL, 4, 99, NULL, '2026-07-21 10:44:14', '2026-07-21 10:44:14', 'biasa', NULL);
INSERT INTO "nilai" ("id", "siswa_id", "tugas_id", "mapel_id", "nilai", "catatan", "created_at", "updated_at", "jenis_nilai", "nilai_bahasa") VALUES (135, 27, NULL, 5, 93, NULL, '2026-07-21 10:44:14', '2026-07-21 10:44:14', 'biasa', NULL);
INSERT INTO "nilai" ("id", "siswa_id", "tugas_id", "mapel_id", "nilai", "catatan", "created_at", "updated_at", "jenis_nilai", "nilai_bahasa") VALUES (136, 28, NULL, 1, 81, NULL, '2026-07-21 10:44:14', '2026-07-21 10:44:14', 'biasa', NULL);
INSERT INTO "nilai" ("id", "siswa_id", "tugas_id", "mapel_id", "nilai", "catatan", "created_at", "updated_at", "jenis_nilai", "nilai_bahasa") VALUES (137, 28, NULL, 2, 85, NULL, '2026-07-21 10:44:14', '2026-07-21 10:44:14', 'biasa', NULL);
INSERT INTO "nilai" ("id", "siswa_id", "tugas_id", "mapel_id", "nilai", "catatan", "created_at", "updated_at", "jenis_nilai", "nilai_bahasa") VALUES (138, 28, NULL, 3, 85, NULL, '2026-07-21 10:44:14', '2026-07-21 10:44:14', 'biasa', NULL);
INSERT INTO "nilai" ("id", "siswa_id", "tugas_id", "mapel_id", "nilai", "catatan", "created_at", "updated_at", "jenis_nilai", "nilai_bahasa") VALUES (139, 28, NULL, 4, 94, NULL, '2026-07-21 10:44:14', '2026-07-21 10:44:14', 'biasa', NULL);
INSERT INTO "nilai" ("id", "siswa_id", "tugas_id", "mapel_id", "nilai", "catatan", "created_at", "updated_at", "jenis_nilai", "nilai_bahasa") VALUES (140, 28, NULL, 5, 90, NULL, '2026-07-21 10:44:14', '2026-07-21 10:44:14', 'biasa', NULL);
INSERT INTO "nilai" ("id", "siswa_id", "tugas_id", "mapel_id", "nilai", "catatan", "created_at", "updated_at", "jenis_nilai", "nilai_bahasa") VALUES (141, 29, NULL, 1, 86, NULL, '2026-07-21 10:44:14', '2026-07-21 10:44:14', 'biasa', NULL);
INSERT INTO "nilai" ("id", "siswa_id", "tugas_id", "mapel_id", "nilai", "catatan", "created_at", "updated_at", "jenis_nilai", "nilai_bahasa") VALUES (142, 29, NULL, 2, 81, NULL, '2026-07-21 10:44:14', '2026-07-21 10:44:14', 'biasa', NULL);
INSERT INTO "nilai" ("id", "siswa_id", "tugas_id", "mapel_id", "nilai", "catatan", "created_at", "updated_at", "jenis_nilai", "nilai_bahasa") VALUES (143, 29, NULL, 3, 94, NULL, '2026-07-21 10:44:14', '2026-07-21 10:44:14', 'biasa', NULL);
INSERT INTO "nilai" ("id", "siswa_id", "tugas_id", "mapel_id", "nilai", "catatan", "created_at", "updated_at", "jenis_nilai", "nilai_bahasa") VALUES (144, 29, NULL, 4, 84, NULL, '2026-07-21 10:44:14', '2026-07-21 10:44:14', 'biasa', NULL);
INSERT INTO "nilai" ("id", "siswa_id", "tugas_id", "mapel_id", "nilai", "catatan", "created_at", "updated_at", "jenis_nilai", "nilai_bahasa") VALUES (145, 29, NULL, 5, 86, NULL, '2026-07-21 10:44:14', '2026-07-21 10:44:14', 'biasa', NULL);
INSERT INTO "nilai" ("id", "siswa_id", "tugas_id", "mapel_id", "nilai", "catatan", "created_at", "updated_at", "jenis_nilai", "nilai_bahasa") VALUES (146, 30, NULL, 1, 81, NULL, '2026-07-21 10:44:14', '2026-07-21 10:44:14', 'biasa', NULL);
INSERT INTO "nilai" ("id", "siswa_id", "tugas_id", "mapel_id", "nilai", "catatan", "created_at", "updated_at", "jenis_nilai", "nilai_bahasa") VALUES (147, 30, NULL, 2, 83, NULL, '2026-07-21 10:44:14', '2026-07-21 10:44:14', 'biasa', NULL);
INSERT INTO "nilai" ("id", "siswa_id", "tugas_id", "mapel_id", "nilai", "catatan", "created_at", "updated_at", "jenis_nilai", "nilai_bahasa") VALUES (148, 30, NULL, 3, 90, NULL, '2026-07-21 10:44:14', '2026-07-21 10:44:14', 'biasa', NULL);
INSERT INTO "nilai" ("id", "siswa_id", "tugas_id", "mapel_id", "nilai", "catatan", "created_at", "updated_at", "jenis_nilai", "nilai_bahasa") VALUES (149, 30, NULL, 4, 100, NULL, '2026-07-21 10:44:14', '2026-07-21 10:44:14', 'biasa', NULL);
INSERT INTO "nilai" ("id", "siswa_id", "tugas_id", "mapel_id", "nilai", "catatan", "created_at", "updated_at", "jenis_nilai", "nilai_bahasa") VALUES (150, 30, NULL, 5, 83, NULL, '2026-07-21 10:44:14', '2026-07-21 10:44:14', 'biasa', NULL);
INSERT INTO "nilai" ("id", "siswa_id", "tugas_id", "mapel_id", "nilai", "catatan", "created_at", "updated_at", "jenis_nilai", "nilai_bahasa") VALUES (151, 31, NULL, 1, 93, NULL, '2026-07-21 10:44:14', '2026-07-21 10:44:14', 'biasa', NULL);
INSERT INTO "nilai" ("id", "siswa_id", "tugas_id", "mapel_id", "nilai", "catatan", "created_at", "updated_at", "jenis_nilai", "nilai_bahasa") VALUES (152, 31, NULL, 2, 97, NULL, '2026-07-21 10:44:14', '2026-07-21 10:44:14', 'biasa', NULL);
INSERT INTO "nilai" ("id", "siswa_id", "tugas_id", "mapel_id", "nilai", "catatan", "created_at", "updated_at", "jenis_nilai", "nilai_bahasa") VALUES (153, 31, NULL, 3, 87, NULL, '2026-07-21 10:44:14', '2026-07-21 10:44:14', 'biasa', NULL);
INSERT INTO "nilai" ("id", "siswa_id", "tugas_id", "mapel_id", "nilai", "catatan", "created_at", "updated_at", "jenis_nilai", "nilai_bahasa") VALUES (154, 31, NULL, 4, 77, NULL, '2026-07-21 10:44:14', '2026-07-21 10:44:14', 'biasa', NULL);
INSERT INTO "nilai" ("id", "siswa_id", "tugas_id", "mapel_id", "nilai", "catatan", "created_at", "updated_at", "jenis_nilai", "nilai_bahasa") VALUES (155, 31, NULL, 5, 80, NULL, '2026-07-21 10:44:14', '2026-07-21 10:44:14', 'biasa', NULL);
INSERT INTO "nilai" ("id", "siswa_id", "tugas_id", "mapel_id", "nilai", "catatan", "created_at", "updated_at", "jenis_nilai", "nilai_bahasa") VALUES (156, 32, NULL, 1, 82, NULL, '2026-07-21 10:44:14', '2026-07-21 10:44:14', 'biasa', NULL);
INSERT INTO "nilai" ("id", "siswa_id", "tugas_id", "mapel_id", "nilai", "catatan", "created_at", "updated_at", "jenis_nilai", "nilai_bahasa") VALUES (157, 32, NULL, 2, 96, NULL, '2026-07-21 10:44:14', '2026-07-21 10:44:14', 'biasa', NULL);
INSERT INTO "nilai" ("id", "siswa_id", "tugas_id", "mapel_id", "nilai", "catatan", "created_at", "updated_at", "jenis_nilai", "nilai_bahasa") VALUES (158, 32, NULL, 3, 94, NULL, '2026-07-21 10:44:14', '2026-07-21 10:44:14', 'biasa', NULL);
INSERT INTO "nilai" ("id", "siswa_id", "tugas_id", "mapel_id", "nilai", "catatan", "created_at", "updated_at", "jenis_nilai", "nilai_bahasa") VALUES (159, 32, NULL, 4, 98, NULL, '2026-07-21 10:44:14', '2026-07-21 10:44:14', 'biasa', NULL);
INSERT INTO "nilai" ("id", "siswa_id", "tugas_id", "mapel_id", "nilai", "catatan", "created_at", "updated_at", "jenis_nilai", "nilai_bahasa") VALUES (160, 32, NULL, 5, 77, NULL, '2026-07-21 10:44:14', '2026-07-21 10:44:14', 'biasa', NULL);
INSERT INTO "nilai" ("id", "siswa_id", "tugas_id", "mapel_id", "nilai", "catatan", "created_at", "updated_at", "jenis_nilai", "nilai_bahasa") VALUES (161, 33, NULL, 1, 96, NULL, '2026-07-21 10:44:14', '2026-07-21 10:44:14', 'biasa', NULL);
INSERT INTO "nilai" ("id", "siswa_id", "tugas_id", "mapel_id", "nilai", "catatan", "created_at", "updated_at", "jenis_nilai", "nilai_bahasa") VALUES (162, 33, NULL, 2, 92, NULL, '2026-07-21 10:44:14', '2026-07-21 10:44:14', 'biasa', NULL);
INSERT INTO "nilai" ("id", "siswa_id", "tugas_id", "mapel_id", "nilai", "catatan", "created_at", "updated_at", "jenis_nilai", "nilai_bahasa") VALUES (163, 33, NULL, 3, 80, NULL, '2026-07-21 10:44:14', '2026-07-21 10:44:14', 'biasa', NULL);
INSERT INTO "nilai" ("id", "siswa_id", "tugas_id", "mapel_id", "nilai", "catatan", "created_at", "updated_at", "jenis_nilai", "nilai_bahasa") VALUES (164, 33, NULL, 4, 75, NULL, '2026-07-21 10:44:14', '2026-07-21 10:44:14', 'biasa', NULL);
INSERT INTO "nilai" ("id", "siswa_id", "tugas_id", "mapel_id", "nilai", "catatan", "created_at", "updated_at", "jenis_nilai", "nilai_bahasa") VALUES (165, 33, NULL, 5, 96, NULL, '2026-07-21 10:44:14', '2026-07-21 10:44:14', 'biasa', NULL);
INSERT INTO "nilai" ("id", "siswa_id", "tugas_id", "mapel_id", "nilai", "catatan", "created_at", "updated_at", "jenis_nilai", "nilai_bahasa") VALUES (166, 34, NULL, 1, 82, NULL, '2026-07-21 10:44:14', '2026-07-21 10:44:14', 'biasa', NULL);
INSERT INTO "nilai" ("id", "siswa_id", "tugas_id", "mapel_id", "nilai", "catatan", "created_at", "updated_at", "jenis_nilai", "nilai_bahasa") VALUES (167, 34, NULL, 2, 85, NULL, '2026-07-21 10:44:14', '2026-07-21 10:44:14', 'biasa', NULL);
INSERT INTO "nilai" ("id", "siswa_id", "tugas_id", "mapel_id", "nilai", "catatan", "created_at", "updated_at", "jenis_nilai", "nilai_bahasa") VALUES (168, 34, NULL, 3, 75, NULL, '2026-07-21 10:44:14', '2026-07-21 10:44:14', 'biasa', NULL);
INSERT INTO "nilai" ("id", "siswa_id", "tugas_id", "mapel_id", "nilai", "catatan", "created_at", "updated_at", "jenis_nilai", "nilai_bahasa") VALUES (169, 34, NULL, 4, 92, NULL, '2026-07-21 10:44:14', '2026-07-21 10:44:14', 'biasa', NULL);
INSERT INTO "nilai" ("id", "siswa_id", "tugas_id", "mapel_id", "nilai", "catatan", "created_at", "updated_at", "jenis_nilai", "nilai_bahasa") VALUES (170, 34, NULL, 5, 94, NULL, '2026-07-21 10:44:14', '2026-07-21 10:44:14', 'biasa', NULL);
INSERT INTO "nilai" ("id", "siswa_id", "tugas_id", "mapel_id", "nilai", "catatan", "created_at", "updated_at", "jenis_nilai", "nilai_bahasa") VALUES (171, 35, NULL, 1, 94, NULL, '2026-07-21 10:44:14', '2026-07-21 10:44:14', 'biasa', NULL);
INSERT INTO "nilai" ("id", "siswa_id", "tugas_id", "mapel_id", "nilai", "catatan", "created_at", "updated_at", "jenis_nilai", "nilai_bahasa") VALUES (172, 35, NULL, 2, 87, NULL, '2026-07-21 10:44:14', '2026-07-21 10:44:14', 'biasa', NULL);
INSERT INTO "nilai" ("id", "siswa_id", "tugas_id", "mapel_id", "nilai", "catatan", "created_at", "updated_at", "jenis_nilai", "nilai_bahasa") VALUES (173, 35, NULL, 3, 94, NULL, '2026-07-21 10:44:14', '2026-07-21 10:44:14', 'biasa', NULL);
INSERT INTO "nilai" ("id", "siswa_id", "tugas_id", "mapel_id", "nilai", "catatan", "created_at", "updated_at", "jenis_nilai", "nilai_bahasa") VALUES (174, 35, NULL, 4, 86, NULL, '2026-07-21 10:44:14', '2026-07-21 10:44:14', 'biasa', NULL);
INSERT INTO "nilai" ("id", "siswa_id", "tugas_id", "mapel_id", "nilai", "catatan", "created_at", "updated_at", "jenis_nilai", "nilai_bahasa") VALUES (175, 35, NULL, 5, 91, NULL, '2026-07-21 10:44:14', '2026-07-21 10:44:14', 'biasa', NULL);
INSERT INTO "nilai" ("id", "siswa_id", "tugas_id", "mapel_id", "nilai", "catatan", "created_at", "updated_at", "jenis_nilai", "nilai_bahasa") VALUES (176, 36, NULL, 1, 84, NULL, '2026-07-21 10:44:14', '2026-07-21 10:44:14', 'biasa', NULL);
INSERT INTO "nilai" ("id", "siswa_id", "tugas_id", "mapel_id", "nilai", "catatan", "created_at", "updated_at", "jenis_nilai", "nilai_bahasa") VALUES (177, 36, NULL, 2, 78, NULL, '2026-07-21 10:44:14', '2026-07-21 10:44:14', 'biasa', NULL);
INSERT INTO "nilai" ("id", "siswa_id", "tugas_id", "mapel_id", "nilai", "catatan", "created_at", "updated_at", "jenis_nilai", "nilai_bahasa") VALUES (178, 36, NULL, 3, 93, NULL, '2026-07-21 10:44:14', '2026-07-21 10:44:14', 'biasa', NULL);
INSERT INTO "nilai" ("id", "siswa_id", "tugas_id", "mapel_id", "nilai", "catatan", "created_at", "updated_at", "jenis_nilai", "nilai_bahasa") VALUES (179, 36, NULL, 4, 89, NULL, '2026-07-21 10:44:14', '2026-07-21 10:44:14', 'biasa', NULL);
INSERT INTO "nilai" ("id", "siswa_id", "tugas_id", "mapel_id", "nilai", "catatan", "created_at", "updated_at", "jenis_nilai", "nilai_bahasa") VALUES (180, 36, NULL, 5, 88, NULL, '2026-07-21 10:44:14', '2026-07-21 10:44:14', 'biasa', NULL);
INSERT INTO "nilai" ("id", "siswa_id", "tugas_id", "mapel_id", "nilai", "catatan", "created_at", "updated_at", "jenis_nilai", "nilai_bahasa") VALUES (181, 37, NULL, 1, 76, NULL, '2026-07-21 10:44:14', '2026-07-21 10:44:14', 'biasa', NULL);
INSERT INTO "nilai" ("id", "siswa_id", "tugas_id", "mapel_id", "nilai", "catatan", "created_at", "updated_at", "jenis_nilai", "nilai_bahasa") VALUES (182, 37, NULL, 2, 100, NULL, '2026-07-21 10:44:14', '2026-07-21 10:44:14', 'biasa', NULL);
INSERT INTO "nilai" ("id", "siswa_id", "tugas_id", "mapel_id", "nilai", "catatan", "created_at", "updated_at", "jenis_nilai", "nilai_bahasa") VALUES (183, 37, NULL, 3, 79, NULL, '2026-07-21 10:44:14', '2026-07-21 10:44:14', 'biasa', NULL);
INSERT INTO "nilai" ("id", "siswa_id", "tugas_id", "mapel_id", "nilai", "catatan", "created_at", "updated_at", "jenis_nilai", "nilai_bahasa") VALUES (184, 37, NULL, 4, 94, NULL, '2026-07-21 10:44:14', '2026-07-21 10:44:14', 'biasa', NULL);
INSERT INTO "nilai" ("id", "siswa_id", "tugas_id", "mapel_id", "nilai", "catatan", "created_at", "updated_at", "jenis_nilai", "nilai_bahasa") VALUES (185, 37, NULL, 5, 77, NULL, '2026-07-21 10:44:14', '2026-07-21 10:44:14', 'biasa', NULL);
INSERT INTO "nilai" ("id", "siswa_id", "tugas_id", "mapel_id", "nilai", "catatan", "created_at", "updated_at", "jenis_nilai", "nilai_bahasa") VALUES (186, 38, NULL, 1, 87, NULL, '2026-07-21 10:44:14', '2026-07-21 10:44:14', 'biasa', NULL);
INSERT INTO "nilai" ("id", "siswa_id", "tugas_id", "mapel_id", "nilai", "catatan", "created_at", "updated_at", "jenis_nilai", "nilai_bahasa") VALUES (187, 38, NULL, 2, 99, NULL, '2026-07-21 10:44:14', '2026-07-21 10:44:14', 'biasa', NULL);
INSERT INTO "nilai" ("id", "siswa_id", "tugas_id", "mapel_id", "nilai", "catatan", "created_at", "updated_at", "jenis_nilai", "nilai_bahasa") VALUES (188, 38, NULL, 3, 97, NULL, '2026-07-21 10:44:14', '2026-07-21 10:44:14', 'biasa', NULL);
INSERT INTO "nilai" ("id", "siswa_id", "tugas_id", "mapel_id", "nilai", "catatan", "created_at", "updated_at", "jenis_nilai", "nilai_bahasa") VALUES (189, 38, NULL, 4, 89, NULL, '2026-07-21 10:44:14', '2026-07-21 10:44:14', 'biasa', NULL);
INSERT INTO "nilai" ("id", "siswa_id", "tugas_id", "mapel_id", "nilai", "catatan", "created_at", "updated_at", "jenis_nilai", "nilai_bahasa") VALUES (190, 38, NULL, 5, 100, NULL, '2026-07-21 10:44:14', '2026-07-21 10:44:14', 'biasa', NULL);
INSERT INTO "nilai" ("id", "siswa_id", "tugas_id", "mapel_id", "nilai", "catatan", "created_at", "updated_at", "jenis_nilai", "nilai_bahasa") VALUES (191, 39, NULL, 1, 89, NULL, '2026-07-21 10:44:14', '2026-07-21 10:44:14', 'biasa', NULL);
INSERT INTO "nilai" ("id", "siswa_id", "tugas_id", "mapel_id", "nilai", "catatan", "created_at", "updated_at", "jenis_nilai", "nilai_bahasa") VALUES (192, 39, NULL, 2, 76, NULL, '2026-07-21 10:44:14', '2026-07-21 10:44:14', 'biasa', NULL);
INSERT INTO "nilai" ("id", "siswa_id", "tugas_id", "mapel_id", "nilai", "catatan", "created_at", "updated_at", "jenis_nilai", "nilai_bahasa") VALUES (193, 39, NULL, 3, 89, NULL, '2026-07-21 10:44:14', '2026-07-21 10:44:14', 'biasa', NULL);
INSERT INTO "nilai" ("id", "siswa_id", "tugas_id", "mapel_id", "nilai", "catatan", "created_at", "updated_at", "jenis_nilai", "nilai_bahasa") VALUES (194, 39, NULL, 4, 77, NULL, '2026-07-21 10:44:14', '2026-07-21 10:44:14', 'biasa', NULL);
INSERT INTO "nilai" ("id", "siswa_id", "tugas_id", "mapel_id", "nilai", "catatan", "created_at", "updated_at", "jenis_nilai", "nilai_bahasa") VALUES (195, 39, NULL, 5, 90, NULL, '2026-07-21 10:44:14', '2026-07-21 10:44:14', 'biasa', NULL);
INSERT INTO "nilai" ("id", "siswa_id", "tugas_id", "mapel_id", "nilai", "catatan", "created_at", "updated_at", "jenis_nilai", "nilai_bahasa") VALUES (196, 40, NULL, 1, 76, NULL, '2026-07-21 10:44:14', '2026-07-21 10:44:14', 'biasa', NULL);
INSERT INTO "nilai" ("id", "siswa_id", "tugas_id", "mapel_id", "nilai", "catatan", "created_at", "updated_at", "jenis_nilai", "nilai_bahasa") VALUES (197, 40, NULL, 2, 96, NULL, '2026-07-21 10:44:14', '2026-07-21 10:44:14', 'biasa', NULL);
INSERT INTO "nilai" ("id", "siswa_id", "tugas_id", "mapel_id", "nilai", "catatan", "created_at", "updated_at", "jenis_nilai", "nilai_bahasa") VALUES (198, 40, NULL, 3, 93, NULL, '2026-07-21 10:44:14', '2026-07-21 10:44:14', 'biasa', NULL);
INSERT INTO "nilai" ("id", "siswa_id", "tugas_id", "mapel_id", "nilai", "catatan", "created_at", "updated_at", "jenis_nilai", "nilai_bahasa") VALUES (199, 40, NULL, 4, 100, NULL, '2026-07-21 10:44:14', '2026-07-21 10:44:14', 'biasa', NULL);
INSERT INTO "nilai" ("id", "siswa_id", "tugas_id", "mapel_id", "nilai", "catatan", "created_at", "updated_at", "jenis_nilai", "nilai_bahasa") VALUES (200, 40, NULL, 5, 91, NULL, '2026-07-21 10:44:14', '2026-07-21 10:44:14', 'biasa', NULL);
INSERT INTO "nilai" ("id", "siswa_id", "tugas_id", "mapel_id", "nilai", "catatan", "created_at", "updated_at", "jenis_nilai", "nilai_bahasa") VALUES (201, 41, NULL, 1, 100, NULL, '2026-07-21 10:44:14', '2026-07-21 10:44:14', 'biasa', NULL);
INSERT INTO "nilai" ("id", "siswa_id", "tugas_id", "mapel_id", "nilai", "catatan", "created_at", "updated_at", "jenis_nilai", "nilai_bahasa") VALUES (202, 41, NULL, 2, 78, NULL, '2026-07-21 10:44:14', '2026-07-21 10:44:14', 'biasa', NULL);
INSERT INTO "nilai" ("id", "siswa_id", "tugas_id", "mapel_id", "nilai", "catatan", "created_at", "updated_at", "jenis_nilai", "nilai_bahasa") VALUES (203, 41, NULL, 3, 79, NULL, '2026-07-21 10:44:14', '2026-07-21 10:44:14', 'biasa', NULL);
INSERT INTO "nilai" ("id", "siswa_id", "tugas_id", "mapel_id", "nilai", "catatan", "created_at", "updated_at", "jenis_nilai", "nilai_bahasa") VALUES (204, 41, NULL, 4, 79, NULL, '2026-07-21 10:44:14', '2026-07-21 10:44:14', 'biasa', NULL);
INSERT INTO "nilai" ("id", "siswa_id", "tugas_id", "mapel_id", "nilai", "catatan", "created_at", "updated_at", "jenis_nilai", "nilai_bahasa") VALUES (205, 41, NULL, 5, 81, NULL, '2026-07-21 10:44:14', '2026-07-21 10:44:14', 'biasa', NULL);
INSERT INTO "nilai" ("id", "siswa_id", "tugas_id", "mapel_id", "nilai", "catatan", "created_at", "updated_at", "jenis_nilai", "nilai_bahasa") VALUES (206, 42, NULL, 1, 86, NULL, '2026-07-21 10:44:14', '2026-07-21 10:44:14', 'biasa', NULL);
INSERT INTO "nilai" ("id", "siswa_id", "tugas_id", "mapel_id", "nilai", "catatan", "created_at", "updated_at", "jenis_nilai", "nilai_bahasa") VALUES (207, 42, NULL, 2, 83, NULL, '2026-07-21 10:44:14', '2026-07-21 10:44:14', 'biasa', NULL);
INSERT INTO "nilai" ("id", "siswa_id", "tugas_id", "mapel_id", "nilai", "catatan", "created_at", "updated_at", "jenis_nilai", "nilai_bahasa") VALUES (208, 42, NULL, 3, 99, NULL, '2026-07-21 10:44:14', '2026-07-21 10:44:14', 'biasa', NULL);
INSERT INTO "nilai" ("id", "siswa_id", "tugas_id", "mapel_id", "nilai", "catatan", "created_at", "updated_at", "jenis_nilai", "nilai_bahasa") VALUES (209, 42, NULL, 4, 80, NULL, '2026-07-21 10:44:14', '2026-07-21 10:44:14', 'biasa', NULL);
INSERT INTO "nilai" ("id", "siswa_id", "tugas_id", "mapel_id", "nilai", "catatan", "created_at", "updated_at", "jenis_nilai", "nilai_bahasa") VALUES (210, 42, NULL, 5, 86, NULL, '2026-07-21 10:44:14', '2026-07-21 10:44:14', 'biasa', NULL);
INSERT INTO "nilai" ("id", "siswa_id", "tugas_id", "mapel_id", "nilai", "catatan", "created_at", "updated_at", "jenis_nilai", "nilai_bahasa") VALUES (211, 43, NULL, 1, 100, NULL, '2026-07-21 10:44:14', '2026-07-21 10:44:14', 'biasa', NULL);
INSERT INTO "nilai" ("id", "siswa_id", "tugas_id", "mapel_id", "nilai", "catatan", "created_at", "updated_at", "jenis_nilai", "nilai_bahasa") VALUES (212, 43, NULL, 2, 98, NULL, '2026-07-21 10:44:14', '2026-07-21 10:44:14', 'biasa', NULL);
INSERT INTO "nilai" ("id", "siswa_id", "tugas_id", "mapel_id", "nilai", "catatan", "created_at", "updated_at", "jenis_nilai", "nilai_bahasa") VALUES (213, 43, NULL, 3, 85, NULL, '2026-07-21 10:44:14', '2026-07-21 10:44:14', 'biasa', NULL);
INSERT INTO "nilai" ("id", "siswa_id", "tugas_id", "mapel_id", "nilai", "catatan", "created_at", "updated_at", "jenis_nilai", "nilai_bahasa") VALUES (214, 43, NULL, 4, 79, NULL, '2026-07-21 10:44:14', '2026-07-21 10:44:14', 'biasa', NULL);
INSERT INTO "nilai" ("id", "siswa_id", "tugas_id", "mapel_id", "nilai", "catatan", "created_at", "updated_at", "jenis_nilai", "nilai_bahasa") VALUES (215, 43, NULL, 5, 85, NULL, '2026-07-21 10:44:14', '2026-07-21 10:44:14', 'biasa', NULL);
INSERT INTO "nilai" ("id", "siswa_id", "tugas_id", "mapel_id", "nilai", "catatan", "created_at", "updated_at", "jenis_nilai", "nilai_bahasa") VALUES (216, 44, NULL, 1, 90, NULL, '2026-07-21 10:44:14', '2026-07-21 10:44:14', 'biasa', NULL);
INSERT INTO "nilai" ("id", "siswa_id", "tugas_id", "mapel_id", "nilai", "catatan", "created_at", "updated_at", "jenis_nilai", "nilai_bahasa") VALUES (217, 44, NULL, 2, 75, NULL, '2026-07-21 10:44:14', '2026-07-21 10:44:14', 'biasa', NULL);
INSERT INTO "nilai" ("id", "siswa_id", "tugas_id", "mapel_id", "nilai", "catatan", "created_at", "updated_at", "jenis_nilai", "nilai_bahasa") VALUES (218, 44, NULL, 3, 93, NULL, '2026-07-21 10:44:14', '2026-07-21 10:44:14', 'biasa', NULL);
INSERT INTO "nilai" ("id", "siswa_id", "tugas_id", "mapel_id", "nilai", "catatan", "created_at", "updated_at", "jenis_nilai", "nilai_bahasa") VALUES (219, 44, NULL, 4, 78, NULL, '2026-07-21 10:44:14', '2026-07-21 10:44:14', 'biasa', NULL);
INSERT INTO "nilai" ("id", "siswa_id", "tugas_id", "mapel_id", "nilai", "catatan", "created_at", "updated_at", "jenis_nilai", "nilai_bahasa") VALUES (220, 44, NULL, 5, 76, NULL, '2026-07-21 10:44:14', '2026-07-21 10:44:14', 'biasa', NULL);
INSERT INTO "nilai" ("id", "siswa_id", "tugas_id", "mapel_id", "nilai", "catatan", "created_at", "updated_at", "jenis_nilai", "nilai_bahasa") VALUES (221, 45, NULL, 1, 77, NULL, '2026-07-21 10:44:14', '2026-07-21 10:44:14', 'biasa', NULL);
INSERT INTO "nilai" ("id", "siswa_id", "tugas_id", "mapel_id", "nilai", "catatan", "created_at", "updated_at", "jenis_nilai", "nilai_bahasa") VALUES (222, 45, NULL, 2, 75, NULL, '2026-07-21 10:44:14', '2026-07-21 10:44:14', 'biasa', NULL);
INSERT INTO "nilai" ("id", "siswa_id", "tugas_id", "mapel_id", "nilai", "catatan", "created_at", "updated_at", "jenis_nilai", "nilai_bahasa") VALUES (223, 45, NULL, 3, 79, NULL, '2026-07-21 10:44:14', '2026-07-21 10:44:14', 'biasa', NULL);
INSERT INTO "nilai" ("id", "siswa_id", "tugas_id", "mapel_id", "nilai", "catatan", "created_at", "updated_at", "jenis_nilai", "nilai_bahasa") VALUES (224, 45, NULL, 4, 82, NULL, '2026-07-21 10:44:14', '2026-07-21 10:44:14', 'biasa', NULL);
INSERT INTO "nilai" ("id", "siswa_id", "tugas_id", "mapel_id", "nilai", "catatan", "created_at", "updated_at", "jenis_nilai", "nilai_bahasa") VALUES (225, 45, NULL, 5, 80, NULL, '2026-07-21 10:44:14', '2026-07-21 10:44:14', 'biasa', NULL);
INSERT INTO "nilai" ("id", "siswa_id", "tugas_id", "mapel_id", "nilai", "catatan", "created_at", "updated_at", "jenis_nilai", "nilai_bahasa") VALUES (226, 46, NULL, 1, 99, NULL, '2026-07-21 10:44:14', '2026-07-21 10:44:14', 'biasa', NULL);
INSERT INTO "nilai" ("id", "siswa_id", "tugas_id", "mapel_id", "nilai", "catatan", "created_at", "updated_at", "jenis_nilai", "nilai_bahasa") VALUES (227, 46, NULL, 2, 98, NULL, '2026-07-21 10:44:14', '2026-07-21 10:44:14', 'biasa', NULL);
INSERT INTO "nilai" ("id", "siswa_id", "tugas_id", "mapel_id", "nilai", "catatan", "created_at", "updated_at", "jenis_nilai", "nilai_bahasa") VALUES (228, 46, NULL, 3, 81, NULL, '2026-07-21 10:44:14', '2026-07-21 10:44:14', 'biasa', NULL);
INSERT INTO "nilai" ("id", "siswa_id", "tugas_id", "mapel_id", "nilai", "catatan", "created_at", "updated_at", "jenis_nilai", "nilai_bahasa") VALUES (229, 46, NULL, 4, 94, NULL, '2026-07-21 10:44:14', '2026-07-21 10:44:14', 'biasa', NULL);
INSERT INTO "nilai" ("id", "siswa_id", "tugas_id", "mapel_id", "nilai", "catatan", "created_at", "updated_at", "jenis_nilai", "nilai_bahasa") VALUES (230, 46, NULL, 5, 94, NULL, '2026-07-21 10:44:14', '2026-07-21 10:44:14', 'biasa', NULL);
INSERT INTO "nilai" ("id", "siswa_id", "tugas_id", "mapel_id", "nilai", "catatan", "created_at", "updated_at", "jenis_nilai", "nilai_bahasa") VALUES (231, 47, NULL, 1, 96, NULL, '2026-07-21 10:44:14', '2026-07-21 10:44:14', 'biasa', NULL);
INSERT INTO "nilai" ("id", "siswa_id", "tugas_id", "mapel_id", "nilai", "catatan", "created_at", "updated_at", "jenis_nilai", "nilai_bahasa") VALUES (232, 47, NULL, 2, 96, NULL, '2026-07-21 10:44:14', '2026-07-21 10:44:14', 'biasa', NULL);
INSERT INTO "nilai" ("id", "siswa_id", "tugas_id", "mapel_id", "nilai", "catatan", "created_at", "updated_at", "jenis_nilai", "nilai_bahasa") VALUES (233, 47, NULL, 3, 94, NULL, '2026-07-21 10:44:14', '2026-07-21 10:44:14', 'biasa', NULL);
INSERT INTO "nilai" ("id", "siswa_id", "tugas_id", "mapel_id", "nilai", "catatan", "created_at", "updated_at", "jenis_nilai", "nilai_bahasa") VALUES (234, 47, NULL, 4, 90, NULL, '2026-07-21 10:44:14', '2026-07-21 10:44:14', 'biasa', NULL);
INSERT INTO "nilai" ("id", "siswa_id", "tugas_id", "mapel_id", "nilai", "catatan", "created_at", "updated_at", "jenis_nilai", "nilai_bahasa") VALUES (235, 47, NULL, 5, 94, NULL, '2026-07-21 10:44:14', '2026-07-21 10:44:14', 'biasa', NULL);
INSERT INTO "nilai" ("id", "siswa_id", "tugas_id", "mapel_id", "nilai", "catatan", "created_at", "updated_at", "jenis_nilai", "nilai_bahasa") VALUES (236, 48, NULL, 1, 96, NULL, '2026-07-21 10:44:14', '2026-07-21 10:44:14', 'biasa', NULL);
INSERT INTO "nilai" ("id", "siswa_id", "tugas_id", "mapel_id", "nilai", "catatan", "created_at", "updated_at", "jenis_nilai", "nilai_bahasa") VALUES (237, 48, NULL, 2, 93, NULL, '2026-07-21 10:44:14', '2026-07-21 10:44:14', 'biasa', NULL);
INSERT INTO "nilai" ("id", "siswa_id", "tugas_id", "mapel_id", "nilai", "catatan", "created_at", "updated_at", "jenis_nilai", "nilai_bahasa") VALUES (238, 48, NULL, 3, 80, NULL, '2026-07-21 10:44:14', '2026-07-21 10:44:14', 'biasa', NULL);
INSERT INTO "nilai" ("id", "siswa_id", "tugas_id", "mapel_id", "nilai", "catatan", "created_at", "updated_at", "jenis_nilai", "nilai_bahasa") VALUES (239, 48, NULL, 4, 94, NULL, '2026-07-21 10:44:14', '2026-07-21 10:44:14', 'biasa', NULL);
INSERT INTO "nilai" ("id", "siswa_id", "tugas_id", "mapel_id", "nilai", "catatan", "created_at", "updated_at", "jenis_nilai", "nilai_bahasa") VALUES (240, 48, NULL, 5, 86, NULL, '2026-07-21 10:44:14', '2026-07-21 10:44:14', 'biasa', NULL);
INSERT INTO "nilai" ("id", "siswa_id", "tugas_id", "mapel_id", "nilai", "catatan", "created_at", "updated_at", "jenis_nilai", "nilai_bahasa") VALUES (241, 49, NULL, 1, 88, NULL, '2026-07-21 10:44:14', '2026-07-21 10:44:14', 'biasa', NULL);
INSERT INTO "nilai" ("id", "siswa_id", "tugas_id", "mapel_id", "nilai", "catatan", "created_at", "updated_at", "jenis_nilai", "nilai_bahasa") VALUES (242, 49, NULL, 2, 83, NULL, '2026-07-21 10:44:14', '2026-07-21 10:44:14', 'biasa', NULL);
INSERT INTO "nilai" ("id", "siswa_id", "tugas_id", "mapel_id", "nilai", "catatan", "created_at", "updated_at", "jenis_nilai", "nilai_bahasa") VALUES (243, 49, NULL, 3, 92, NULL, '2026-07-21 10:44:14', '2026-07-21 10:44:14', 'biasa', NULL);
INSERT INTO "nilai" ("id", "siswa_id", "tugas_id", "mapel_id", "nilai", "catatan", "created_at", "updated_at", "jenis_nilai", "nilai_bahasa") VALUES (244, 49, NULL, 4, 89, NULL, '2026-07-21 10:44:14', '2026-07-21 10:44:14', 'biasa', NULL);
INSERT INTO "nilai" ("id", "siswa_id", "tugas_id", "mapel_id", "nilai", "catatan", "created_at", "updated_at", "jenis_nilai", "nilai_bahasa") VALUES (245, 49, NULL, 5, 85, NULL, '2026-07-21 10:44:14', '2026-07-21 10:44:14', 'biasa', NULL);
INSERT INTO "nilai" ("id", "siswa_id", "tugas_id", "mapel_id", "nilai", "catatan", "created_at", "updated_at", "jenis_nilai", "nilai_bahasa") VALUES (246, 50, NULL, 1, 81, NULL, '2026-07-21 10:44:14', '2026-07-21 10:44:14', 'biasa', NULL);
INSERT INTO "nilai" ("id", "siswa_id", "tugas_id", "mapel_id", "nilai", "catatan", "created_at", "updated_at", "jenis_nilai", "nilai_bahasa") VALUES (247, 50, NULL, 2, 83, NULL, '2026-07-21 10:44:14', '2026-07-21 10:44:14', 'biasa', NULL);
INSERT INTO "nilai" ("id", "siswa_id", "tugas_id", "mapel_id", "nilai", "catatan", "created_at", "updated_at", "jenis_nilai", "nilai_bahasa") VALUES (248, 50, NULL, 3, 75, NULL, '2026-07-21 10:44:14', '2026-07-21 10:44:14', 'biasa', NULL);
INSERT INTO "nilai" ("id", "siswa_id", "tugas_id", "mapel_id", "nilai", "catatan", "created_at", "updated_at", "jenis_nilai", "nilai_bahasa") VALUES (249, 50, NULL, 4, 80, NULL, '2026-07-21 10:44:14', '2026-07-21 10:44:14', 'biasa', NULL);
INSERT INTO "nilai" ("id", "siswa_id", "tugas_id", "mapel_id", "nilai", "catatan", "created_at", "updated_at", "jenis_nilai", "nilai_bahasa") VALUES (250, 50, NULL, 5, 78, NULL, '2026-07-21 10:44:14', '2026-07-21 10:44:14', 'biasa', NULL);
INSERT INTO "nilai" ("id", "siswa_id", "tugas_id", "mapel_id", "nilai", "catatan", "created_at", "updated_at", "jenis_nilai", "nilai_bahasa") VALUES (251, 51, NULL, 1, 93, NULL, '2026-07-21 10:44:14', '2026-07-21 10:44:14', 'biasa', NULL);
INSERT INTO "nilai" ("id", "siswa_id", "tugas_id", "mapel_id", "nilai", "catatan", "created_at", "updated_at", "jenis_nilai", "nilai_bahasa") VALUES (252, 51, NULL, 2, 86, NULL, '2026-07-21 10:44:14', '2026-07-21 10:44:14', 'biasa', NULL);
INSERT INTO "nilai" ("id", "siswa_id", "tugas_id", "mapel_id", "nilai", "catatan", "created_at", "updated_at", "jenis_nilai", "nilai_bahasa") VALUES (253, 51, NULL, 3, 83, NULL, '2026-07-21 10:44:14', '2026-07-21 10:44:14', 'biasa', NULL);
INSERT INTO "nilai" ("id", "siswa_id", "tugas_id", "mapel_id", "nilai", "catatan", "created_at", "updated_at", "jenis_nilai", "nilai_bahasa") VALUES (254, 51, NULL, 4, 93, NULL, '2026-07-21 10:44:14', '2026-07-21 10:44:14', 'biasa', NULL);
INSERT INTO "nilai" ("id", "siswa_id", "tugas_id", "mapel_id", "nilai", "catatan", "created_at", "updated_at", "jenis_nilai", "nilai_bahasa") VALUES (255, 51, NULL, 5, 87, NULL, '2026-07-21 10:44:14', '2026-07-21 10:44:14', 'biasa', NULL);
INSERT INTO "nilai" ("id", "siswa_id", "tugas_id", "mapel_id", "nilai", "catatan", "created_at", "updated_at", "jenis_nilai", "nilai_bahasa") VALUES (256, 52, NULL, 1, 82, NULL, '2026-07-21 10:44:14', '2026-07-21 10:44:14', 'biasa', NULL);
INSERT INTO "nilai" ("id", "siswa_id", "tugas_id", "mapel_id", "nilai", "catatan", "created_at", "updated_at", "jenis_nilai", "nilai_bahasa") VALUES (257, 52, NULL, 2, 77, NULL, '2026-07-21 10:44:14', '2026-07-21 10:44:14', 'biasa', NULL);
INSERT INTO "nilai" ("id", "siswa_id", "tugas_id", "mapel_id", "nilai", "catatan", "created_at", "updated_at", "jenis_nilai", "nilai_bahasa") VALUES (258, 52, NULL, 3, 92, NULL, '2026-07-21 10:44:14', '2026-07-21 10:44:14', 'biasa', NULL);
INSERT INTO "nilai" ("id", "siswa_id", "tugas_id", "mapel_id", "nilai", "catatan", "created_at", "updated_at", "jenis_nilai", "nilai_bahasa") VALUES (259, 52, NULL, 4, 75, NULL, '2026-07-21 10:44:14', '2026-07-21 10:44:14', 'biasa', NULL);
INSERT INTO "nilai" ("id", "siswa_id", "tugas_id", "mapel_id", "nilai", "catatan", "created_at", "updated_at", "jenis_nilai", "nilai_bahasa") VALUES (260, 52, NULL, 5, 90, NULL, '2026-07-21 10:44:14', '2026-07-21 10:44:14', 'biasa', NULL);
INSERT INTO "nilai" ("id", "siswa_id", "tugas_id", "mapel_id", "nilai", "catatan", "created_at", "updated_at", "jenis_nilai", "nilai_bahasa") VALUES (261, 53, NULL, 1, 98, NULL, '2026-07-21 10:44:14', '2026-07-21 10:44:14', 'biasa', NULL);
INSERT INTO "nilai" ("id", "siswa_id", "tugas_id", "mapel_id", "nilai", "catatan", "created_at", "updated_at", "jenis_nilai", "nilai_bahasa") VALUES (262, 53, NULL, 2, 87, NULL, '2026-07-21 10:44:14', '2026-07-21 10:44:14', 'biasa', NULL);
INSERT INTO "nilai" ("id", "siswa_id", "tugas_id", "mapel_id", "nilai", "catatan", "created_at", "updated_at", "jenis_nilai", "nilai_bahasa") VALUES (263, 53, NULL, 3, 97, NULL, '2026-07-21 10:44:14', '2026-07-21 10:44:14', 'biasa', NULL);
INSERT INTO "nilai" ("id", "siswa_id", "tugas_id", "mapel_id", "nilai", "catatan", "created_at", "updated_at", "jenis_nilai", "nilai_bahasa") VALUES (264, 53, NULL, 4, 78, NULL, '2026-07-21 10:44:14', '2026-07-21 10:44:14', 'biasa', NULL);
INSERT INTO "nilai" ("id", "siswa_id", "tugas_id", "mapel_id", "nilai", "catatan", "created_at", "updated_at", "jenis_nilai", "nilai_bahasa") VALUES (265, 53, NULL, 5, 89, NULL, '2026-07-21 10:44:14', '2026-07-21 10:44:14', 'biasa', NULL);
INSERT INTO "nilai" ("id", "siswa_id", "tugas_id", "mapel_id", "nilai", "catatan", "created_at", "updated_at", "jenis_nilai", "nilai_bahasa") VALUES (266, 54, NULL, 1, 75, NULL, '2026-07-21 10:44:14', '2026-07-21 10:44:14', 'biasa', NULL);
INSERT INTO "nilai" ("id", "siswa_id", "tugas_id", "mapel_id", "nilai", "catatan", "created_at", "updated_at", "jenis_nilai", "nilai_bahasa") VALUES (267, 54, NULL, 2, 100, NULL, '2026-07-21 10:44:14', '2026-07-21 10:44:14', 'biasa', NULL);
INSERT INTO "nilai" ("id", "siswa_id", "tugas_id", "mapel_id", "nilai", "catatan", "created_at", "updated_at", "jenis_nilai", "nilai_bahasa") VALUES (268, 54, NULL, 3, 81, NULL, '2026-07-21 10:44:14', '2026-07-21 10:44:14', 'biasa', NULL);
INSERT INTO "nilai" ("id", "siswa_id", "tugas_id", "mapel_id", "nilai", "catatan", "created_at", "updated_at", "jenis_nilai", "nilai_bahasa") VALUES (269, 54, NULL, 4, 89, NULL, '2026-07-21 10:44:14', '2026-07-21 10:44:14', 'biasa', NULL);
INSERT INTO "nilai" ("id", "siswa_id", "tugas_id", "mapel_id", "nilai", "catatan", "created_at", "updated_at", "jenis_nilai", "nilai_bahasa") VALUES (270, 54, NULL, 5, 96, NULL, '2026-07-21 10:44:14', '2026-07-21 10:44:14', 'biasa', NULL);
INSERT INTO "nilai" ("id", "siswa_id", "tugas_id", "mapel_id", "nilai", "catatan", "created_at", "updated_at", "jenis_nilai", "nilai_bahasa") VALUES (271, 55, NULL, 1, 92, NULL, '2026-07-21 10:44:14', '2026-07-21 10:44:14', 'biasa', NULL);
INSERT INTO "nilai" ("id", "siswa_id", "tugas_id", "mapel_id", "nilai", "catatan", "created_at", "updated_at", "jenis_nilai", "nilai_bahasa") VALUES (272, 55, NULL, 2, 92, NULL, '2026-07-21 10:44:14', '2026-07-21 10:44:14', 'biasa', NULL);
INSERT INTO "nilai" ("id", "siswa_id", "tugas_id", "mapel_id", "nilai", "catatan", "created_at", "updated_at", "jenis_nilai", "nilai_bahasa") VALUES (273, 55, NULL, 3, 90, NULL, '2026-07-21 10:44:14', '2026-07-21 10:44:14', 'biasa', NULL);
INSERT INTO "nilai" ("id", "siswa_id", "tugas_id", "mapel_id", "nilai", "catatan", "created_at", "updated_at", "jenis_nilai", "nilai_bahasa") VALUES (274, 55, NULL, 4, 77, NULL, '2026-07-21 10:44:14', '2026-07-21 10:44:14', 'biasa', NULL);
INSERT INTO "nilai" ("id", "siswa_id", "tugas_id", "mapel_id", "nilai", "catatan", "created_at", "updated_at", "jenis_nilai", "nilai_bahasa") VALUES (275, 55, NULL, 5, 79, NULL, '2026-07-21 10:44:14', '2026-07-21 10:44:14', 'biasa', NULL);
INSERT INTO "nilai" ("id", "siswa_id", "tugas_id", "mapel_id", "nilai", "catatan", "created_at", "updated_at", "jenis_nilai", "nilai_bahasa") VALUES (276, 56, NULL, 1, 94, NULL, '2026-07-21 10:44:14', '2026-07-21 10:44:14', 'biasa', NULL);
INSERT INTO "nilai" ("id", "siswa_id", "tugas_id", "mapel_id", "nilai", "catatan", "created_at", "updated_at", "jenis_nilai", "nilai_bahasa") VALUES (277, 56, NULL, 2, 90, NULL, '2026-07-21 10:44:14', '2026-07-21 10:44:14', 'biasa', NULL);
INSERT INTO "nilai" ("id", "siswa_id", "tugas_id", "mapel_id", "nilai", "catatan", "created_at", "updated_at", "jenis_nilai", "nilai_bahasa") VALUES (278, 56, NULL, 3, 80, NULL, '2026-07-21 10:44:14', '2026-07-21 10:44:14', 'biasa', NULL);
INSERT INTO "nilai" ("id", "siswa_id", "tugas_id", "mapel_id", "nilai", "catatan", "created_at", "updated_at", "jenis_nilai", "nilai_bahasa") VALUES (279, 56, NULL, 4, 87, NULL, '2026-07-21 10:44:14', '2026-07-21 10:44:14', 'biasa', NULL);
INSERT INTO "nilai" ("id", "siswa_id", "tugas_id", "mapel_id", "nilai", "catatan", "created_at", "updated_at", "jenis_nilai", "nilai_bahasa") VALUES (280, 56, NULL, 5, 79, NULL, '2026-07-21 10:44:14', '2026-07-21 10:44:14', 'biasa', NULL);
INSERT INTO "nilai" ("id", "siswa_id", "tugas_id", "mapel_id", "nilai", "catatan", "created_at", "updated_at", "jenis_nilai", "nilai_bahasa") VALUES (281, 57, NULL, 1, 78, NULL, '2026-07-21 10:44:14', '2026-07-21 10:44:14', 'biasa', NULL);
INSERT INTO "nilai" ("id", "siswa_id", "tugas_id", "mapel_id", "nilai", "catatan", "created_at", "updated_at", "jenis_nilai", "nilai_bahasa") VALUES (282, 57, NULL, 2, 96, NULL, '2026-07-21 10:44:14', '2026-07-21 10:44:14', 'biasa', NULL);
INSERT INTO "nilai" ("id", "siswa_id", "tugas_id", "mapel_id", "nilai", "catatan", "created_at", "updated_at", "jenis_nilai", "nilai_bahasa") VALUES (283, 57, NULL, 3, 77, NULL, '2026-07-21 10:44:14', '2026-07-21 10:44:14', 'biasa', NULL);
INSERT INTO "nilai" ("id", "siswa_id", "tugas_id", "mapel_id", "nilai", "catatan", "created_at", "updated_at", "jenis_nilai", "nilai_bahasa") VALUES (284, 57, NULL, 4, 96, NULL, '2026-07-21 10:44:14', '2026-07-21 10:44:14', 'biasa', NULL);
INSERT INTO "nilai" ("id", "siswa_id", "tugas_id", "mapel_id", "nilai", "catatan", "created_at", "updated_at", "jenis_nilai", "nilai_bahasa") VALUES (285, 57, NULL, 5, 95, NULL, '2026-07-21 10:44:14', '2026-07-21 10:44:14', 'biasa', NULL);
INSERT INTO "nilai" ("id", "siswa_id", "tugas_id", "mapel_id", "nilai", "catatan", "created_at", "updated_at", "jenis_nilai", "nilai_bahasa") VALUES (286, 58, NULL, 1, 84, NULL, '2026-07-21 10:44:14', '2026-07-21 10:44:14', 'biasa', NULL);
INSERT INTO "nilai" ("id", "siswa_id", "tugas_id", "mapel_id", "nilai", "catatan", "created_at", "updated_at", "jenis_nilai", "nilai_bahasa") VALUES (287, 58, NULL, 2, 87, NULL, '2026-07-21 10:44:14', '2026-07-21 10:44:14', 'biasa', NULL);
INSERT INTO "nilai" ("id", "siswa_id", "tugas_id", "mapel_id", "nilai", "catatan", "created_at", "updated_at", "jenis_nilai", "nilai_bahasa") VALUES (288, 58, NULL, 3, 79, NULL, '2026-07-21 10:44:14', '2026-07-21 10:44:14', 'biasa', NULL);
INSERT INTO "nilai" ("id", "siswa_id", "tugas_id", "mapel_id", "nilai", "catatan", "created_at", "updated_at", "jenis_nilai", "nilai_bahasa") VALUES (289, 58, NULL, 4, 80, NULL, '2026-07-21 10:44:14', '2026-07-21 10:44:14', 'biasa', NULL);
INSERT INTO "nilai" ("id", "siswa_id", "tugas_id", "mapel_id", "nilai", "catatan", "created_at", "updated_at", "jenis_nilai", "nilai_bahasa") VALUES (290, 58, NULL, 5, 100, NULL, '2026-07-21 10:44:14', '2026-07-21 10:44:14', 'biasa', NULL);
INSERT INTO "nilai" ("id", "siswa_id", "tugas_id", "mapel_id", "nilai", "catatan", "created_at", "updated_at", "jenis_nilai", "nilai_bahasa") VALUES (291, 59, NULL, 1, 85, NULL, '2026-07-21 10:44:14', '2026-07-21 10:44:14', 'biasa', NULL);
INSERT INTO "nilai" ("id", "siswa_id", "tugas_id", "mapel_id", "nilai", "catatan", "created_at", "updated_at", "jenis_nilai", "nilai_bahasa") VALUES (292, 59, NULL, 2, 97, NULL, '2026-07-21 10:44:14', '2026-07-21 10:44:14', 'biasa', NULL);
INSERT INTO "nilai" ("id", "siswa_id", "tugas_id", "mapel_id", "nilai", "catatan", "created_at", "updated_at", "jenis_nilai", "nilai_bahasa") VALUES (293, 59, NULL, 3, 90, NULL, '2026-07-21 10:44:14', '2026-07-21 10:44:14', 'biasa', NULL);
INSERT INTO "nilai" ("id", "siswa_id", "tugas_id", "mapel_id", "nilai", "catatan", "created_at", "updated_at", "jenis_nilai", "nilai_bahasa") VALUES (294, 59, NULL, 4, 93, NULL, '2026-07-21 10:44:14', '2026-07-21 10:44:14', 'biasa', NULL);
INSERT INTO "nilai" ("id", "siswa_id", "tugas_id", "mapel_id", "nilai", "catatan", "created_at", "updated_at", "jenis_nilai", "nilai_bahasa") VALUES (295, 59, NULL, 5, 88, NULL, '2026-07-21 10:44:14', '2026-07-21 10:44:14', 'biasa', NULL);
INSERT INTO "nilai" ("id", "siswa_id", "tugas_id", "mapel_id", "nilai", "catatan", "created_at", "updated_at", "jenis_nilai", "nilai_bahasa") VALUES (296, 60, NULL, 1, 78, NULL, '2026-07-21 10:44:14', '2026-07-21 10:44:14', 'biasa', NULL);
INSERT INTO "nilai" ("id", "siswa_id", "tugas_id", "mapel_id", "nilai", "catatan", "created_at", "updated_at", "jenis_nilai", "nilai_bahasa") VALUES (297, 60, NULL, 2, 83, NULL, '2026-07-21 10:44:14', '2026-07-21 10:44:14', 'biasa', NULL);
INSERT INTO "nilai" ("id", "siswa_id", "tugas_id", "mapel_id", "nilai", "catatan", "created_at", "updated_at", "jenis_nilai", "nilai_bahasa") VALUES (298, 60, NULL, 3, 83, NULL, '2026-07-21 10:44:14', '2026-07-21 10:44:14', 'biasa', NULL);
INSERT INTO "nilai" ("id", "siswa_id", "tugas_id", "mapel_id", "nilai", "catatan", "created_at", "updated_at", "jenis_nilai", "nilai_bahasa") VALUES (299, 60, NULL, 4, 80, NULL, '2026-07-21 10:44:14', '2026-07-21 10:44:14', 'biasa', NULL);
INSERT INTO "nilai" ("id", "siswa_id", "tugas_id", "mapel_id", "nilai", "catatan", "created_at", "updated_at", "jenis_nilai", "nilai_bahasa") VALUES (300, 60, NULL, 5, 100, NULL, '2026-07-21 10:44:14', '2026-07-21 10:44:14', 'biasa', NULL);
INSERT INTO "nilai" ("id", "siswa_id", "tugas_id", "mapel_id", "nilai", "catatan", "created_at", "updated_at", "jenis_nilai", "nilai_bahasa") VALUES (301, 61, NULL, 1, 96, NULL, '2026-07-21 10:44:14', '2026-07-21 10:44:14', 'biasa', NULL);
INSERT INTO "nilai" ("id", "siswa_id", "tugas_id", "mapel_id", "nilai", "catatan", "created_at", "updated_at", "jenis_nilai", "nilai_bahasa") VALUES (302, 61, NULL, 2, 86, NULL, '2026-07-21 10:44:14', '2026-07-21 10:44:14', 'biasa', NULL);
INSERT INTO "nilai" ("id", "siswa_id", "tugas_id", "mapel_id", "nilai", "catatan", "created_at", "updated_at", "jenis_nilai", "nilai_bahasa") VALUES (303, 61, NULL, 3, 98, NULL, '2026-07-21 10:44:14', '2026-07-21 10:44:14', 'biasa', NULL);
INSERT INTO "nilai" ("id", "siswa_id", "tugas_id", "mapel_id", "nilai", "catatan", "created_at", "updated_at", "jenis_nilai", "nilai_bahasa") VALUES (304, 61, NULL, 4, 78, NULL, '2026-07-21 10:44:14', '2026-07-21 10:44:14', 'biasa', NULL);
INSERT INTO "nilai" ("id", "siswa_id", "tugas_id", "mapel_id", "nilai", "catatan", "created_at", "updated_at", "jenis_nilai", "nilai_bahasa") VALUES (305, 61, NULL, 5, 97, NULL, '2026-07-21 10:44:14', '2026-07-21 10:44:14', 'biasa', NULL);
INSERT INTO "nilai" ("id", "siswa_id", "tugas_id", "mapel_id", "nilai", "catatan", "created_at", "updated_at", "jenis_nilai", "nilai_bahasa") VALUES (306, 62, NULL, 1, 96, NULL, '2026-07-21 10:44:14', '2026-07-21 10:44:14', 'biasa', NULL);
INSERT INTO "nilai" ("id", "siswa_id", "tugas_id", "mapel_id", "nilai", "catatan", "created_at", "updated_at", "jenis_nilai", "nilai_bahasa") VALUES (307, 62, NULL, 2, 84, NULL, '2026-07-21 10:44:14', '2026-07-21 10:44:14', 'biasa', NULL);
INSERT INTO "nilai" ("id", "siswa_id", "tugas_id", "mapel_id", "nilai", "catatan", "created_at", "updated_at", "jenis_nilai", "nilai_bahasa") VALUES (308, 62, NULL, 3, 96, NULL, '2026-07-21 10:44:14', '2026-07-21 10:44:14', 'biasa', NULL);
INSERT INTO "nilai" ("id", "siswa_id", "tugas_id", "mapel_id", "nilai", "catatan", "created_at", "updated_at", "jenis_nilai", "nilai_bahasa") VALUES (309, 62, NULL, 4, 75, NULL, '2026-07-21 10:44:14', '2026-07-21 10:44:14', 'biasa', NULL);
INSERT INTO "nilai" ("id", "siswa_id", "tugas_id", "mapel_id", "nilai", "catatan", "created_at", "updated_at", "jenis_nilai", "nilai_bahasa") VALUES (310, 62, NULL, 5, 86, NULL, '2026-07-21 10:44:14', '2026-07-21 10:44:14', 'biasa', NULL);
INSERT INTO "nilai" ("id", "siswa_id", "tugas_id", "mapel_id", "nilai", "catatan", "created_at", "updated_at", "jenis_nilai", "nilai_bahasa") VALUES (311, 63, NULL, 1, 84, NULL, '2026-07-21 10:44:14', '2026-07-21 10:44:14', 'biasa', NULL);
INSERT INTO "nilai" ("id", "siswa_id", "tugas_id", "mapel_id", "nilai", "catatan", "created_at", "updated_at", "jenis_nilai", "nilai_bahasa") VALUES (312, 63, NULL, 2, 96, NULL, '2026-07-21 10:44:14', '2026-07-21 10:44:14', 'biasa', NULL);
INSERT INTO "nilai" ("id", "siswa_id", "tugas_id", "mapel_id", "nilai", "catatan", "created_at", "updated_at", "jenis_nilai", "nilai_bahasa") VALUES (313, 63, NULL, 3, 80, NULL, '2026-07-21 10:44:14', '2026-07-21 10:44:14', 'biasa', NULL);
INSERT INTO "nilai" ("id", "siswa_id", "tugas_id", "mapel_id", "nilai", "catatan", "created_at", "updated_at", "jenis_nilai", "nilai_bahasa") VALUES (314, 63, NULL, 4, 76, NULL, '2026-07-21 10:44:14', '2026-07-21 10:44:14', 'biasa', NULL);
INSERT INTO "nilai" ("id", "siswa_id", "tugas_id", "mapel_id", "nilai", "catatan", "created_at", "updated_at", "jenis_nilai", "nilai_bahasa") VALUES (315, 63, NULL, 5, 91, NULL, '2026-07-21 10:44:14', '2026-07-21 10:44:14', 'biasa', NULL);
INSERT INTO "nilai" ("id", "siswa_id", "tugas_id", "mapel_id", "nilai", "catatan", "created_at", "updated_at", "jenis_nilai", "nilai_bahasa") VALUES (316, 64, NULL, 1, 91, NULL, '2026-07-21 10:44:14', '2026-07-21 10:44:14', 'biasa', NULL);
INSERT INTO "nilai" ("id", "siswa_id", "tugas_id", "mapel_id", "nilai", "catatan", "created_at", "updated_at", "jenis_nilai", "nilai_bahasa") VALUES (317, 64, NULL, 2, 86, NULL, '2026-07-21 10:44:14', '2026-07-21 10:44:14', 'biasa', NULL);
INSERT INTO "nilai" ("id", "siswa_id", "tugas_id", "mapel_id", "nilai", "catatan", "created_at", "updated_at", "jenis_nilai", "nilai_bahasa") VALUES (318, 64, NULL, 3, 86, NULL, '2026-07-21 10:44:14', '2026-07-21 10:44:14', 'biasa', NULL);
INSERT INTO "nilai" ("id", "siswa_id", "tugas_id", "mapel_id", "nilai", "catatan", "created_at", "updated_at", "jenis_nilai", "nilai_bahasa") VALUES (319, 64, NULL, 4, 80, NULL, '2026-07-21 10:44:14', '2026-07-21 10:44:14', 'biasa', NULL);
INSERT INTO "nilai" ("id", "siswa_id", "tugas_id", "mapel_id", "nilai", "catatan", "created_at", "updated_at", "jenis_nilai", "nilai_bahasa") VALUES (320, 64, NULL, 5, 76, NULL, '2026-07-21 10:44:14', '2026-07-21 10:44:14', 'biasa', NULL);
INSERT INTO "nilai" ("id", "siswa_id", "tugas_id", "mapel_id", "nilai", "catatan", "created_at", "updated_at", "jenis_nilai", "nilai_bahasa") VALUES (321, 65, NULL, 1, 79, NULL, '2026-07-21 10:44:14', '2026-07-21 10:44:14', 'biasa', NULL);
INSERT INTO "nilai" ("id", "siswa_id", "tugas_id", "mapel_id", "nilai", "catatan", "created_at", "updated_at", "jenis_nilai", "nilai_bahasa") VALUES (322, 65, NULL, 2, 92, NULL, '2026-07-21 10:44:14', '2026-07-21 10:44:14', 'biasa', NULL);
INSERT INTO "nilai" ("id", "siswa_id", "tugas_id", "mapel_id", "nilai", "catatan", "created_at", "updated_at", "jenis_nilai", "nilai_bahasa") VALUES (323, 65, NULL, 3, 91, NULL, '2026-07-21 10:44:14', '2026-07-21 10:44:14', 'biasa', NULL);
INSERT INTO "nilai" ("id", "siswa_id", "tugas_id", "mapel_id", "nilai", "catatan", "created_at", "updated_at", "jenis_nilai", "nilai_bahasa") VALUES (324, 65, NULL, 4, 79, NULL, '2026-07-21 10:44:14', '2026-07-21 10:44:14', 'biasa', NULL);
INSERT INTO "nilai" ("id", "siswa_id", "tugas_id", "mapel_id", "nilai", "catatan", "created_at", "updated_at", "jenis_nilai", "nilai_bahasa") VALUES (325, 65, NULL, 5, 84, NULL, '2026-07-21 10:44:14', '2026-07-21 10:44:14', 'biasa', NULL);
INSERT INTO "nilai" ("id", "siswa_id", "tugas_id", "mapel_id", "nilai", "catatan", "created_at", "updated_at", "jenis_nilai", "nilai_bahasa") VALUES (326, 66, NULL, 1, 75, NULL, '2026-07-21 10:44:14', '2026-07-21 10:44:14', 'biasa', NULL);
INSERT INTO "nilai" ("id", "siswa_id", "tugas_id", "mapel_id", "nilai", "catatan", "created_at", "updated_at", "jenis_nilai", "nilai_bahasa") VALUES (327, 66, NULL, 2, 83, NULL, '2026-07-21 10:44:14', '2026-07-21 10:44:14', 'biasa', NULL);
INSERT INTO "nilai" ("id", "siswa_id", "tugas_id", "mapel_id", "nilai", "catatan", "created_at", "updated_at", "jenis_nilai", "nilai_bahasa") VALUES (328, 66, NULL, 3, 90, NULL, '2026-07-21 10:44:14', '2026-07-21 10:44:14', 'biasa', NULL);
INSERT INTO "nilai" ("id", "siswa_id", "tugas_id", "mapel_id", "nilai", "catatan", "created_at", "updated_at", "jenis_nilai", "nilai_bahasa") VALUES (329, 66, NULL, 4, 84, NULL, '2026-07-21 10:44:14', '2026-07-21 10:44:14', 'biasa', NULL);
INSERT INTO "nilai" ("id", "siswa_id", "tugas_id", "mapel_id", "nilai", "catatan", "created_at", "updated_at", "jenis_nilai", "nilai_bahasa") VALUES (330, 66, NULL, 5, 97, NULL, '2026-07-21 10:44:14', '2026-07-21 10:44:14', 'biasa', NULL);

DROP TABLE IF EXISTS "nilai_ktis";
CREATE TABLE "nilai_ktis" ("id" integer primary key autoincrement not null, "siswa_id" integer not null, "judul_kti" varchar not null, "nilai_proses" numeric not null, "nilai_tulisan" numeric not null, "nilai_sidang" numeric not null, "nilai_akhir" numeric not null, "catatan" text, "created_at" datetime, "updated_at" datetime, "current_bab" varchar check ("current_bab" in ('Bab 1', 'Bab 2', 'Bab 3', 'Bab 4', 'Bab 5', 'Draft Akhir', 'Siap Sidang', 'Selesai')) not null default 'Bab 1', "jadwal_sidang" datetime, foreign key("siswa_id") references "siswa"("id") on delete cascade);

DROP TABLE IF EXISTS "olympiad_exams";
CREATE TABLE "olympiad_exams" ("id" integer primary key autoincrement not null, "judul" varchar not null, "deskripsi" text, "mapel_id" integer not null, "kelas_id" integer, "guru_id" integer not null, "tingkat" varchar, "durasi" integer not null, "jumlah_soal" integer not null default '0', "status" varchar check ("status" in ('draft', 'pending', 'approved', 'rejected')) not null default 'draft', "approved_by" integer, "approved_at" datetime, "catatan_reject" text, "created_at" datetime, "updated_at" datetime, foreign key("mapel_id") references "mapel"("id"), foreign key("kelas_id") references "kelas"("id"), foreign key("guru_id") references "guru"("id"), foreign key("approved_by") references "users"("id"));

DROP TABLE IF EXISTS "olympiad_jawabans";
CREATE TABLE "olympiad_jawabans" ("id" integer primary key autoincrement not null, "olympiad_exam_id" integer not null, "olympiad_soal_id" integer not null, "siswa_id" integer not null, "jawaban" text, "nilai" numeric, "dinilai" tinyint(1) not null default '0', "created_at" datetime, "updated_at" datetime, foreign key("olympiad_exam_id") references "olympiad_exams"("id") on delete cascade, foreign key("olympiad_soal_id") references "olympiad_soals"("id") on delete cascade, foreign key("siswa_id") references "siswa"("id"));

DROP TABLE IF EXISTS "olympiad_soals";
CREATE TABLE "olympiad_soals" ("id" integer primary key autoincrement not null, "olympiad_exam_id" integer not null, "nomor" integer not null, "soal" text not null, "tipe" varchar check ("tipe" in ('pg', 'essay')) not null default 'pg', "pilihan_a" text, "pilihan_b" text, "pilihan_c" text, "pilihan_d" text, "jawaban_benar" varchar, "bobot" integer not null default '1', "created_at" datetime, "updated_at" datetime, foreign key("olympiad_exam_id") references "olympiad_exams"("id") on delete cascade);

DROP TABLE IF EXISTS "orang_tua";
CREATE TABLE "orang_tua" ("id" integer primary key autoincrement not null, "user_id" integer not null, "nama" varchar not null, "no_telp" varchar, "alamat" text, "created_at" datetime, "updated_at" datetime, foreign key("user_id") references "users"("id") on delete cascade);
INSERT INTO "orang_tua" ("id", "user_id", "nama", "no_telp", "alamat", "created_at", "updated_at") VALUES (1, 78, 'Ibu Sari Rahmawati', NULL, NULL, '2026-07-21 10:44:13', '2026-07-21 10:44:13');

DROP TABLE IF EXISTS "orang_tua_siswa";
CREATE TABLE "orang_tua_siswa" ("id" integer primary key autoincrement not null, "orang_tua_id" integer not null, "siswa_id" integer not null, "created_at" datetime, "updated_at" datetime, foreign key("orang_tua_id") references "orang_tua"("id") on delete cascade, foreign key("siswa_id") references "siswa"("id") on delete cascade);

DROP TABLE IF EXISTS "password_reset_tokens";
CREATE TABLE "password_reset_tokens" ("email" varchar not null, "token" varchar not null, "created_at" datetime, primary key ("email"));

DROP TABLE IF EXISTS "pembayarans";
CREATE TABLE "pembayarans" ("id" integer primary key autoincrement not null, "spp_id" integer not null, "orang_tua_id" integer not null, "tanggal_bayar" date not null, "jumlah" numeric not null, "metode" varchar not null default 'transfer', "bukti" varchar, "status" varchar check ("status" in ('confirmed', 'pending')) not null default 'pending', "created_at" datetime, "updated_at" datetime, foreign key("spp_id") references "spps"("id"), foreign key("orang_tua_id") references "orang_tua"("id"));
INSERT INTO "pembayarans" ("id", "spp_id", "orang_tua_id", "tanggal_bayar", "jumlah", "metode", "bukti", "status", "created_at", "updated_at") VALUES (1, 1, 1, '2026-01-05', 250000, 'transfer', NULL, 'confirmed', '2026-07-21 10:44:15', '2026-07-21 10:44:15');
INSERT INTO "pembayarans" ("id", "spp_id", "orang_tua_id", "tanggal_bayar", "jumlah", "metode", "bukti", "status", "created_at", "updated_at") VALUES (2, 2, 1, '2026-02-05', 250000, 'transfer', NULL, 'confirmed', '2026-07-21 10:44:15', '2026-07-21 10:44:15');
INSERT INTO "pembayarans" ("id", "spp_id", "orang_tua_id", "tanggal_bayar", "jumlah", "metode", "bukti", "status", "created_at", "updated_at") VALUES (3, 3, 1, '2026-03-05', 250000, 'transfer', NULL, 'confirmed', '2026-07-21 10:44:15', '2026-07-21 10:44:15');
INSERT INTO "pembayarans" ("id", "spp_id", "orang_tua_id", "tanggal_bayar", "jumlah", "metode", "bukti", "status", "created_at", "updated_at") VALUES (4, 4, 1, '2026-04-05', 250000, 'transfer', NULL, 'confirmed', '2026-07-21 10:44:15', '2026-07-21 10:44:15');
INSERT INTO "pembayarans" ("id", "spp_id", "orang_tua_id", "tanggal_bayar", "jumlah", "metode", "bukti", "status", "created_at", "updated_at") VALUES (5, 5, 1, '2026-05-05', 250000, 'transfer', NULL, 'confirmed', '2026-07-21 10:44:15', '2026-07-21 10:44:15');
INSERT INTO "pembayarans" ("id", "spp_id", "orang_tua_id", "tanggal_bayar", "jumlah", "metode", "bukti", "status", "created_at", "updated_at") VALUES (6, 6, 1, '2026-06-05', 250000, 'transfer', NULL, 'confirmed', '2026-07-21 10:44:15', '2026-07-21 10:44:15');
INSERT INTO "pembayarans" ("id", "spp_id", "orang_tua_id", "tanggal_bayar", "jumlah", "metode", "bukti", "status", "created_at", "updated_at") VALUES (7, 8, 1, '2026-01-05', 250000, 'transfer', NULL, 'confirmed', '2026-07-21 10:44:15', '2026-07-21 10:44:15');
INSERT INTO "pembayarans" ("id", "spp_id", "orang_tua_id", "tanggal_bayar", "jumlah", "metode", "bukti", "status", "created_at", "updated_at") VALUES (8, 9, 1, '2026-02-05', 250000, 'transfer', NULL, 'confirmed', '2026-07-21 10:44:15', '2026-07-21 10:44:15');
INSERT INTO "pembayarans" ("id", "spp_id", "orang_tua_id", "tanggal_bayar", "jumlah", "metode", "bukti", "status", "created_at", "updated_at") VALUES (9, 10, 1, '2026-03-05', 250000, 'transfer', NULL, 'confirmed', '2026-07-21 10:44:15', '2026-07-21 10:44:15');
INSERT INTO "pembayarans" ("id", "spp_id", "orang_tua_id", "tanggal_bayar", "jumlah", "metode", "bukti", "status", "created_at", "updated_at") VALUES (10, 11, 1, '2026-04-05', 250000, 'transfer', NULL, 'confirmed', '2026-07-21 10:44:15', '2026-07-21 10:44:15');
INSERT INTO "pembayarans" ("id", "spp_id", "orang_tua_id", "tanggal_bayar", "jumlah", "metode", "bukti", "status", "created_at", "updated_at") VALUES (11, 12, 1, '2026-05-05', 250000, 'transfer', NULL, 'confirmed', '2026-07-21 10:44:15', '2026-07-21 10:44:15');
INSERT INTO "pembayarans" ("id", "spp_id", "orang_tua_id", "tanggal_bayar", "jumlah", "metode", "bukti", "status", "created_at", "updated_at") VALUES (12, 13, 1, '2026-06-05', 250000, 'transfer', NULL, 'confirmed', '2026-07-21 10:44:15', '2026-07-21 10:44:15');
INSERT INTO "pembayarans" ("id", "spp_id", "orang_tua_id", "tanggal_bayar", "jumlah", "metode", "bukti", "status", "created_at", "updated_at") VALUES (13, 15, 1, '2026-01-05', 250000, 'transfer', NULL, 'confirmed', '2026-07-21 10:44:15', '2026-07-21 10:44:15');
INSERT INTO "pembayarans" ("id", "spp_id", "orang_tua_id", "tanggal_bayar", "jumlah", "metode", "bukti", "status", "created_at", "updated_at") VALUES (14, 16, 1, '2026-02-05', 250000, 'transfer', NULL, 'confirmed', '2026-07-21 10:44:15', '2026-07-21 10:44:15');
INSERT INTO "pembayarans" ("id", "spp_id", "orang_tua_id", "tanggal_bayar", "jumlah", "metode", "bukti", "status", "created_at", "updated_at") VALUES (15, 17, 1, '2026-03-05', 250000, 'transfer', NULL, 'confirmed', '2026-07-21 10:44:15', '2026-07-21 10:44:15');
INSERT INTO "pembayarans" ("id", "spp_id", "orang_tua_id", "tanggal_bayar", "jumlah", "metode", "bukti", "status", "created_at", "updated_at") VALUES (16, 18, 1, '2026-04-05', 250000, 'transfer', NULL, 'confirmed', '2026-07-21 10:44:15', '2026-07-21 10:44:15');
INSERT INTO "pembayarans" ("id", "spp_id", "orang_tua_id", "tanggal_bayar", "jumlah", "metode", "bukti", "status", "created_at", "updated_at") VALUES (17, 19, 1, '2026-05-05', 250000, 'transfer', NULL, 'confirmed', '2026-07-21 10:44:15', '2026-07-21 10:44:15');
INSERT INTO "pembayarans" ("id", "spp_id", "orang_tua_id", "tanggal_bayar", "jumlah", "metode", "bukti", "status", "created_at", "updated_at") VALUES (18, 20, 1, '2026-06-05', 250000, 'transfer', NULL, 'confirmed', '2026-07-21 10:44:15', '2026-07-21 10:44:15');

DROP TABLE IF EXISTS "pengaturan";
CREATE TABLE "pengaturan" ("id" integer primary key autoincrement not null, "key" varchar not null, "value" text not null, "created_at" datetime, "updated_at" datetime);
INSERT INTO "pengaturan" ("id", "key", "value", "created_at", "updated_at") VALUES (1, 'nama_sekolah', 'SMPIT Al Azhar Jaya Indonesia', '2026-07-21 10:44:15', '2026-07-21 10:44:15');
INSERT INTO "pengaturan" ("id", "key", "value", "created_at", "updated_at") VALUES (2, 'tahun_ajaran', '2025/2026', '2026-07-21 10:44:15', '2026-07-21 10:44:15');
INSERT INTO "pengaturan" ("id", "key", "value", "created_at", "updated_at") VALUES (3, 'semester', 'Genap', '2026-07-21 10:44:15', '2026-07-21 10:44:15');
INSERT INTO "pengaturan" ("id", "key", "value", "created_at", "updated_at") VALUES (4, 'alamat_sekolah', 'Jl. Raya Cendana No. 123, Kota Tangerang Selatan, Banten', '2026-07-21 10:44:15', '2026-07-21 10:44:15');
INSERT INTO "pengaturan" ("id", "key", "value", "created_at", "updated_at") VALUES (5, 'kkm_default', '70', '2026-07-21 10:44:15', '2026-07-21 10:44:15');

DROP TABLE IF EXISTS "pengumpulan_tugas";
CREATE TABLE "pengumpulan_tugas" ("id" integer primary key autoincrement not null, "tugas_id" integer not null, "siswa_id" integer not null, "file_path" varchar, "catatan_siswa" text, "nilai" numeric, "catatan_guru" text, "dikumpulkan_at" datetime, "created_at" datetime, "updated_at" datetime, foreign key("tugas_id") references "tugas"("id") on delete cascade, foreign key("siswa_id") references "siswa"("id"));

DROP TABLE IF EXISTS "pengumuman";
CREATE TABLE "pengumuman" ("id" integer primary key autoincrement not null, "judul" varchar not null, "konten" text not null, "created_by" integer not null, "target_role" varchar, "created_at" datetime, "updated_at" datetime, foreign key("created_by") references "users"("id") on delete cascade);
INSERT INTO "pengumuman" ("id", "judul", "konten", "created_by", "target_role", "created_at", "updated_at") VALUES (1, 'Libur Hari Raya Nyepi', 'Sekolah libur pada tanggal 30 Maret 2026.', 79, NULL, '2026-03-25 00:00:00', '2026-03-25 00:00:00');
INSERT INTO "pengumuman" ("id", "judul", "konten", "created_by", "target_role", "created_at", "updated_at") VALUES (2, 'Pesantren Kilat Ramadhan', 'Kegiatan pesantren kilat akan diadakan pada minggu kedua April.', 79, NULL, '2026-03-20 00:00:00', '2026-03-20 00:00:00');

DROP TABLE IF EXISTS "pesan";
CREATE TABLE "pesan" ("id" integer primary key autoincrement not null, "pengirim_id" integer not null, "penerima_id" integer not null, "subjek" varchar, "isi" text not null, "dibaca" tinyint(1) not null default '0', "created_at" datetime, "updated_at" datetime, foreign key("pengirim_id") references "users"("id") on delete cascade, foreign key("penerima_id") references "users"("id") on delete cascade);
INSERT INTO "pesan" ("id", "pengirim_id", "penerima_id", "subjek", "isi", "dibaca", "created_at", "updated_at") VALUES (1, 1, 12, 'PR Matematika', 'Jangan lupa kumpulkan PR besok!', 0, '2026-07-21 10:44:15', '2026-07-21 10:44:15');

DROP TABLE IF EXISTS "remedials";
CREATE TABLE "remedials" ("id" integer primary key autoincrement not null, "siswa_id" integer not null, "mapel_id" integer not null, "nilai_id" integer not null, "nilai_asal" numeric not null, "deadline" date not null, "status" varchar not null default 'pending', "created_at" datetime, "updated_at" datetime, foreign key("siswa_id") references "siswa"("id") on delete cascade, foreign key("mapel_id") references "mapel"("id") on delete cascade, foreign key("nilai_id") references "nilai"("id") on delete cascade);

DROP TABLE IF EXISTS "sessions";
CREATE TABLE "sessions" ("id" varchar not null, "user_id" integer, "ip_address" varchar, "user_agent" text, "payload" text not null, "last_activity" integer not null, primary key ("id"));

DROP TABLE IF EXISTS "settings";
CREATE TABLE "settings" ("id" integer primary key autoincrement not null, "key" varchar not null, "value" text, "created_at" datetime, "updated_at" datetime);
INSERT INTO "settings" ("id", "key", "value", "created_at", "updated_at") VALUES (1, 'kkm_sd', '70', NULL, NULL);
INSERT INTO "settings" ("id", "key", "value", "created_at", "updated_at") VALUES (2, 'kkm_smp', '75', NULL, NULL);
INSERT INTO "settings" ("id", "key", "value", "created_at", "updated_at") VALUES (3, 'school_name', 'Al Azhar Jaya Indonesia', NULL, NULL);
INSERT INTO "settings" ("id", "key", "value", "created_at", "updated_at") VALUES (4, 'semester_aktif', 'Genap 2025/2026', NULL, NULL);
INSERT INTO "settings" ("id", "key", "value", "created_at", "updated_at") VALUES (5, 'alamat_sekolah', 'Jl. Al Azhar No. 1, Bekasi', NULL, NULL);

DROP TABLE IF EXISTS "siswa";
CREATE TABLE "siswa" ("id" integer primary key autoincrement not null, "user_id" integer not null, "nis" varchar not null, "nama" varchar not null, "kelas_id" integer, "kelas_quran_id" integer, "jenis_kelamin" varchar check ("jenis_kelamin" in ('L', 'P')) not null, "tempat_lahir" varchar, "tanggal_lahir" date, "alamat" text, "nama_ayah" varchar, "nama_ibu" varchar, "status" varchar check ("status" in ('aktif', 'nonaktif')) not null default 'aktif', "created_at" datetime, "updated_at" datetime, foreign key("user_id") references "users"("id") on delete cascade, foreign key("kelas_id") references "kelas"("id") on delete set null on update cascade, foreign key("kelas_quran_id") references "kelas_quran"("id") on delete set null on update cascade);
INSERT INTO "siswa" ("id", "user_id", "nis", "nama", "kelas_id", "kelas_quran_id", "jenis_kelamin", "tempat_lahir", "tanggal_lahir", "alamat", "nama_ayah", "nama_ibu", "status", "created_at", "updated_at") VALUES (1, 12, '26001', 'Abdul Latif', 2, 1, 'L', NULL, NULL, NULL, NULL, NULL, 'aktif', '2026-07-21 10:43:55', '2026-07-21 10:43:55');
INSERT INTO "siswa" ("id", "user_id", "nis", "nama", "kelas_id", "kelas_quran_id", "jenis_kelamin", "tempat_lahir", "tanggal_lahir", "alamat", "nama_ayah", "nama_ibu", "status", "created_at", "updated_at") VALUES (2, 13, '26002', 'Abid Abyan Tsany Solihansyah', 2, 1, 'L', NULL, NULL, NULL, NULL, NULL, 'aktif', '2026-07-21 10:43:56', '2026-07-21 10:43:56');
INSERT INTO "siswa" ("id", "user_id", "nis", "nama", "kelas_id", "kelas_quran_id", "jenis_kelamin", "tempat_lahir", "tanggal_lahir", "alamat", "nama_ayah", "nama_ibu", "status", "created_at", "updated_at") VALUES (3, 14, '26003', 'Aldeen Hadwan Shirazi', 2, 1, 'L', NULL, NULL, NULL, NULL, NULL, 'aktif', '2026-07-21 10:43:56', '2026-07-21 10:43:56');
INSERT INTO "siswa" ("id", "user_id", "nis", "nama", "kelas_id", "kelas_quran_id", "jenis_kelamin", "tempat_lahir", "tanggal_lahir", "alamat", "nama_ayah", "nama_ibu", "status", "created_at", "updated_at") VALUES (4, 15, '26004', 'Chaidar Rafisqy Hermawan', 2, 1, 'L', NULL, NULL, NULL, NULL, NULL, 'aktif', '2026-07-21 10:43:56', '2026-07-21 10:43:56');
INSERT INTO "siswa" ("id", "user_id", "nis", "nama", "kelas_id", "kelas_quran_id", "jenis_kelamin", "tempat_lahir", "tanggal_lahir", "alamat", "nama_ayah", "nama_ibu", "status", "created_at", "updated_at") VALUES (5, 16, '26005', 'Daffa Zaidan Pratama', 4, 1, 'L', NULL, NULL, NULL, NULL, NULL, 'aktif', '2026-07-21 10:43:56', '2026-07-21 10:43:56');
INSERT INTO "siswa" ("id", "user_id", "nis", "nama", "kelas_id", "kelas_quran_id", "jenis_kelamin", "tempat_lahir", "tanggal_lahir", "alamat", "nama_ayah", "nama_ibu", "status", "created_at", "updated_at") VALUES (6, 17, '26006', 'Fauzi Abdu Rohman', 4, 1, 'L', NULL, NULL, NULL, NULL, NULL, 'aktif', '2026-07-21 10:43:57', '2026-07-21 10:43:57');
INSERT INTO "siswa" ("id", "user_id", "nis", "nama", "kelas_id", "kelas_quran_id", "jenis_kelamin", "tempat_lahir", "tanggal_lahir", "alamat", "nama_ayah", "nama_ibu", "status", "created_at", "updated_at") VALUES (7, 18, '26007', 'Galang Hernandes', 4, 1, 'L', NULL, NULL, NULL, NULL, NULL, 'aktif', '2026-07-21 10:43:57', '2026-07-21 10:43:57');
INSERT INTO "siswa" ("id", "user_id", "nis", "nama", "kelas_id", "kelas_quran_id", "jenis_kelamin", "tempat_lahir", "tanggal_lahir", "alamat", "nama_ayah", "nama_ibu", "status", "created_at", "updated_at") VALUES (8, 19, '26008', 'Hamzah Irfan Fadillah', 4, 1, 'L', NULL, NULL, NULL, NULL, NULL, 'aktif', '2026-07-21 10:43:57', '2026-07-21 10:43:57');
INSERT INTO "siswa" ("id", "user_id", "nis", "nama", "kelas_id", "kelas_quran_id", "jenis_kelamin", "tempat_lahir", "tanggal_lahir", "alamat", "nama_ayah", "nama_ibu", "status", "created_at", "updated_at") VALUES (9, 20, '26009', 'Kelvin Adel Pratama', 4, 1, 'L', NULL, NULL, NULL, NULL, NULL, 'aktif', '2026-07-21 10:43:57', '2026-07-21 10:43:57');
INSERT INTO "siswa" ("id", "user_id", "nis", "nama", "kelas_id", "kelas_quran_id", "jenis_kelamin", "tempat_lahir", "tanggal_lahir", "alamat", "nama_ayah", "nama_ibu", "status", "created_at", "updated_at") VALUES (10, 21, '26010', 'Maherdes Attaufiq Riziqlillah', 4, 1, 'L', NULL, NULL, NULL, NULL, NULL, 'aktif', '2026-07-21 10:43:58', '2026-07-21 10:43:58');
INSERT INTO "siswa" ("id", "user_id", "nis", "nama", "kelas_id", "kelas_quran_id", "jenis_kelamin", "tempat_lahir", "tanggal_lahir", "alamat", "nama_ayah", "nama_ibu", "status", "created_at", "updated_at") VALUES (11, 22, '26011', 'Muhammad Albyan', 4, 1, 'L', NULL, NULL, NULL, NULL, NULL, 'aktif', '2026-07-21 10:43:58', '2026-07-21 10:43:58');
INSERT INTO "siswa" ("id", "user_id", "nis", "nama", "kelas_id", "kelas_quran_id", "jenis_kelamin", "tempat_lahir", "tanggal_lahir", "alamat", "nama_ayah", "nama_ibu", "status", "created_at", "updated_at") VALUES (12, 23, '26012', 'Muhammad Alhafidz', 4, 1, 'L', NULL, NULL, NULL, NULL, NULL, 'aktif', '2026-07-21 10:43:58', '2026-07-21 10:43:58');
INSERT INTO "siswa" ("id", "user_id", "nis", "nama", "kelas_id", "kelas_quran_id", "jenis_kelamin", "tempat_lahir", "tanggal_lahir", "alamat", "nama_ayah", "nama_ibu", "status", "created_at", "updated_at") VALUES (13, 24, '26013', 'Muhammad Aslam Zayyan', 4, 1, 'L', NULL, NULL, NULL, NULL, NULL, 'aktif', '2026-07-21 10:43:58', '2026-07-21 10:43:58');
INSERT INTO "siswa" ("id", "user_id", "nis", "nama", "kelas_id", "kelas_quran_id", "jenis_kelamin", "tempat_lahir", "tanggal_lahir", "alamat", "nama_ayah", "nama_ibu", "status", "created_at", "updated_at") VALUES (14, 25, '26014', 'Rizky Maulana As Shidiq', 2, 1, 'L', NULL, NULL, NULL, NULL, NULL, 'aktif', '2026-07-21 10:43:58', '2026-07-21 10:43:58');
INSERT INTO "siswa" ("id", "user_id", "nis", "nama", "kelas_id", "kelas_quran_id", "jenis_kelamin", "tempat_lahir", "tanggal_lahir", "alamat", "nama_ayah", "nama_ibu", "status", "created_at", "updated_at") VALUES (15, 26, '26015', 'Muhammad Azzam Nufail', 2, 2, 'L', NULL, NULL, NULL, NULL, NULL, 'aktif', '2026-07-21 10:43:59', '2026-07-21 10:43:59');
INSERT INTO "siswa" ("id", "user_id", "nis", "nama", "kelas_id", "kelas_quran_id", "jenis_kelamin", "tempat_lahir", "tanggal_lahir", "alamat", "nama_ayah", "nama_ibu", "status", "created_at", "updated_at") VALUES (16, 27, '26016', 'Muhammad Daffa Al Ghifari', 4, 2, 'L', NULL, NULL, NULL, NULL, NULL, 'aktif', '2026-07-21 10:43:59', '2026-07-21 10:43:59');
INSERT INTO "siswa" ("id", "user_id", "nis", "nama", "kelas_id", "kelas_quran_id", "jenis_kelamin", "tempat_lahir", "tanggal_lahir", "alamat", "nama_ayah", "nama_ibu", "status", "created_at", "updated_at") VALUES (17, 28, '26017', 'Muhammad Eldafi Satya Irawan', 4, 2, 'L', NULL, NULL, NULL, NULL, NULL, 'aktif', '2026-07-21 10:43:59', '2026-07-21 10:43:59');
INSERT INTO "siswa" ("id", "user_id", "nis", "nama", "kelas_id", "kelas_quran_id", "jenis_kelamin", "tempat_lahir", "tanggal_lahir", "alamat", "nama_ayah", "nama_ibu", "status", "created_at", "updated_at") VALUES (18, 29, '26018', 'Muhammad Falah Pratama Mulya', 2, 2, 'L', NULL, NULL, NULL, NULL, NULL, 'aktif', '2026-07-21 10:43:59', '2026-07-21 10:43:59');
INSERT INTO "siswa" ("id", "user_id", "nis", "nama", "kelas_id", "kelas_quran_id", "jenis_kelamin", "tempat_lahir", "tanggal_lahir", "alamat", "nama_ayah", "nama_ibu", "status", "created_at", "updated_at") VALUES (19, 30, '26019', 'Muhammad Maher', 2, 2, 'L', NULL, NULL, NULL, NULL, NULL, 'aktif', '2026-07-21 10:44:00', '2026-07-21 10:44:00');
INSERT INTO "siswa" ("id", "user_id", "nis", "nama", "kelas_id", "kelas_quran_id", "jenis_kelamin", "tempat_lahir", "tanggal_lahir", "alamat", "nama_ayah", "nama_ibu", "status", "created_at", "updated_at") VALUES (20, 31, '26020', 'Muhammad Quincy Satyamulya', 2, 2, 'L', NULL, NULL, NULL, NULL, NULL, 'aktif', '2026-07-21 10:44:00', '2026-07-21 10:44:00');
INSERT INTO "siswa" ("id", "user_id", "nis", "nama", "kelas_id", "kelas_quran_id", "jenis_kelamin", "tempat_lahir", "tanggal_lahir", "alamat", "nama_ayah", "nama_ibu", "status", "created_at", "updated_at") VALUES (21, 32, '26021', 'Muhammad Rakha Solihansyah', 4, 2, 'L', NULL, NULL, NULL, NULL, NULL, 'aktif', '2026-07-21 10:44:00', '2026-07-21 10:44:00');
INSERT INTO "siswa" ("id", "user_id", "nis", "nama", "kelas_id", "kelas_quran_id", "jenis_kelamin", "tempat_lahir", "tanggal_lahir", "alamat", "nama_ayah", "nama_ibu", "status", "created_at", "updated_at") VALUES (22, 33, '26022', 'Muhammad Wafi Alkiram', 2, 2, 'L', NULL, NULL, NULL, NULL, NULL, 'aktif', '2026-07-21 10:44:00', '2026-07-21 10:44:00');
INSERT INTO "siswa" ("id", "user_id", "nis", "nama", "kelas_id", "kelas_quran_id", "jenis_kelamin", "tempat_lahir", "tanggal_lahir", "alamat", "nama_ayah", "nama_ibu", "status", "created_at", "updated_at") VALUES (23, 34, '26023', 'Naufal Djaky Ardani', 4, 2, 'L', NULL, NULL, NULL, NULL, NULL, 'aktif', '2026-07-21 10:44:01', '2026-07-21 10:44:01');
INSERT INTO "siswa" ("id", "user_id", "nis", "nama", "kelas_id", "kelas_quran_id", "jenis_kelamin", "tempat_lahir", "tanggal_lahir", "alamat", "nama_ayah", "nama_ibu", "status", "created_at", "updated_at") VALUES (24, 35, '26024', 'Pandu Bagus Damar Wiyono', 4, 2, 'L', NULL, NULL, NULL, NULL, NULL, 'aktif', '2026-07-21 10:44:01', '2026-07-21 10:44:01');
INSERT INTO "siswa" ("id", "user_id", "nis", "nama", "kelas_id", "kelas_quran_id", "jenis_kelamin", "tempat_lahir", "tanggal_lahir", "alamat", "nama_ayah", "nama_ibu", "status", "created_at", "updated_at") VALUES (25, 36, '26025', 'Tsabit Wafi Musyaffa', 2, 2, 'L', NULL, NULL, NULL, NULL, NULL, 'aktif', '2026-07-21 10:44:01', '2026-07-21 10:44:01');
INSERT INTO "siswa" ("id", "user_id", "nis", "nama", "kelas_id", "kelas_quran_id", "jenis_kelamin", "tempat_lahir", "tanggal_lahir", "alamat", "nama_ayah", "nama_ibu", "status", "created_at", "updated_at") VALUES (26, 37, '26026', 'Zahran Farid Firdaus', 2, 2, 'L', NULL, NULL, NULL, NULL, NULL, 'aktif', '2026-07-21 10:44:01', '2026-07-21 10:44:01');
INSERT INTO "siswa" ("id", "user_id", "nis", "nama", "kelas_id", "kelas_quran_id", "jenis_kelamin", "tempat_lahir", "tanggal_lahir", "alamat", "nama_ayah", "nama_ibu", "status", "created_at", "updated_at") VALUES (27, 38, '26027', 'Zein Maulana Muaffin', 4, 2, 'L', NULL, NULL, NULL, NULL, NULL, 'aktif', '2026-07-21 10:44:02', '2026-07-21 10:44:02');
INSERT INTO "siswa" ("id", "user_id", "nis", "nama", "kelas_id", "kelas_quran_id", "jenis_kelamin", "tempat_lahir", "tanggal_lahir", "alamat", "nama_ayah", "nama_ibu", "status", "created_at", "updated_at") VALUES (28, 39, '26028', 'Alviandra Chesta Radityatama', 1, 3, 'L', NULL, NULL, NULL, NULL, NULL, 'aktif', '2026-07-21 10:44:02', '2026-07-21 10:44:02');
INSERT INTO "siswa" ("id", "user_id", "nis", "nama", "kelas_id", "kelas_quran_id", "jenis_kelamin", "tempat_lahir", "tanggal_lahir", "alamat", "nama_ayah", "nama_ibu", "status", "created_at", "updated_at") VALUES (29, 40, '26029', 'Argia Raya Adz Dzikra', 1, 3, 'L', NULL, NULL, NULL, NULL, NULL, 'aktif', '2026-07-21 10:44:02', '2026-07-21 10:44:02');
INSERT INTO "siswa" ("id", "user_id", "nis", "nama", "kelas_id", "kelas_quran_id", "jenis_kelamin", "tempat_lahir", "tanggal_lahir", "alamat", "nama_ayah", "nama_ibu", "status", "created_at", "updated_at") VALUES (30, 41, '26030', 'Muhammad Hafidz Alfahrezi', 1, 3, 'L', NULL, NULL, NULL, NULL, NULL, 'aktif', '2026-07-21 10:44:02', '2026-07-21 10:44:02');
INSERT INTO "siswa" ("id", "user_id", "nis", "nama", "kelas_id", "kelas_quran_id", "jenis_kelamin", "tempat_lahir", "tanggal_lahir", "alamat", "nama_ayah", "nama_ibu", "status", "created_at", "updated_at") VALUES (31, 42, '26031', 'Muhammad Al Farizy Setyanto', 1, 3, 'L', NULL, NULL, NULL, NULL, NULL, 'aktif', '2026-07-21 10:44:02', '2026-07-21 10:44:02');
INSERT INTO "siswa" ("id", "user_id", "nis", "nama", "kelas_id", "kelas_quran_id", "jenis_kelamin", "tempat_lahir", "tanggal_lahir", "alamat", "nama_ayah", "nama_ibu", "status", "created_at", "updated_at") VALUES (32, 43, '26032', 'Muhammad Al Fatih', 1, 3, 'L', NULL, NULL, NULL, NULL, NULL, 'aktif', '2026-07-21 10:44:03', '2026-07-21 10:44:03');
INSERT INTO "siswa" ("id", "user_id", "nis", "nama", "kelas_id", "kelas_quran_id", "jenis_kelamin", "tempat_lahir", "tanggal_lahir", "alamat", "nama_ayah", "nama_ibu", "status", "created_at", "updated_at") VALUES (33, 44, '26033', 'Muhammad Fadlan Adelmar', 1, 3, 'L', NULL, NULL, NULL, NULL, NULL, 'aktif', '2026-07-21 10:44:03', '2026-07-21 10:44:03');
INSERT INTO "siswa" ("id", "user_id", "nis", "nama", "kelas_id", "kelas_quran_id", "jenis_kelamin", "tempat_lahir", "tanggal_lahir", "alamat", "nama_ayah", "nama_ibu", "status", "created_at", "updated_at") VALUES (34, 45, '26034', 'Reval Rama Sulistiyo', 1, 3, 'L', NULL, NULL, NULL, NULL, NULL, 'aktif', '2026-07-21 10:44:03', '2026-07-21 10:44:03');
INSERT INTO "siswa" ("id", "user_id", "nis", "nama", "kelas_id", "kelas_quran_id", "jenis_kelamin", "tempat_lahir", "tanggal_lahir", "alamat", "nama_ayah", "nama_ibu", "status", "created_at", "updated_at") VALUES (35, 46, '26035', 'Aila Zahwa Aqilah', 3, 4, 'P', NULL, NULL, NULL, NULL, NULL, 'aktif', '2026-07-21 10:44:03', '2026-07-21 10:44:03');
INSERT INTO "siswa" ("id", "user_id", "nis", "nama", "kelas_id", "kelas_quran_id", "jenis_kelamin", "tempat_lahir", "tanggal_lahir", "alamat", "nama_ayah", "nama_ibu", "status", "created_at", "updated_at") VALUES (36, 47, '26036', 'Aisyah Rahma Haniya', 3, 4, 'P', NULL, NULL, NULL, NULL, NULL, 'aktif', '2026-07-21 10:44:04', '2026-07-21 10:44:04');
INSERT INTO "siswa" ("id", "user_id", "nis", "nama", "kelas_id", "kelas_quran_id", "jenis_kelamin", "tempat_lahir", "tanggal_lahir", "alamat", "nama_ayah", "nama_ibu", "status", "created_at", "updated_at") VALUES (37, 48, '26037', 'Anindita Valencia Aurora', 5, 4, 'P', NULL, NULL, NULL, NULL, NULL, 'aktif', '2026-07-21 10:44:04', '2026-07-21 10:44:04');
INSERT INTO "siswa" ("id", "user_id", "nis", "nama", "kelas_id", "kelas_quran_id", "jenis_kelamin", "tempat_lahir", "tanggal_lahir", "alamat", "nama_ayah", "nama_ibu", "status", "created_at", "updated_at") VALUES (38, 49, '26038', 'Atsilah Azka Ramadhani', 5, 4, 'P', NULL, NULL, NULL, NULL, NULL, 'aktif', '2026-07-21 10:44:04', '2026-07-21 10:44:04');
INSERT INTO "siswa" ("id", "user_id", "nis", "nama", "kelas_id", "kelas_quran_id", "jenis_kelamin", "tempat_lahir", "tanggal_lahir", "alamat", "nama_ayah", "nama_ibu", "status", "created_at", "updated_at") VALUES (39, 50, '26039', 'Dara Medina Putri', 5, 4, 'P', NULL, NULL, NULL, NULL, NULL, 'aktif', '2026-07-21 10:44:04', '2026-07-21 10:44:04');
INSERT INTO "siswa" ("id", "user_id", "nis", "nama", "kelas_id", "kelas_quran_id", "jenis_kelamin", "tempat_lahir", "tanggal_lahir", "alamat", "nama_ayah", "nama_ibu", "status", "created_at", "updated_at") VALUES (40, 51, '26040', 'Elsa Sri Isyana', 5, 4, 'P', NULL, NULL, NULL, NULL, NULL, 'aktif', '2026-07-21 10:44:05', '2026-07-21 10:44:05');
INSERT INTO "siswa" ("id", "user_id", "nis", "nama", "kelas_id", "kelas_quran_id", "jenis_kelamin", "tempat_lahir", "tanggal_lahir", "alamat", "nama_ayah", "nama_ibu", "status", "created_at", "updated_at") VALUES (41, 52, '26041', 'Fadhilah Ramadhani', 5, 4, 'P', NULL, NULL, NULL, NULL, NULL, 'aktif', '2026-07-21 10:44:05', '2026-07-21 10:44:05');
INSERT INTO "siswa" ("id", "user_id", "nis", "nama", "kelas_id", "kelas_quran_id", "jenis_kelamin", "tempat_lahir", "tanggal_lahir", "alamat", "nama_ayah", "nama_ibu", "status", "created_at", "updated_at") VALUES (42, 53, '26042', 'Fakhirah Khansa Anditasyah', 5, 4, 'P', NULL, NULL, NULL, NULL, NULL, 'aktif', '2026-07-21 10:44:05', '2026-07-21 10:44:05');
INSERT INTO "siswa" ("id", "user_id", "nis", "nama", "kelas_id", "kelas_quran_id", "jenis_kelamin", "tempat_lahir", "tanggal_lahir", "alamat", "nama_ayah", "nama_ibu", "status", "created_at", "updated_at") VALUES (43, 54, '26043', 'Fauziah Adawiyah', 5, 4, 'P', NULL, NULL, NULL, NULL, NULL, 'aktif', '2026-07-21 10:44:05', '2026-07-21 10:44:05');
INSERT INTO "siswa" ("id", "user_id", "nis", "nama", "kelas_id", "kelas_quran_id", "jenis_kelamin", "tempat_lahir", "tanggal_lahir", "alamat", "nama_ayah", "nama_ibu", "status", "created_at", "updated_at") VALUES (44, 55, '26044', 'Gadis Bening Arsandi', 5, 4, 'P', NULL, NULL, NULL, NULL, NULL, 'aktif', '2026-07-21 10:44:06', '2026-07-21 10:44:06');
INSERT INTO "siswa" ("id", "user_id", "nis", "nama", "kelas_id", "kelas_quran_id", "jenis_kelamin", "tempat_lahir", "tanggal_lahir", "alamat", "nama_ayah", "nama_ibu", "status", "created_at", "updated_at") VALUES (45, 56, '26045', 'Gian Naifa Shofa', 5, 4, 'P', NULL, NULL, NULL, NULL, NULL, 'aktif', '2026-07-21 10:44:06', '2026-07-21 10:44:06');
INSERT INTO "siswa" ("id", "user_id", "nis", "nama", "kelas_id", "kelas_quran_id", "jenis_kelamin", "tempat_lahir", "tanggal_lahir", "alamat", "nama_ayah", "nama_ibu", "status", "created_at", "updated_at") VALUES (46, 57, '26046', 'Jihan Makaila Fakhirah', 5, 4, 'P', NULL, NULL, NULL, NULL, NULL, 'aktif', '2026-07-21 10:44:06', '2026-07-21 10:44:06');
INSERT INTO "siswa" ("id", "user_id", "nis", "nama", "kelas_id", "kelas_quran_id", "jenis_kelamin", "tempat_lahir", "tanggal_lahir", "alamat", "nama_ayah", "nama_ibu", "status", "created_at", "updated_at") VALUES (47, 58, '26047', 'Jillan Azra Hakimah', 3, 4, 'P', NULL, NULL, NULL, NULL, NULL, 'aktif', '2026-07-21 10:44:06', '2026-07-21 10:44:06');
INSERT INTO "siswa" ("id", "user_id", "nis", "nama", "kelas_id", "kelas_quran_id", "jenis_kelamin", "tempat_lahir", "tanggal_lahir", "alamat", "nama_ayah", "nama_ibu", "status", "created_at", "updated_at") VALUES (48, 59, '26048', 'Kalula Ayesha Alkanza', 3, 5, 'P', NULL, NULL, NULL, NULL, NULL, 'aktif', '2026-07-21 10:44:07', '2026-07-21 10:44:07');
INSERT INTO "siswa" ("id", "user_id", "nis", "nama", "kelas_id", "kelas_quran_id", "jenis_kelamin", "tempat_lahir", "tanggal_lahir", "alamat", "nama_ayah", "nama_ibu", "status", "created_at", "updated_at") VALUES (49, 60, '26049', 'Kayyasah Sholiha', 5, 5, 'P', NULL, NULL, NULL, NULL, NULL, 'aktif', '2026-07-21 10:44:07', '2026-07-21 10:44:07');
INSERT INTO "siswa" ("id", "user_id", "nis", "nama", "kelas_id", "kelas_quran_id", "jenis_kelamin", "tempat_lahir", "tanggal_lahir", "alamat", "nama_ayah", "nama_ibu", "status", "created_at", "updated_at") VALUES (50, 61, '26050', 'Khayla Almira Maritza H', 5, 5, 'P', NULL, NULL, NULL, NULL, NULL, 'aktif', '2026-07-21 10:44:07', '2026-07-21 10:44:07');
INSERT INTO "siswa" ("id", "user_id", "nis", "nama", "kelas_id", "kelas_quran_id", "jenis_kelamin", "tempat_lahir", "tanggal_lahir", "alamat", "nama_ayah", "nama_ibu", "status", "created_at", "updated_at") VALUES (51, 62, '26051', 'Muhdatus Sa''idah', 3, 5, 'P', NULL, NULL, NULL, NULL, NULL, 'aktif', '2026-07-21 10:44:07', '2026-07-21 10:44:07');
INSERT INTO "siswa" ("id", "user_id", "nis", "nama", "kelas_id", "kelas_quran_id", "jenis_kelamin", "tempat_lahir", "tanggal_lahir", "alamat", "nama_ayah", "nama_ibu", "status", "created_at", "updated_at") VALUES (52, 63, '26052', 'Nadia Aqila Shanum', 5, 5, 'P', NULL, NULL, NULL, NULL, NULL, 'aktif', '2026-07-21 10:44:08', '2026-07-21 10:44:08');
INSERT INTO "siswa" ("id", "user_id", "nis", "nama", "kelas_id", "kelas_quran_id", "jenis_kelamin", "tempat_lahir", "tanggal_lahir", "alamat", "nama_ayah", "nama_ibu", "status", "created_at", "updated_at") VALUES (53, 64, '26053', 'Naila Syahira Mumtazah', 5, 5, 'P', NULL, NULL, NULL, NULL, NULL, 'aktif', '2026-07-21 10:44:08', '2026-07-21 10:44:08');
INSERT INTO "siswa" ("id", "user_id", "nis", "nama", "kelas_id", "kelas_quran_id", "jenis_kelamin", "tempat_lahir", "tanggal_lahir", "alamat", "nama_ayah", "nama_ibu", "status", "created_at", "updated_at") VALUES (54, 65, '26054', 'Nasywa Maulida', 5, 5, 'P', NULL, NULL, NULL, NULL, NULL, 'aktif', '2026-07-21 10:44:08', '2026-07-21 10:44:08');
INSERT INTO "siswa" ("id", "user_id", "nis", "nama", "kelas_id", "kelas_quran_id", "jenis_kelamin", "tempat_lahir", "tanggal_lahir", "alamat", "nama_ayah", "nama_ibu", "status", "created_at", "updated_at") VALUES (55, 66, '26055', 'Nurul Hanis Nahilah', 5, 5, 'P', NULL, NULL, NULL, NULL, NULL, 'aktif', '2026-07-21 10:44:08', '2026-07-21 10:44:08');
INSERT INTO "siswa" ("id", "user_id", "nis", "nama", "kelas_id", "kelas_quran_id", "jenis_kelamin", "tempat_lahir", "tanggal_lahir", "alamat", "nama_ayah", "nama_ibu", "status", "created_at", "updated_at") VALUES (56, 67, '26056', 'Nurul Kasyfatul Mahjubiyyah', 5, 5, 'P', NULL, NULL, NULL, NULL, NULL, 'aktif', '2026-07-21 10:44:08', '2026-07-21 10:44:08');
INSERT INTO "siswa" ("id", "user_id", "nis", "nama", "kelas_id", "kelas_quran_id", "jenis_kelamin", "tempat_lahir", "tanggal_lahir", "alamat", "nama_ayah", "nama_ibu", "status", "created_at", "updated_at") VALUES (57, 68, '26057', 'Putri Yara', 5, 5, 'P', NULL, NULL, NULL, NULL, NULL, 'aktif', '2026-07-21 10:44:09', '2026-07-21 10:44:09');
INSERT INTO "siswa" ("id", "user_id", "nis", "nama", "kelas_id", "kelas_quran_id", "jenis_kelamin", "tempat_lahir", "tanggal_lahir", "alamat", "nama_ayah", "nama_ibu", "status", "created_at", "updated_at") VALUES (58, 69, '26058', 'Ribkha Pramesti Wijaya', 3, 5, 'P', NULL, NULL, NULL, NULL, NULL, 'aktif', '2026-07-21 10:44:09', '2026-07-21 10:44:09');
INSERT INTO "siswa" ("id", "user_id", "nis", "nama", "kelas_id", "kelas_quran_id", "jenis_kelamin", "tempat_lahir", "tanggal_lahir", "alamat", "nama_ayah", "nama_ibu", "status", "created_at", "updated_at") VALUES (59, 70, '26059', 'Syaila Unatsa Putri', 3, 5, 'P', NULL, NULL, NULL, NULL, NULL, 'aktif', '2026-07-21 10:44:09', '2026-07-21 10:44:09');
INSERT INTO "siswa" ("id", "user_id", "nis", "nama", "kelas_id", "kelas_quran_id", "jenis_kelamin", "tempat_lahir", "tanggal_lahir", "alamat", "nama_ayah", "nama_ibu", "status", "created_at", "updated_at") VALUES (60, 71, '26060', 'Syakira Sausan Khairunnisa', 5, 5, 'P', NULL, NULL, NULL, NULL, NULL, 'aktif', '2026-07-21 10:44:09', '2026-07-21 10:44:09');
INSERT INTO "siswa" ("id", "user_id", "nis", "nama", "kelas_id", "kelas_quran_id", "jenis_kelamin", "tempat_lahir", "tanggal_lahir", "alamat", "nama_ayah", "nama_ibu", "status", "created_at", "updated_at") VALUES (61, 72, '26061', 'Violine Atha Al-Husna', 3, 5, 'P', NULL, NULL, NULL, NULL, NULL, 'aktif', '2026-07-21 10:44:10', '2026-07-21 10:44:10');
INSERT INTO "siswa" ("id", "user_id", "nis", "nama", "kelas_id", "kelas_quran_id", "jenis_kelamin", "tempat_lahir", "tanggal_lahir", "alamat", "nama_ayah", "nama_ibu", "status", "created_at", "updated_at") VALUES (62, 73, '26062', 'Aqilah Naurah', 1, 6, 'P', NULL, NULL, NULL, NULL, NULL, 'aktif', '2026-07-21 10:44:10', '2026-07-21 10:44:10');
INSERT INTO "siswa" ("id", "user_id", "nis", "nama", "kelas_id", "kelas_quran_id", "jenis_kelamin", "tempat_lahir", "tanggal_lahir", "alamat", "nama_ayah", "nama_ibu", "status", "created_at", "updated_at") VALUES (63, 74, '26063', 'Sahla Azka Hafizah', 1, 6, 'P', NULL, NULL, NULL, NULL, NULL, 'aktif', '2026-07-21 10:44:10', '2026-07-21 10:44:10');
INSERT INTO "siswa" ("id", "user_id", "nis", "nama", "kelas_id", "kelas_quran_id", "jenis_kelamin", "tempat_lahir", "tanggal_lahir", "alamat", "nama_ayah", "nama_ibu", "status", "created_at", "updated_at") VALUES (64, 75, '26064', 'Hanna Mufidah', 1, 6, 'P', NULL, NULL, NULL, NULL, NULL, 'aktif', '2026-07-21 10:44:10', '2026-07-21 10:44:10');
INSERT INTO "siswa" ("id", "user_id", "nis", "nama", "kelas_id", "kelas_quran_id", "jenis_kelamin", "tempat_lahir", "tanggal_lahir", "alamat", "nama_ayah", "nama_ibu", "status", "created_at", "updated_at") VALUES (65, 76, '26065', 'Khanza Izzatunnisa', 1, 6, 'P', NULL, NULL, NULL, NULL, NULL, 'aktif', '2026-07-21 10:44:11', '2026-07-21 10:44:11');
INSERT INTO "siswa" ("id", "user_id", "nis", "nama", "kelas_id", "kelas_quran_id", "jenis_kelamin", "tempat_lahir", "tanggal_lahir", "alamat", "nama_ayah", "nama_ibu", "status", "created_at", "updated_at") VALUES (66, 77, '26066', 'Ziya Zivana Zubi', 1, 6, 'P', NULL, NULL, NULL, NULL, NULL, 'aktif', '2026-07-21 10:44:11', '2026-07-21 10:44:11');

DROP TABLE IF EXISTS "siswa_badge";
CREATE TABLE "siswa_badge" ("id" integer primary key autoincrement not null, "siswa_id" integer not null, "badge_id" integer not null, "achieved_at" datetime not null default CURRENT_TIMESTAMP, foreign key("siswa_id") references "siswa"("id") on delete cascade, foreign key("badge_id") references "badges"("id") on delete cascade);
INSERT INTO "siswa_badge" ("id", "siswa_id", "badge_id", "achieved_at") VALUES (1, 1, 4, '2026-07-21 03:44:15');
INSERT INTO "siswa_badge" ("id", "siswa_id", "badge_id", "achieved_at") VALUES (2, 2, 4, '2026-07-21 03:44:15');
INSERT INTO "siswa_badge" ("id", "siswa_id", "badge_id", "achieved_at") VALUES (3, 3, 1, '2026-07-21 03:44:15');
INSERT INTO "siswa_badge" ("id", "siswa_id", "badge_id", "achieved_at") VALUES (4, 4, 4, '2026-07-21 03:44:15');
INSERT INTO "siswa_badge" ("id", "siswa_id", "badge_id", "achieved_at") VALUES (5, 5, 3, '2026-07-21 03:44:15');

DROP TABLE IF EXISTS "spps";
CREATE TABLE "spps" ("id" integer primary key autoincrement not null, "siswa_id" integer not null, "bulan" integer not null, "tahun" integer not null, "jumlah" numeric not null, "tenggat" date, "status" varchar check ("status" in ('lunas', 'belum')) not null default 'belum', "created_at" datetime, "updated_at" datetime, foreign key("siswa_id") references "siswa"("id"));
INSERT INTO "spps" ("id", "siswa_id", "bulan", "tahun", "jumlah", "tenggat", "status", "created_at", "updated_at") VALUES (1, 1, 1, 2026, 250000, '2026-01-10', 'lunas', '2026-07-21 10:44:15', '2026-07-21 10:44:15');
INSERT INTO "spps" ("id", "siswa_id", "bulan", "tahun", "jumlah", "tenggat", "status", "created_at", "updated_at") VALUES (2, 1, 2, 2026, 250000, '2026-02-10', 'lunas', '2026-07-21 10:44:15', '2026-07-21 10:44:15');
INSERT INTO "spps" ("id", "siswa_id", "bulan", "tahun", "jumlah", "tenggat", "status", "created_at", "updated_at") VALUES (3, 1, 3, 2026, 250000, '2026-03-10', 'lunas', '2026-07-21 10:44:15', '2026-07-21 10:44:15');
INSERT INTO "spps" ("id", "siswa_id", "bulan", "tahun", "jumlah", "tenggat", "status", "created_at", "updated_at") VALUES (4, 1, 4, 2026, 250000, '2026-04-10', 'lunas', '2026-07-21 10:44:15', '2026-07-21 10:44:15');
INSERT INTO "spps" ("id", "siswa_id", "bulan", "tahun", "jumlah", "tenggat", "status", "created_at", "updated_at") VALUES (5, 1, 5, 2026, 250000, '2026-05-10', 'lunas', '2026-07-21 10:44:15', '2026-07-21 10:44:15');
INSERT INTO "spps" ("id", "siswa_id", "bulan", "tahun", "jumlah", "tenggat", "status", "created_at", "updated_at") VALUES (6, 1, 6, 2026, 250000, '2026-06-10', 'lunas', '2026-07-21 10:44:15', '2026-07-21 10:44:15');
INSERT INTO "spps" ("id", "siswa_id", "bulan", "tahun", "jumlah", "tenggat", "status", "created_at", "updated_at") VALUES (7, 1, 7, 2026, 250000, '2026-07-10', 'belum', '2026-07-21 10:44:15', '2026-07-21 10:44:15');
INSERT INTO "spps" ("id", "siswa_id", "bulan", "tahun", "jumlah", "tenggat", "status", "created_at", "updated_at") VALUES (8, 2, 1, 2026, 250000, '2026-01-10', 'lunas', '2026-07-21 10:44:15', '2026-07-21 10:44:15');
INSERT INTO "spps" ("id", "siswa_id", "bulan", "tahun", "jumlah", "tenggat", "status", "created_at", "updated_at") VALUES (9, 2, 2, 2026, 250000, '2026-02-10', 'lunas', '2026-07-21 10:44:15', '2026-07-21 10:44:15');
INSERT INTO "spps" ("id", "siswa_id", "bulan", "tahun", "jumlah", "tenggat", "status", "created_at", "updated_at") VALUES (10, 2, 3, 2026, 250000, '2026-03-10', 'lunas', '2026-07-21 10:44:15', '2026-07-21 10:44:15');
INSERT INTO "spps" ("id", "siswa_id", "bulan", "tahun", "jumlah", "tenggat", "status", "created_at", "updated_at") VALUES (11, 2, 4, 2026, 250000, '2026-04-10', 'lunas', '2026-07-21 10:44:15', '2026-07-21 10:44:15');
INSERT INTO "spps" ("id", "siswa_id", "bulan", "tahun", "jumlah", "tenggat", "status", "created_at", "updated_at") VALUES (12, 2, 5, 2026, 250000, '2026-05-10', 'lunas', '2026-07-21 10:44:15', '2026-07-21 10:44:15');
INSERT INTO "spps" ("id", "siswa_id", "bulan", "tahun", "jumlah", "tenggat", "status", "created_at", "updated_at") VALUES (13, 2, 6, 2026, 250000, '2026-06-10', 'lunas', '2026-07-21 10:44:15', '2026-07-21 10:44:15');
INSERT INTO "spps" ("id", "siswa_id", "bulan", "tahun", "jumlah", "tenggat", "status", "created_at", "updated_at") VALUES (14, 2, 7, 2026, 250000, '2026-07-10', 'belum', '2026-07-21 10:44:15', '2026-07-21 10:44:15');
INSERT INTO "spps" ("id", "siswa_id", "bulan", "tahun", "jumlah", "tenggat", "status", "created_at", "updated_at") VALUES (15, 3, 1, 2026, 250000, '2026-01-10', 'lunas', '2026-07-21 10:44:15', '2026-07-21 10:44:15');
INSERT INTO "spps" ("id", "siswa_id", "bulan", "tahun", "jumlah", "tenggat", "status", "created_at", "updated_at") VALUES (16, 3, 2, 2026, 250000, '2026-02-10', 'lunas', '2026-07-21 10:44:15', '2026-07-21 10:44:15');
INSERT INTO "spps" ("id", "siswa_id", "bulan", "tahun", "jumlah", "tenggat", "status", "created_at", "updated_at") VALUES (17, 3, 3, 2026, 250000, '2026-03-10', 'lunas', '2026-07-21 10:44:15', '2026-07-21 10:44:15');
INSERT INTO "spps" ("id", "siswa_id", "bulan", "tahun", "jumlah", "tenggat", "status", "created_at", "updated_at") VALUES (18, 3, 4, 2026, 250000, '2026-04-10', 'lunas', '2026-07-21 10:44:15', '2026-07-21 10:44:15');
INSERT INTO "spps" ("id", "siswa_id", "bulan", "tahun", "jumlah", "tenggat", "status", "created_at", "updated_at") VALUES (19, 3, 5, 2026, 250000, '2026-05-10', 'lunas', '2026-07-21 10:44:15', '2026-07-21 10:44:15');
INSERT INTO "spps" ("id", "siswa_id", "bulan", "tahun", "jumlah", "tenggat", "status", "created_at", "updated_at") VALUES (20, 3, 6, 2026, 250000, '2026-06-10', 'lunas', '2026-07-21 10:44:15', '2026-07-21 10:44:15');
INSERT INTO "spps" ("id", "siswa_id", "bulan", "tahun", "jumlah", "tenggat", "status", "created_at", "updated_at") VALUES (21, 3, 7, 2026, 250000, '2026-07-10', 'belum', '2026-07-21 10:44:15', '2026-07-21 10:44:15');

DROP TABLE IF EXISTS "tahfidz_ayat_nilai";
CREATE TABLE "tahfidz_ayat_nilai" ("id" integer primary key autoincrement not null, "tahfidz_setoran_id" integer not null, "guru_id" integer not null, "nomor_ayat" integer not null, "makhroj" integer not null, "tajwid" integer not null, "kelancaran" integer not null, "created_at" datetime, "updated_at" datetime, foreign key("tahfidz_setoran_id") references "tahfidz_setoran"("id") on delete cascade, foreign key("guru_id") references "guru"("id") on delete cascade);

DROP TABLE IF EXISTS "tahfidz_progress";
CREATE TABLE "tahfidz_progress" ("id" integer primary key autoincrement not null, "siswa_id" integer not null, "kelas_id" integer, "kelas_quran_id" integer, "surah" varchar, "ayat_mulai" integer, "ayat_selesai" integer, "juz_dihafal" integer not null default '0', "total_ayat" integer, "progress_percent" numeric not null default '0', "target_deskripsi" varchar, "status" varchar check ("status" in ('belum_mulai', 'berproses', 'lancar', 'perlu_murojaah')) not null default 'berproses', "catatan" text, "updated_by" integer, "created_at" datetime, "updated_at" datetime, foreign key("siswa_id") references "siswa"("id") on delete cascade, foreign key("kelas_id") references "kelas"("id") on delete set null, foreign key("kelas_quran_id") references "kelas_quran"("id") on delete set null, foreign key("updated_by") references "users"("id") on delete set null);

DROP TABLE IF EXISTS "tahfidz_setoran";
CREATE TABLE "tahfidz_setoran" ("id" integer primary key autoincrement not null, "siswa_id" integer not null, "guru_id" integer not null, "tanggal" date not null, "surah" varchar not null, "ayat_mulai" integer not null, "ayat_selesai" integer not null, "jumlah_ayat" integer not null, "status" varchar check ("status" in ('baru', 'murojaah')) not null default 'baru', "nilai" integer, "catatan_guru" text, "created_at" datetime, "updated_at" datetime, "tanggal_berikutnya" date, foreign key("siswa_id") references "siswa"("id") on delete cascade, foreign key("guru_id") references "guru"("id") on delete cascade);
INSERT INTO "tahfidz_setoran" ("id", "siswa_id", "guru_id", "tanggal", "surah", "ayat_mulai", "ayat_selesai", "jumlah_ayat", "status", "nilai", "catatan_guru", "created_at", "updated_at", "tanggal_berikutnya") VALUES (1, 1, 1, '2026-03-03', 'An-Nazi''at', 1, 5, 7, 'murojaah', 83, NULL, '2026-07-21 10:44:15', '2026-07-21 10:44:15', NULL);
INSERT INTO "tahfidz_setoran" ("id", "siswa_id", "guru_id", "tanggal", "surah", "ayat_mulai", "ayat_selesai", "jumlah_ayat", "status", "nilai", "catatan_guru", "created_at", "updated_at", "tanggal_berikutnya") VALUES (2, 1, 1, '2026-03-02', 'An-Nazi''at', 1, 14, 15, 'baru', 89, NULL, '2026-07-21 10:44:15', '2026-07-21 10:44:15', NULL);
INSERT INTO "tahfidz_setoran" ("id", "siswa_id", "guru_id", "tanggal", "surah", "ayat_mulai", "ayat_selesai", "jumlah_ayat", "status", "nilai", "catatan_guru", "created_at", "updated_at", "tanggal_berikutnya") VALUES (3, 1, 7, '2026-03-26', 'An-Nazi''at', 1, 10, 7, 'murojaah', 91, NULL, '2026-07-21 10:44:15', '2026-07-21 10:44:15', NULL);
INSERT INTO "tahfidz_setoran" ("id", "siswa_id", "guru_id", "tanggal", "surah", "ayat_mulai", "ayat_selesai", "jumlah_ayat", "status", "nilai", "catatan_guru", "created_at", "updated_at", "tanggal_berikutnya") VALUES (4, 2, 8, '2026-03-20', 'An-Nazi''at', 1, 6, 13, 'baru', 89, NULL, '2026-07-21 10:44:15', '2026-07-21 10:44:15', NULL);
INSERT INTO "tahfidz_setoran" ("id", "siswa_id", "guru_id", "tanggal", "surah", "ayat_mulai", "ayat_selesai", "jumlah_ayat", "status", "nilai", "catatan_guru", "created_at", "updated_at", "tanggal_berikutnya") VALUES (5, 2, 8, '2026-03-22', 'An-Nazi''at', 1, 6, 12, 'baru', 88, NULL, '2026-07-21 10:44:15', '2026-07-21 10:44:15', NULL);
INSERT INTO "tahfidz_setoran" ("id", "siswa_id", "guru_id", "tanggal", "surah", "ayat_mulai", "ayat_selesai", "jumlah_ayat", "status", "nilai", "catatan_guru", "created_at", "updated_at", "tanggal_berikutnya") VALUES (6, 2, 4, '2026-03-05', 'Abasa', 1, 12, 8, 'baru', 100, NULL, '2026-07-21 10:44:15', '2026-07-21 10:44:15', NULL);
INSERT INTO "tahfidz_setoran" ("id", "siswa_id", "guru_id", "tanggal", "surah", "ayat_mulai", "ayat_selesai", "jumlah_ayat", "status", "nilai", "catatan_guru", "created_at", "updated_at", "tanggal_berikutnya") VALUES (7, 3, 9, '2026-03-23', 'An-Naba''', 1, 15, 15, 'baru', 84, NULL, '2026-07-21 10:44:15', '2026-07-21 10:44:15', NULL);
INSERT INTO "tahfidz_setoran" ("id", "siswa_id", "guru_id", "tanggal", "surah", "ayat_mulai", "ayat_selesai", "jumlah_ayat", "status", "nilai", "catatan_guru", "created_at", "updated_at", "tanggal_berikutnya") VALUES (8, 3, 6, '2026-03-07', 'An-Nazi''at', 1, 9, 9, 'baru', 95, NULL, '2026-07-21 10:44:15', '2026-07-21 10:44:15', NULL);
INSERT INTO "tahfidz_setoran" ("id", "siswa_id", "guru_id", "tanggal", "surah", "ayat_mulai", "ayat_selesai", "jumlah_ayat", "status", "nilai", "catatan_guru", "created_at", "updated_at", "tanggal_berikutnya") VALUES (9, 3, 4, '2026-03-13', 'An-Naba''', 1, 5, 5, 'murojaah', 88, NULL, '2026-07-21 10:44:15', '2026-07-21 10:44:15', NULL);
INSERT INTO "tahfidz_setoran" ("id", "siswa_id", "guru_id", "tanggal", "surah", "ayat_mulai", "ayat_selesai", "jumlah_ayat", "status", "nilai", "catatan_guru", "created_at", "updated_at", "tanggal_berikutnya") VALUES (10, 4, 1, '2026-03-25', 'An-Naba''', 1, 14, 15, 'murojaah', 95, NULL, '2026-07-21 10:44:15', '2026-07-21 10:44:15', NULL);
INSERT INTO "tahfidz_setoran" ("id", "siswa_id", "guru_id", "tanggal", "surah", "ayat_mulai", "ayat_selesai", "jumlah_ayat", "status", "nilai", "catatan_guru", "created_at", "updated_at", "tanggal_berikutnya") VALUES (11, 4, 8, '2026-03-14', 'An-Naba''', 1, 12, 11, 'baru', 90, NULL, '2026-07-21 10:44:15', '2026-07-21 10:44:15', NULL);
INSERT INTO "tahfidz_setoran" ("id", "siswa_id", "guru_id", "tanggal", "surah", "ayat_mulai", "ayat_selesai", "jumlah_ayat", "status", "nilai", "catatan_guru", "created_at", "updated_at", "tanggal_berikutnya") VALUES (12, 4, 9, '2026-03-18', 'An-Naba''', 1, 15, 7, 'murojaah', 83, NULL, '2026-07-21 10:44:15', '2026-07-21 10:44:15', NULL);
INSERT INTO "tahfidz_setoran" ("id", "siswa_id", "guru_id", "tanggal", "surah", "ayat_mulai", "ayat_selesai", "jumlah_ayat", "status", "nilai", "catatan_guru", "created_at", "updated_at", "tanggal_berikutnya") VALUES (13, 5, 6, '2026-03-14', 'An-Nazi''at', 1, 5, 8, 'murojaah', 81, NULL, '2026-07-21 10:44:15', '2026-07-21 10:44:15', NULL);
INSERT INTO "tahfidz_setoran" ("id", "siswa_id", "guru_id", "tanggal", "surah", "ayat_mulai", "ayat_selesai", "jumlah_ayat", "status", "nilai", "catatan_guru", "created_at", "updated_at", "tanggal_berikutnya") VALUES (14, 5, 10, '2026-03-04', 'An-Naba''', 1, 7, 13, 'murojaah', 97, NULL, '2026-07-21 10:44:15', '2026-07-21 10:44:15', NULL);
INSERT INTO "tahfidz_setoran" ("id", "siswa_id", "guru_id", "tanggal", "surah", "ayat_mulai", "ayat_selesai", "jumlah_ayat", "status", "nilai", "catatan_guru", "created_at", "updated_at", "tanggal_berikutnya") VALUES (15, 5, 10, '2026-03-04', 'Abasa', 1, 9, 11, 'baru', 96, NULL, '2026-07-21 10:44:15', '2026-07-21 10:44:15', NULL);
INSERT INTO "tahfidz_setoran" ("id", "siswa_id", "guru_id", "tanggal", "surah", "ayat_mulai", "ayat_selesai", "jumlah_ayat", "status", "nilai", "catatan_guru", "created_at", "updated_at", "tanggal_berikutnya") VALUES (16, 6, 1, '2026-03-05', 'Abasa', 1, 12, 10, 'baru', 94, NULL, '2026-07-21 10:44:15', '2026-07-21 10:44:15', NULL);
INSERT INTO "tahfidz_setoran" ("id", "siswa_id", "guru_id", "tanggal", "surah", "ayat_mulai", "ayat_selesai", "jumlah_ayat", "status", "nilai", "catatan_guru", "created_at", "updated_at", "tanggal_berikutnya") VALUES (17, 6, 6, '2026-03-22', 'Abasa', 1, 15, 11, 'murojaah', 94, NULL, '2026-07-21 10:44:15', '2026-07-21 10:44:15', NULL);
INSERT INTO "tahfidz_setoran" ("id", "siswa_id", "guru_id", "tanggal", "surah", "ayat_mulai", "ayat_selesai", "jumlah_ayat", "status", "nilai", "catatan_guru", "created_at", "updated_at", "tanggal_berikutnya") VALUES (18, 6, 8, '2026-03-17', 'An-Nazi''at', 1, 15, 8, 'baru', 85, NULL, '2026-07-21 10:44:15', '2026-07-21 10:44:15', NULL);
INSERT INTO "tahfidz_setoran" ("id", "siswa_id", "guru_id", "tanggal", "surah", "ayat_mulai", "ayat_selesai", "jumlah_ayat", "status", "nilai", "catatan_guru", "created_at", "updated_at", "tanggal_berikutnya") VALUES (19, 7, 11, '2026-03-15', 'An-Naba''', 1, 6, 13, 'baru', 81, NULL, '2026-07-21 10:44:15', '2026-07-21 10:44:15', NULL);
INSERT INTO "tahfidz_setoran" ("id", "siswa_id", "guru_id", "tanggal", "surah", "ayat_mulai", "ayat_selesai", "jumlah_ayat", "status", "nilai", "catatan_guru", "created_at", "updated_at", "tanggal_berikutnya") VALUES (20, 7, 1, '2026-03-26', 'Abasa', 1, 8, 9, 'baru', 85, NULL, '2026-07-21 10:44:15', '2026-07-21 10:44:15', NULL);
INSERT INTO "tahfidz_setoran" ("id", "siswa_id", "guru_id", "tanggal", "surah", "ayat_mulai", "ayat_selesai", "jumlah_ayat", "status", "nilai", "catatan_guru", "created_at", "updated_at", "tanggal_berikutnya") VALUES (21, 7, 4, '2026-03-27', 'An-Nazi''at', 1, 8, 10, 'baru', 80, NULL, '2026-07-21 10:44:15', '2026-07-21 10:44:15', NULL);
INSERT INTO "tahfidz_setoran" ("id", "siswa_id", "guru_id", "tanggal", "surah", "ayat_mulai", "ayat_selesai", "jumlah_ayat", "status", "nilai", "catatan_guru", "created_at", "updated_at", "tanggal_berikutnya") VALUES (22, 8, 1, '2026-03-20', 'An-Nazi''at', 1, 5, 7, 'murojaah', 100, NULL, '2026-07-21 10:44:15', '2026-07-21 10:44:15', NULL);
INSERT INTO "tahfidz_setoran" ("id", "siswa_id", "guru_id", "tanggal", "surah", "ayat_mulai", "ayat_selesai", "jumlah_ayat", "status", "nilai", "catatan_guru", "created_at", "updated_at", "tanggal_berikutnya") VALUES (23, 8, 9, '2026-03-23', 'Abasa', 1, 10, 9, 'murojaah', 91, NULL, '2026-07-21 10:44:15', '2026-07-21 10:44:15', NULL);
INSERT INTO "tahfidz_setoran" ("id", "siswa_id", "guru_id", "tanggal", "surah", "ayat_mulai", "ayat_selesai", "jumlah_ayat", "status", "nilai", "catatan_guru", "created_at", "updated_at", "tanggal_berikutnya") VALUES (24, 8, 9, '2026-03-19', 'Abasa', 1, 9, 12, 'baru', 83, NULL, '2026-07-21 10:44:15', '2026-07-21 10:44:15', NULL);
INSERT INTO "tahfidz_setoran" ("id", "siswa_id", "guru_id", "tanggal", "surah", "ayat_mulai", "ayat_selesai", "jumlah_ayat", "status", "nilai", "catatan_guru", "created_at", "updated_at", "tanggal_berikutnya") VALUES (25, 9, 8, '2026-03-09', 'Abasa', 1, 6, 7, 'murojaah', 97, NULL, '2026-07-21 10:44:15', '2026-07-21 10:44:15', NULL);
INSERT INTO "tahfidz_setoran" ("id", "siswa_id", "guru_id", "tanggal", "surah", "ayat_mulai", "ayat_selesai", "jumlah_ayat", "status", "nilai", "catatan_guru", "created_at", "updated_at", "tanggal_berikutnya") VALUES (26, 9, 4, '2026-03-21', 'An-Nazi''at', 1, 7, 14, 'murojaah', 96, NULL, '2026-07-21 10:44:15', '2026-07-21 10:44:15', NULL);
INSERT INTO "tahfidz_setoran" ("id", "siswa_id", "guru_id", "tanggal", "surah", "ayat_mulai", "ayat_selesai", "jumlah_ayat", "status", "nilai", "catatan_guru", "created_at", "updated_at", "tanggal_berikutnya") VALUES (27, 9, 10, '2026-03-11', 'An-Naba''', 1, 10, 5, 'baru', 82, NULL, '2026-07-21 10:44:15', '2026-07-21 10:44:15', NULL);
INSERT INTO "tahfidz_setoran" ("id", "siswa_id", "guru_id", "tanggal", "surah", "ayat_mulai", "ayat_selesai", "jumlah_ayat", "status", "nilai", "catatan_guru", "created_at", "updated_at", "tanggal_berikutnya") VALUES (28, 10, 10, '2026-03-09', 'An-Naba''', 1, 6, 5, 'baru', 84, NULL, '2026-07-21 10:44:15', '2026-07-21 10:44:15', NULL);
INSERT INTO "tahfidz_setoran" ("id", "siswa_id", "guru_id", "tanggal", "surah", "ayat_mulai", "ayat_selesai", "jumlah_ayat", "status", "nilai", "catatan_guru", "created_at", "updated_at", "tanggal_berikutnya") VALUES (29, 10, 2, '2026-03-15', 'An-Nazi''at', 1, 7, 8, 'baru', 85, NULL, '2026-07-21 10:44:15', '2026-07-21 10:44:15', NULL);
INSERT INTO "tahfidz_setoran" ("id", "siswa_id", "guru_id", "tanggal", "surah", "ayat_mulai", "ayat_selesai", "jumlah_ayat", "status", "nilai", "catatan_guru", "created_at", "updated_at", "tanggal_berikutnya") VALUES (30, 10, 9, '2026-03-07', 'An-Naba''', 1, 15, 11, 'murojaah', 97, NULL, '2026-07-21 10:44:15', '2026-07-21 10:44:15', NULL);

DROP TABLE IF EXISTS "tugas";
CREATE TABLE "tugas" ("id" integer primary key autoincrement not null, "judul" varchar not null, "deskripsi" text, "mapel_id" integer not null, "kelas_id" integer not null, "guru_id" integer not null, "tipe" varchar check ("tipe" in ('tugas', 'ulangan')) not null default 'tugas', "tanggal_deadline" date, "file_path" varchar, "created_at" datetime, "updated_at" datetime, foreign key("mapel_id") references "mapel"("id") on delete cascade, foreign key("kelas_id") references "kelas"("id") on delete cascade, foreign key("guru_id") references "guru"("id") on delete cascade);
INSERT INTO "tugas" ("id", "judul", "deskripsi", "mapel_id", "kelas_id", "guru_id", "tipe", "tanggal_deadline", "file_path", "created_at", "updated_at") VALUES (1, 'Tugas Praktek Sholat', NULL, 40, 1, 2, 'tugas', '2026-04-02', NULL, '2026-07-21 10:44:13', '2026-07-21 10:44:13');
INSERT INTO "tugas" ("id", "judul", "deskripsi", "mapel_id", "kelas_id", "guru_id", "tipe", "tanggal_deadline", "file_path", "created_at", "updated_at") VALUES (2, 'PR Persamaan Linear', NULL, 40, 4, 9, 'tugas', '2026-04-05', NULL, '2026-07-21 10:44:13', '2026-07-21 10:44:13');
INSERT INTO "tugas" ("id", "judul", "deskripsi", "mapel_id", "kelas_id", "guru_id", "tipe", "tanggal_deadline", "file_path", "created_at", "updated_at") VALUES (3, 'Laporan Pengamatan', NULL, 10, 5, 1, 'tugas', '2026-04-10', NULL, '2026-07-21 10:44:13', '2026-07-21 10:44:13');
INSERT INTO "tugas" ("id", "judul", "deskripsi", "mapel_id", "kelas_id", "guru_id", "tipe", "tanggal_deadline", "file_path", "created_at", "updated_at") VALUES (4, 'Esai Liburan', NULL, 13, 4, 10, 'tugas', '2026-04-15', NULL, '2026-07-21 10:44:13', '2026-07-21 10:44:13');
INSERT INTO "tugas" ("id", "judul", "deskripsi", "mapel_id", "kelas_id", "guru_id", "tipe", "tanggal_deadline", "file_path", "created_at", "updated_at") VALUES (5, 'Vocabulary Quiz', NULL, 13, 3, 4, 'tugas', '2026-04-12', NULL, '2026-07-21 10:44:13', '2026-07-21 10:44:13');
INSERT INTO "tugas" ("id", "judul", "deskripsi", "mapel_id", "kelas_id", "guru_id", "tipe", "tanggal_deadline", "file_path", "created_at", "updated_at") VALUES (6, 'Ulangan Harian Bab 4', NULL, 14, 1, 10, 'ulangan', '2026-04-08', NULL, '2026-07-21 10:44:13', '2026-07-21 10:44:13');
INSERT INTO "tugas" ("id", "judul", "deskripsi", "mapel_id", "kelas_id", "guru_id", "tipe", "tanggal_deadline", "file_path", "created_at", "updated_at") VALUES (7, 'UTS Genap', NULL, 1, 5, 10, 'ulangan', '2026-04-20', NULL, '2026-07-21 10:44:13', '2026-07-21 10:44:13');
INSERT INTO "tugas" ("id", "judul", "deskripsi", "mapel_id", "kelas_id", "guru_id", "tipe", "tanggal_deadline", "file_path", "created_at", "updated_at") VALUES (8, 'Ulangan Harian Bab 3', NULL, 39, 3, 9, 'ulangan', '2026-03-15', NULL, '2026-07-21 10:44:13', '2026-07-21 10:44:13');

DROP TABLE IF EXISTS "users";
CREATE TABLE "users" ("id" integer primary key autoincrement not null, "name" varchar not null, "email" varchar not null, "email_verified_at" datetime, "password" varchar not null, "remember_token" varchar, "created_at" datetime, "updated_at" datetime, "role" varchar check ("role" in ('siswa_sd', 'siswa_smp', 'guru', 'orang_tua', 'admin', 'kepala_sekolah')) not null default 'siswa_smp');
INSERT INTO "users" ("id", "name", "email", "email_verified_at", "password", "remember_token", "created_at", "updated_at", "role") VALUES (1, 'Sahrial Pulungan, M.Pd', 'sahrialpulunganmpd@alazharjayaindonesia.sch.id', NULL, '$2y$12$msVHuxo1yT0VZEZ2vN89VO5q5PBmaiFryL4VpCt/ydjsnlq9FAZZ6', NULL, '2026-07-21 10:43:53', '2026-07-21 10:43:53', 'guru');
INSERT INTO "users" ("id", "name", "email", "email_verified_at", "password", "remember_token", "created_at", "updated_at", "role") VALUES (2, 'Riva Riana, S.Pd', 'rivarianaspd@alazharjayaindonesia.sch.id', NULL, '$2y$12$qOyg0mQPUxyxpgRbGqXybOlJdy60fdhtQBWSdfGzXvft5jvyTcjZS', NULL, '2026-07-21 10:43:53', '2026-07-21 10:43:53', 'guru');
INSERT INTO "users" ("id", "name", "email", "email_verified_at", "password", "remember_token", "created_at", "updated_at", "role") VALUES (3, 'Adinda Oktavhiani S.Pd', 'adindaoktavhianispd@alazharjayaindonesia.sch.id', NULL, '$2y$12$6I/vpRqwDn65PKJSUlfPaOvlB2hLOsd5rDXsLnirYF6psAUtEdV3G', NULL, '2026-07-21 10:43:53', '2026-07-21 10:43:53', 'guru');
INSERT INTO "users" ("id", "name", "email", "email_verified_at", "password", "remember_token", "created_at", "updated_at", "role") VALUES (4, 'Intan Kusuma Dera, S.Ag', 'intankusumaderasag@alazharjayaindonesia.sch.id', NULL, '$2y$12$5IObrVMfyQboVu/L2zm.VOypu1N8DhU1yYRQZG97EgWSRQjr33WKm', NULL, '2026-07-21 10:43:53', '2026-07-21 10:43:53', 'guru');
INSERT INTO "users" ("id", "name", "email", "email_verified_at", "password", "remember_token", "created_at", "updated_at", "role") VALUES (5, 'Vika Wati Dzulciha, S.Ag', 'vikawatidzulcihasag@alazharjayaindonesia.sch.id', NULL, '$2y$12$gLHTwztea7tmrlCQm/.u3OVmSD8JwsOZQUl1RlrNpgu3j2pys7i9u', NULL, '2026-07-21 10:43:54', '2026-07-21 10:43:54', 'guru');
INSERT INTO "users" ("id", "name", "email", "email_verified_at", "password", "remember_token", "created_at", "updated_at", "role") VALUES (6, 'Irnika Widiyan Dini, S.Li', 'irnikawidiyandinisli@alazharjayaindonesia.sch.id', NULL, '$2y$12$EkifDACNMJFt1N7EPf.io.F.kbtmYDJH.OHh9BIIbYrxfTBlUJg.a', NULL, '2026-07-21 10:43:54', '2026-07-21 10:43:54', 'guru');
INSERT INTO "users" ("id", "name", "email", "email_verified_at", "password", "remember_token", "created_at", "updated_at", "role") VALUES (7, 'Ajeng Putyri Aryantika, S.Pd', 'ajengputyriaryantikaspd@alazharjayaindonesia.sch.id', NULL, '$2y$12$ODusmX7CpQ1fgVN0wHlV/eMprxb6ED.lLthuTa0fnQWs2mfo7CpjW', NULL, '2026-07-21 10:43:54', '2026-07-21 10:43:54', 'guru');
INSERT INTO "users" ("id", "name", "email", "email_verified_at", "password", "remember_token", "created_at", "updated_at", "role") VALUES (8, 'Nurhayati, S.Ag', 'nurhayatisag@alazharjayaindonesia.sch.id', NULL, '$2y$12$oTQe3lnhrNsKqZA9IAbop.ou/kJonJkdIy3LZlovNT5I3VRzXgWbW', NULL, '2026-07-21 10:43:54', '2026-07-21 10:43:54', 'guru');
INSERT INTO "users" ("id", "name", "email", "email_verified_at", "password", "remember_token", "created_at", "updated_at", "role") VALUES (9, 'Sri Wanti Maulani, S.Pd', 'sriwantimaulanispd@alazharjayaindonesia.sch.id', NULL, '$2y$12$kh1eWd/1nB68Z8nMMlWax.PbSS8.fSo//c4PutLOSn/T4VOGvhm.O', NULL, '2026-07-21 10:43:55', '2026-07-21 10:43:55', 'guru');
INSERT INTO "users" ("id", "name", "email", "email_verified_at", "password", "remember_token", "created_at", "updated_at", "role") VALUES (10, 'Khairunisa', 'khairunisa@alazharjayaindonesia.sch.id', NULL, '$2y$12$9VY/EVcCAa4r7oqxKS06jOgY7sCWyz.ME9lyTip.w16DheuRb78sW', NULL, '2026-07-21 10:43:55', '2026-07-21 10:43:55', 'guru');
INSERT INTO "users" ("id", "name", "email", "email_verified_at", "password", "remember_token", "created_at", "updated_at", "role") VALUES (11, 'Ai Sunariah, S.Pd', 'aisunariahspd@alazharjayaindonesia.sch.id', NULL, '$2y$12$KQ5dnoP5QH4xI/4pPnRFUueRLljhc6FJoZUhcYhHoQ7vmrA/ZydXK', NULL, '2026-07-21 10:43:55', '2026-07-21 10:43:55', 'guru');
INSERT INTO "users" ("id", "name", "email", "email_verified_at", "password", "remember_token", "created_at", "updated_at", "role") VALUES (12, 'Abdul Latif', 'abdul.latif@alazharjayaindonesia.sch.id', NULL, '$2y$12$U4YZxNCvA2typpTY6bCOE.KfZbSHaRc0CIFs9PJDAFZKxeO3kgFpW', NULL, '2026-07-21 10:43:55', '2026-07-21 10:43:55', 'siswa_smp');
INSERT INTO "users" ("id", "name", "email", "email_verified_at", "password", "remember_token", "created_at", "updated_at", "role") VALUES (13, 'Abid Abyan Tsany Solihansyah', 'abid.abyan.tsany.solihansyah@alazharjayaindonesia.sch.id', NULL, '$2y$12$U8K.E.5vq32tLpOxZTnhbOTuzjHE8EXYWSbqlH0YWgG.y7LevC93O', NULL, '2026-07-21 10:43:56', '2026-07-21 10:43:56', 'siswa_smp');
INSERT INTO "users" ("id", "name", "email", "email_verified_at", "password", "remember_token", "created_at", "updated_at", "role") VALUES (14, 'Aldeen Hadwan Shirazi', 'aldeen.hadwan.shirazi@alazharjayaindonesia.sch.id', NULL, '$2y$12$Ssf7ajJY6u3ZioHeuD4EAeywbhbKzQLSJweYu6niKK8f5RV73jHkK', NULL, '2026-07-21 10:43:56', '2026-07-21 10:43:56', 'siswa_smp');
INSERT INTO "users" ("id", "name", "email", "email_verified_at", "password", "remember_token", "created_at", "updated_at", "role") VALUES (15, 'Chaidar Rafisqy Hermawan', 'chaidar.rafisqy.hermawan@alazharjayaindonesia.sch.id', NULL, '$2y$12$8iMb8p4qsdIMqojuVdfzGOVd.8kFyDbUsLxu0zGrKwmVJpcv6KurW', NULL, '2026-07-21 10:43:56', '2026-07-21 10:43:56', 'siswa_smp');
INSERT INTO "users" ("id", "name", "email", "email_verified_at", "password", "remember_token", "created_at", "updated_at", "role") VALUES (16, 'Daffa Zaidan Pratama', 'daffa.zaidan.pratama@alazharjayaindonesia.sch.id', NULL, '$2y$12$fcwv6.iGKfPkuUqDkU5BOO1nOMUbJpOnbwL2tsYoTk1RB4gHktpFm', NULL, '2026-07-21 10:43:56', '2026-07-21 10:43:56', 'siswa_smp');
INSERT INTO "users" ("id", "name", "email", "email_verified_at", "password", "remember_token", "created_at", "updated_at", "role") VALUES (17, 'Fauzi Abdu Rohman', 'fauzi.abdu.rohman@alazharjayaindonesia.sch.id', NULL, '$2y$12$LArtIKweXmmv3uUdHWVmbOEXgRmrBPZNE477CT/eCQ8dTdgu9RYfC', NULL, '2026-07-21 10:43:57', '2026-07-21 10:43:57', 'siswa_smp');
INSERT INTO "users" ("id", "name", "email", "email_verified_at", "password", "remember_token", "created_at", "updated_at", "role") VALUES (18, 'Galang Hernandes', 'galang.hernandes@alazharjayaindonesia.sch.id', NULL, '$2y$12$gm0g/pv767M4k4AoOSrekudi0Qe.u.5aS9h0fztL95YJzWpx70pu2', NULL, '2026-07-21 10:43:57', '2026-07-21 10:43:57', 'siswa_smp');
INSERT INTO "users" ("id", "name", "email", "email_verified_at", "password", "remember_token", "created_at", "updated_at", "role") VALUES (19, 'Hamzah Irfan Fadillah', 'hamzah.irfan.fadillah@alazharjayaindonesia.sch.id', NULL, '$2y$12$6r6jRuF94MbWQ2c3uo1n3uQvelokGEN5bgMRWvW.e2hWnbHvAiQs2', NULL, '2026-07-21 10:43:57', '2026-07-21 10:43:57', 'siswa_smp');
INSERT INTO "users" ("id", "name", "email", "email_verified_at", "password", "remember_token", "created_at", "updated_at", "role") VALUES (20, 'Kelvin Adel Pratama', 'kelvin.adel.pratama@alazharjayaindonesia.sch.id', NULL, '$2y$12$MoVKGEYb6qr5JO4n8nkTf.WtdryMH8W7kUPnvF6ymHQXHG7/PHU2y', NULL, '2026-07-21 10:43:57', '2026-07-21 10:43:57', 'siswa_smp');
INSERT INTO "users" ("id", "name", "email", "email_verified_at", "password", "remember_token", "created_at", "updated_at", "role") VALUES (21, 'Maherdes Attaufiq Riziqlillah', 'maherdes.attaufiq.riziqlillah@alazharjayaindonesia.sch.id', NULL, '$2y$12$CrYxILTlI1xandz3EaS17OTm6WwEdXd273ZAjVDgesTw49enUZdm6', NULL, '2026-07-21 10:43:57', '2026-07-21 10:43:57', 'siswa_smp');
INSERT INTO "users" ("id", "name", "email", "email_verified_at", "password", "remember_token", "created_at", "updated_at", "role") VALUES (22, 'Muhammad Albyan', 'muhammad.albyan@alazharjayaindonesia.sch.id', NULL, '$2y$12$PWDRkJDCFK11mVNSDJ543u.F5J14tC2CziUEJ8wVtKWxWRVKC7sze', NULL, '2026-07-21 10:43:58', '2026-07-21 10:43:58', 'siswa_smp');
INSERT INTO "users" ("id", "name", "email", "email_verified_at", "password", "remember_token", "created_at", "updated_at", "role") VALUES (23, 'Muhammad Alhafidz', 'muhammad.alhafidz@alazharjayaindonesia.sch.id', NULL, '$2y$12$q3HSvNQt1dGcyNeB4rVKoOtrzSj3iHBJK.LfqwlnguWRdwDawR53.', NULL, '2026-07-21 10:43:58', '2026-07-21 10:43:58', 'siswa_smp');
INSERT INTO "users" ("id", "name", "email", "email_verified_at", "password", "remember_token", "created_at", "updated_at", "role") VALUES (24, 'Muhammad Aslam Zayyan', 'muhammad.aslam.zayyan@alazharjayaindonesia.sch.id', NULL, '$2y$12$EV4ytJbmGMHLX0lyy2rix.uuPOqhoQwbhXuT2BfsJQ7UxkswUZPde', NULL, '2026-07-21 10:43:58', '2026-07-21 10:43:58', 'siswa_smp');
INSERT INTO "users" ("id", "name", "email", "email_verified_at", "password", "remember_token", "created_at", "updated_at", "role") VALUES (25, 'Rizky Maulana As Shidiq', 'rizky.maulana.as.shidiq@alazharjayaindonesia.sch.id', NULL, '$2y$12$pJJ/GHgebT86Dzvhd01XAefs.rgZ7nAC0WaIC217jI0ZQ7imWSKBK', NULL, '2026-07-21 10:43:58', '2026-07-21 10:43:58', 'siswa_smp');
INSERT INTO "users" ("id", "name", "email", "email_verified_at", "password", "remember_token", "created_at", "updated_at", "role") VALUES (26, 'Muhammad Azzam Nufail', 'muhammad.azzam.nufail@alazharjayaindonesia.sch.id', NULL, '$2y$12$wQbtj/baBa4rPD8BmGEjqejiKV.kBE57.r4u8xJ1OJcRZFuIIbdfm', NULL, '2026-07-21 10:43:59', '2026-07-21 10:43:59', 'siswa_smp');
INSERT INTO "users" ("id", "name", "email", "email_verified_at", "password", "remember_token", "created_at", "updated_at", "role") VALUES (27, 'Muhammad Daffa Al Ghifari', 'muhammad.daffa.al.ghifari@alazharjayaindonesia.sch.id', NULL, '$2y$12$SZgml9.110AWicY/6G91Qe8zWf67masPu9IxyDze.uXdF2AZXmTQm', NULL, '2026-07-21 10:43:59', '2026-07-21 10:43:59', 'siswa_smp');
INSERT INTO "users" ("id", "name", "email", "email_verified_at", "password", "remember_token", "created_at", "updated_at", "role") VALUES (28, 'Muhammad Eldafi Satya Irawan', 'muhammad.eldafi.satya.irawan@alazharjayaindonesia.sch.id', NULL, '$2y$12$K1y/OtFi9i3YCtJy6WK2peVjBs4w77iW9m2YOH4nD3drwk1zyiCmC', NULL, '2026-07-21 10:43:59', '2026-07-21 10:43:59', 'siswa_smp');
INSERT INTO "users" ("id", "name", "email", "email_verified_at", "password", "remember_token", "created_at", "updated_at", "role") VALUES (29, 'Muhammad Falah Pratama Mulya', 'muhammad.falah.pratama.mulya@alazharjayaindonesia.sch.id', NULL, '$2y$12$ngu6xHI0bPb1VRuRGGnQm.d12H1FjDJc1DzSoa1.JywpzSNZlSfnG', NULL, '2026-07-21 10:43:59', '2026-07-21 10:43:59', 'siswa_smp');
INSERT INTO "users" ("id", "name", "email", "email_verified_at", "password", "remember_token", "created_at", "updated_at", "role") VALUES (30, 'Muhammad Maher', 'muhammad.maher@alazharjayaindonesia.sch.id', NULL, '$2y$12$nIiNtVElZhBA8jVsWeD8gOsNRHCNVU.dpK2wcOeCX3.4NTWp2.otS', NULL, '2026-07-21 10:44:00', '2026-07-21 10:44:00', 'siswa_smp');
INSERT INTO "users" ("id", "name", "email", "email_verified_at", "password", "remember_token", "created_at", "updated_at", "role") VALUES (31, 'Muhammad Quincy Satyamulya', 'muhammad.quincy.satyamulya@alazharjayaindonesia.sch.id', NULL, '$2y$12$zV.dC2EIkjDTYGPq9y44dOIUOZPY7OFcxgRZuIA4/qaCHoqWN/8dK', NULL, '2026-07-21 10:44:00', '2026-07-21 10:44:00', 'siswa_smp');
INSERT INTO "users" ("id", "name", "email", "email_verified_at", "password", "remember_token", "created_at", "updated_at", "role") VALUES (32, 'Muhammad Rakha Solihansyah', 'muhammad.rakha.solihansyah@alazharjayaindonesia.sch.id', NULL, '$2y$12$wiYQiBHc5q2AVVURHkxAYujgmKFKWkrMM05A34sgN2GZGIuzTfh22', NULL, '2026-07-21 10:44:00', '2026-07-21 10:44:00', 'siswa_smp');
INSERT INTO "users" ("id", "name", "email", "email_verified_at", "password", "remember_token", "created_at", "updated_at", "role") VALUES (33, 'Muhammad Wafi Alkiram', 'muhammad.wafi.alkiram@alazharjayaindonesia.sch.id', NULL, '$2y$12$eTVRCSP0rhPs98t3AaRAzOj99v9Kw.FRROyyJEFu0f03M1zRecyee', NULL, '2026-07-21 10:44:00', '2026-07-21 10:44:00', 'siswa_smp');
INSERT INTO "users" ("id", "name", "email", "email_verified_at", "password", "remember_token", "created_at", "updated_at", "role") VALUES (34, 'Naufal Djaky Ardani', 'naufal.djaky.ardani@alazharjayaindonesia.sch.id', NULL, '$2y$12$9yC4hFSdGNklNolA2u3rdOvI.3UVk5IY9l78PwNGMQ9Ii0.QK14Em', NULL, '2026-07-21 10:44:01', '2026-07-21 10:44:01', 'siswa_smp');
INSERT INTO "users" ("id", "name", "email", "email_verified_at", "password", "remember_token", "created_at", "updated_at", "role") VALUES (35, 'Pandu Bagus Damar Wiyono', 'pandu.bagus.damar.wiyono@alazharjayaindonesia.sch.id', NULL, '$2y$12$993OPvAtpcX6DHctmP4.iedn1m641.9a8n2/DpRtAi.TGH.tKiTRm', NULL, '2026-07-21 10:44:01', '2026-07-21 10:44:01', 'siswa_smp');
INSERT INTO "users" ("id", "name", "email", "email_verified_at", "password", "remember_token", "created_at", "updated_at", "role") VALUES (36, 'Tsabit Wafi Musyaffa', 'tsabit.wafi.musyaffa@alazharjayaindonesia.sch.id', NULL, '$2y$12$DS4ZZD0aH7zs4ZtPuMAL4.ev/0YZF.Q2DKC6nk9tKv7fGnvukWDuy', NULL, '2026-07-21 10:44:01', '2026-07-21 10:44:01', 'siswa_smp');
INSERT INTO "users" ("id", "name", "email", "email_verified_at", "password", "remember_token", "created_at", "updated_at", "role") VALUES (37, 'Zahran Farid Firdaus', 'zahran.farid.firdaus@alazharjayaindonesia.sch.id', NULL, '$2y$12$M2UjmTEVve9dqBZaWfbn7O8ph3XAgk9hVKinaJXmAQ6m5389ZGXZ6', NULL, '2026-07-21 10:44:01', '2026-07-21 10:44:01', 'siswa_smp');
INSERT INTO "users" ("id", "name", "email", "email_verified_at", "password", "remember_token", "created_at", "updated_at", "role") VALUES (38, 'Zein Maulana Muaffin', 'zein.maulana.muaffin@alazharjayaindonesia.sch.id', NULL, '$2y$12$jatdfRvGlkLVPz2XibRbAOWXQWOAFdvyI9IhVTBR5fqskf.fEbHCu', NULL, '2026-07-21 10:44:02', '2026-07-21 10:44:02', 'siswa_smp');
INSERT INTO "users" ("id", "name", "email", "email_verified_at", "password", "remember_token", "created_at", "updated_at", "role") VALUES (39, 'Alviandra Chesta Radityatama', 'alviandra.chesta.radityatama@alazharjayaindonesia.sch.id', NULL, '$2y$12$NjixcdIxCYX4Sm8nPZEUU.7iDPgLbyPp7x1WMYiRpU0mIVf0HWXfO', NULL, '2026-07-21 10:44:02', '2026-07-21 10:44:02', 'siswa_smp');
INSERT INTO "users" ("id", "name", "email", "email_verified_at", "password", "remember_token", "created_at", "updated_at", "role") VALUES (40, 'Argia Raya Adz Dzikra', 'argia.raya.adz.dzikra@alazharjayaindonesia.sch.id', NULL, '$2y$12$l.x82REhbh.CnbTWDlz8KO0YHCpHAPNZ4uXOf5MugTJP69sK4L9Ha', NULL, '2026-07-21 10:44:02', '2026-07-21 10:44:02', 'siswa_smp');
INSERT INTO "users" ("id", "name", "email", "email_verified_at", "password", "remember_token", "created_at", "updated_at", "role") VALUES (41, 'Muhammad Hafidz Alfahrezi', 'muhammad.hafidz.alfahrezi@alazharjayaindonesia.sch.id', NULL, '$2y$12$EXpFBhiIMiiI/kQZzjIUGOs7Cq9c9NAWZhD3azxVnuSwRpJtvYI9.', NULL, '2026-07-21 10:44:02', '2026-07-21 10:44:02', 'siswa_smp');
INSERT INTO "users" ("id", "name", "email", "email_verified_at", "password", "remember_token", "created_at", "updated_at", "role") VALUES (42, 'Muhammad Al Farizy Setyanto', 'muhammad.al.farizy.setyanto@alazharjayaindonesia.sch.id', NULL, '$2y$12$S7PU3fMluAUaqvYYEe3.seeYGbawXcxD31hEkFSzGjgCI7cI7PRIW', NULL, '2026-07-21 10:44:02', '2026-07-21 10:44:02', 'siswa_smp');
INSERT INTO "users" ("id", "name", "email", "email_verified_at", "password", "remember_token", "created_at", "updated_at", "role") VALUES (43, 'Muhammad Al Fatih', 'muhammad.al.fatih@alazharjayaindonesia.sch.id', NULL, '$2y$12$8PQyKdULcyMoMT2OWdBUQO83ITep13PrMNtdrUNYK/ZZJUfduWjB.', NULL, '2026-07-21 10:44:03', '2026-07-21 10:44:03', 'siswa_smp');
INSERT INTO "users" ("id", "name", "email", "email_verified_at", "password", "remember_token", "created_at", "updated_at", "role") VALUES (44, 'Muhammad Fadlan Adelmar', 'muhammad.fadlan.adelmar@alazharjayaindonesia.sch.id', NULL, '$2y$12$hUJjz8rtdxlfnGSmRXDtJeW8ffjmeoh7CS4psFh7.OJhZFWm262/2', NULL, '2026-07-21 10:44:03', '2026-07-21 10:44:03', 'siswa_smp');
INSERT INTO "users" ("id", "name", "email", "email_verified_at", "password", "remember_token", "created_at", "updated_at", "role") VALUES (45, 'Reval Rama Sulistiyo', 'reval.rama.sulistiyo@alazharjayaindonesia.sch.id', NULL, '$2y$12$46S13P9.2XIKE9DjkUEPxu7SQnKnXhGToGzSDeNrk4QxyAAy6xPmm', NULL, '2026-07-21 10:44:03', '2026-07-21 10:44:03', 'siswa_smp');
INSERT INTO "users" ("id", "name", "email", "email_verified_at", "password", "remember_token", "created_at", "updated_at", "role") VALUES (46, 'Aila Zahwa Aqilah', 'aila.zahwa.aqilah@alazharjayaindonesia.sch.id', NULL, '$2y$12$ZV.JlPyk85n61x0DOq7bdutN1/PK7j3RpolL4bU4w3z8ZX/V229Aq', NULL, '2026-07-21 10:44:03', '2026-07-21 10:44:03', 'siswa_smp');
INSERT INTO "users" ("id", "name", "email", "email_verified_at", "password", "remember_token", "created_at", "updated_at", "role") VALUES (47, 'Aisyah Rahma Haniya', 'aisyah.rahma.haniya@alazharjayaindonesia.sch.id', NULL, '$2y$12$Dpa.9pVJqrbt9DgAfHXzeeeUphlhnJfSv648M2QpeT43TNXRyustG', NULL, '2026-07-21 10:44:04', '2026-07-21 10:44:04', 'siswa_smp');
INSERT INTO "users" ("id", "name", "email", "email_verified_at", "password", "remember_token", "created_at", "updated_at", "role") VALUES (48, 'Anindita Valencia Aurora', 'anindita.valencia.aurora@alazharjayaindonesia.sch.id', NULL, '$2y$12$C8DpAuM59Vj97xIJpZfkp.gK76ylkFqwJWPU1lOX2K.VRmuXjSRFe', NULL, '2026-07-21 10:44:04', '2026-07-21 10:44:04', 'siswa_smp');
INSERT INTO "users" ("id", "name", "email", "email_verified_at", "password", "remember_token", "created_at", "updated_at", "role") VALUES (49, 'Atsilah Azka Ramadhani', 'atsilah.azka.ramadhani@alazharjayaindonesia.sch.id', NULL, '$2y$12$mljcpNMLm5QWsjRdMhhbR.jbJgwzqks5kyqONURX.20A5XmrQfNNO', NULL, '2026-07-21 10:44:04', '2026-07-21 10:44:04', 'siswa_smp');
INSERT INTO "users" ("id", "name", "email", "email_verified_at", "password", "remember_token", "created_at", "updated_at", "role") VALUES (50, 'Dara Medina Putri', 'dara.medina.putri@alazharjayaindonesia.sch.id', NULL, '$2y$12$kMm/R2yBrSp8fgA1iACNW.MtFGouu0jgsCddZ.IG6enz2qNnNrwc.', NULL, '2026-07-21 10:44:04', '2026-07-21 10:44:04', 'siswa_smp');
INSERT INTO "users" ("id", "name", "email", "email_verified_at", "password", "remember_token", "created_at", "updated_at", "role") VALUES (51, 'Elsa Sri Isyana', 'elsa.sri.isyana@alazharjayaindonesia.sch.id', NULL, '$2y$12$r08XEkiq9WUkdCNub7Int.bD/2n5rfyfcNGzZBgTlWlppRZw9.NyO', NULL, '2026-07-21 10:44:05', '2026-07-21 10:44:05', 'siswa_smp');
INSERT INTO "users" ("id", "name", "email", "email_verified_at", "password", "remember_token", "created_at", "updated_at", "role") VALUES (52, 'Fadhilah Ramadhani', 'fadhilah.ramadhani@alazharjayaindonesia.sch.id', NULL, '$2y$12$ePXvHd3zDdcfgSUVVoFblu2G/GlP0wHIHS8H/U2ecERl.usj2dJYe', NULL, '2026-07-21 10:44:05', '2026-07-21 10:44:05', 'siswa_smp');
INSERT INTO "users" ("id", "name", "email", "email_verified_at", "password", "remember_token", "created_at", "updated_at", "role") VALUES (53, 'Fakhirah Khansa Anditasyah', 'fakhirah.khansa.anditasyah@alazharjayaindonesia.sch.id', NULL, '$2y$12$SKLH52r2/tJjKT2.mpdNiu.yHBX4tNSyZnN67J9QxQ1oaBbNw7uny', NULL, '2026-07-21 10:44:05', '2026-07-21 10:44:05', 'siswa_smp');
INSERT INTO "users" ("id", "name", "email", "email_verified_at", "password", "remember_token", "created_at", "updated_at", "role") VALUES (54, 'Fauziah Adawiyah', 'fauziah.adawiyah@alazharjayaindonesia.sch.id', NULL, '$2y$12$G5KCWw6BR3YuhjajivN4muBQ47WTxOL45N6NUMrWgmYx4P8vvQTg.', NULL, '2026-07-21 10:44:05', '2026-07-21 10:44:05', 'siswa_smp');
INSERT INTO "users" ("id", "name", "email", "email_verified_at", "password", "remember_token", "created_at", "updated_at", "role") VALUES (55, 'Gadis Bening Arsandi', 'gadis.bening.arsandi@alazharjayaindonesia.sch.id', NULL, '$2y$12$lo57IMGn9MDe/AYfVzi3vOl5uJRXNgBQ3wlebLrxPZ41y55b2MRS.', NULL, '2026-07-21 10:44:06', '2026-07-21 10:44:06', 'siswa_smp');
INSERT INTO "users" ("id", "name", "email", "email_verified_at", "password", "remember_token", "created_at", "updated_at", "role") VALUES (56, 'Gian Naifa Shofa', 'gian.naifa.shofa@alazharjayaindonesia.sch.id', NULL, '$2y$12$nefY2vuOy8xHumsBwS4Fi.ia213LaxiUjiGm26Oy3HPHdXO4PLGDC', NULL, '2026-07-21 10:44:06', '2026-07-21 10:44:06', 'siswa_smp');
INSERT INTO "users" ("id", "name", "email", "email_verified_at", "password", "remember_token", "created_at", "updated_at", "role") VALUES (57, 'Jihan Makaila Fakhirah', 'jihan.makaila.fakhirah@alazharjayaindonesia.sch.id', NULL, '$2y$12$u9YvFeAwJlL1u5/EppcRU.8u5CHuEZlq1qnBfx09vbPInR4tTwRqy', NULL, '2026-07-21 10:44:06', '2026-07-21 10:44:06', 'siswa_smp');
INSERT INTO "users" ("id", "name", "email", "email_verified_at", "password", "remember_token", "created_at", "updated_at", "role") VALUES (58, 'Jillan Azra Hakimah', 'jillan.azra.hakimah@alazharjayaindonesia.sch.id', NULL, '$2y$12$0P4CoB9d0UL60/35nT5Zw.ld7qTxZUYvreMSZsgVe1WI6ZFouhLoa', NULL, '2026-07-21 10:44:06', '2026-07-21 10:44:06', 'siswa_smp');
INSERT INTO "users" ("id", "name", "email", "email_verified_at", "password", "remember_token", "created_at", "updated_at", "role") VALUES (59, 'Kalula Ayesha Alkanza', 'kalula.ayesha.alkanza@alazharjayaindonesia.sch.id', NULL, '$2y$12$7wt1mqoDf1ENwEVCX28bpefF1M9YSrRQNVdtTh4pO3TCHwidVl9k6', NULL, '2026-07-21 10:44:07', '2026-07-21 10:44:07', 'siswa_smp');
INSERT INTO "users" ("id", "name", "email", "email_verified_at", "password", "remember_token", "created_at", "updated_at", "role") VALUES (60, 'Kayyasah Sholiha', 'kayyasah.sholiha@alazharjayaindonesia.sch.id', NULL, '$2y$12$OJsDDjlZR.hzTANvYM85Zuvxx65sbO5Wu2EL0iK2DPJYMCHq2Nnaa', NULL, '2026-07-21 10:44:07', '2026-07-21 10:44:07', 'siswa_smp');
INSERT INTO "users" ("id", "name", "email", "email_verified_at", "password", "remember_token", "created_at", "updated_at", "role") VALUES (61, 'Khayla Almira Maritza H', 'khayla.almira.maritza.h@alazharjayaindonesia.sch.id', NULL, '$2y$12$28lbv5Lb/PgKBHuZcsffJebYOlKvDUpXRYY154m5ztkywpbj1wW2y', NULL, '2026-07-21 10:44:07', '2026-07-21 10:44:07', 'siswa_smp');
INSERT INTO "users" ("id", "name", "email", "email_verified_at", "password", "remember_token", "created_at", "updated_at", "role") VALUES (62, 'Muhdatus Sa''idah', 'muhdatus.saidah@alazharjayaindonesia.sch.id', NULL, '$2y$12$GfwYkd7XkS2kFdUPv/EBbuNCRck2y.r1EC4Cd9Vl0Ogo4I88zHm.6', NULL, '2026-07-21 10:44:07', '2026-07-21 10:44:07', 'siswa_smp');
INSERT INTO "users" ("id", "name", "email", "email_verified_at", "password", "remember_token", "created_at", "updated_at", "role") VALUES (63, 'Nadia Aqila Shanum', 'nadia.aqila.shanum@alazharjayaindonesia.sch.id', NULL, '$2y$12$2pse4v60TTxupNvBEwTiJeBvI9U2a7vFUy9j4GskdS9WHBkuqwCA6', NULL, '2026-07-21 10:44:07', '2026-07-21 10:44:07', 'siswa_smp');
INSERT INTO "users" ("id", "name", "email", "email_verified_at", "password", "remember_token", "created_at", "updated_at", "role") VALUES (64, 'Naila Syahira Mumtazah', 'naila.syahira.mumtazah@alazharjayaindonesia.sch.id', NULL, '$2y$12$niqdFbNgzGHDyGGacb6Sw.QSqD0b/diHpD3E87P3/PQd7fXCyNMKa', NULL, '2026-07-21 10:44:08', '2026-07-21 10:44:08', 'siswa_smp');
INSERT INTO "users" ("id", "name", "email", "email_verified_at", "password", "remember_token", "created_at", "updated_at", "role") VALUES (65, 'Nasywa Maulida', 'nasywa.maulida@alazharjayaindonesia.sch.id', NULL, '$2y$12$ZZ24lfBnAOdaGTddHdWsF.twGyrbaEmYsD5ZKh4seaxYqIhW1KzSu', NULL, '2026-07-21 10:44:08', '2026-07-21 10:44:08', 'siswa_smp');
INSERT INTO "users" ("id", "name", "email", "email_verified_at", "password", "remember_token", "created_at", "updated_at", "role") VALUES (66, 'Nurul Hanis Nahilah', 'nurul.hanis.nahilah@alazharjayaindonesia.sch.id', NULL, '$2y$12$N.hualdY6zgZBBYbdEL3MeiUDpfA3o.wNoZOMhmP4iVDD8Hj/S856', NULL, '2026-07-21 10:44:08', '2026-07-21 10:44:08', 'siswa_smp');
INSERT INTO "users" ("id", "name", "email", "email_verified_at", "password", "remember_token", "created_at", "updated_at", "role") VALUES (67, 'Nurul Kasyfatul Mahjubiyyah', 'nurul.kasyfatul.mahjubiyyah@alazharjayaindonesia.sch.id', NULL, '$2y$12$81As2uLGNfSunFLU0u7YLuVK5xCPjXJt5kti6hNj2zSaOGAsUURZ6', NULL, '2026-07-21 10:44:08', '2026-07-21 10:44:08', 'siswa_smp');
INSERT INTO "users" ("id", "name", "email", "email_verified_at", "password", "remember_token", "created_at", "updated_at", "role") VALUES (68, 'Putri Yara', 'putri.yara@alazharjayaindonesia.sch.id', NULL, '$2y$12$6slCc7Ah4zK.RZRWoEEnTuaVYlqn7CnVMqsbJpPAQXaYIaSb6ut1u', NULL, '2026-07-21 10:44:09', '2026-07-21 10:44:09', 'siswa_smp');
INSERT INTO "users" ("id", "name", "email", "email_verified_at", "password", "remember_token", "created_at", "updated_at", "role") VALUES (69, 'Ribkha Pramesti Wijaya', 'ribkha.pramesti.wijaya@alazharjayaindonesia.sch.id', NULL, '$2y$12$axoWi1jH2JWp19z/okRcre6hMeWOoqD3KRGOsAuSj5xN45ep7RiGe', NULL, '2026-07-21 10:44:09', '2026-07-21 10:44:09', 'siswa_smp');
INSERT INTO "users" ("id", "name", "email", "email_verified_at", "password", "remember_token", "created_at", "updated_at", "role") VALUES (70, 'Syaila Unatsa Putri', 'syaila.unatsa.putri@alazharjayaindonesia.sch.id', NULL, '$2y$12$egGL0bHk/RLjZlPHPvD1EehwxJzfwjYX033CtqkfjIOb0KpsB5L4C', NULL, '2026-07-21 10:44:09', '2026-07-21 10:44:09', 'siswa_smp');
INSERT INTO "users" ("id", "name", "email", "email_verified_at", "password", "remember_token", "created_at", "updated_at", "role") VALUES (71, 'Syakira Sausan Khairunnisa', 'syakira.sausan.khairunnisa@alazharjayaindonesia.sch.id', NULL, '$2y$12$GvGrrf56ndA.ki/rko94Ju7wSCptvW6zIm2tRcv06eiIkSfyME4ee', NULL, '2026-07-21 10:44:09', '2026-07-21 10:44:09', 'siswa_smp');
INSERT INTO "users" ("id", "name", "email", "email_verified_at", "password", "remember_token", "created_at", "updated_at", "role") VALUES (72, 'Violine Atha Al-Husna', 'violine.atha.al-husna@alazharjayaindonesia.sch.id', NULL, '$2y$12$Sjx7NViP.clUrrngf/Uk7.U0T/AWsDSv9lV8luk8mnQzPxzqvAVjm', NULL, '2026-07-21 10:44:10', '2026-07-21 10:44:10', 'siswa_smp');
INSERT INTO "users" ("id", "name", "email", "email_verified_at", "password", "remember_token", "created_at", "updated_at", "role") VALUES (73, 'Aqilah Naurah', 'aqilah.naurah@alazharjayaindonesia.sch.id', NULL, '$2y$12$dQEC55eAyS.tmD2MHwc5neaeRlKavUqPVDAuRGwx38hQ.HOdqWAMi', NULL, '2026-07-21 10:44:10', '2026-07-21 10:44:10', 'siswa_smp');
INSERT INTO "users" ("id", "name", "email", "email_verified_at", "password", "remember_token", "created_at", "updated_at", "role") VALUES (74, 'Sahla Azka Hafizah', 'sahla.azka.hafizah@alazharjayaindonesia.sch.id', NULL, '$2y$12$woel5zzvPaN3fHDB8yx0uu05vsgDU/dSasNtGLF7UdQQ8fKiotIPm', NULL, '2026-07-21 10:44:10', '2026-07-21 10:44:10', 'siswa_smp');
INSERT INTO "users" ("id", "name", "email", "email_verified_at", "password", "remember_token", "created_at", "updated_at", "role") VALUES (75, 'Hanna Mufidah', 'hanna.mufidah@alazharjayaindonesia.sch.id', NULL, '$2y$12$O/twif8Bs7Ap6FOjFPihv.bns.9cvrq5VlJORZdP.Anrpm6iBOxJi', NULL, '2026-07-21 10:44:10', '2026-07-21 10:44:10', 'siswa_smp');
INSERT INTO "users" ("id", "name", "email", "email_verified_at", "password", "remember_token", "created_at", "updated_at", "role") VALUES (76, 'Khanza Izzatunnisa', 'khanza.izzatunnisa@alazharjayaindonesia.sch.id', NULL, '$2y$12$.RrWVoYzLuuOu51BuiEoJedIcNGn1mlCnP8kIKhAPrRvu92yVgCvO', NULL, '2026-07-21 10:44:11', '2026-07-21 10:44:11', 'siswa_smp');
INSERT INTO "users" ("id", "name", "email", "email_verified_at", "password", "remember_token", "created_at", "updated_at", "role") VALUES (77, 'Ziya Zivana Zubi', 'ziya.zivana.zubi@alazharjayaindonesia.sch.id', NULL, '$2y$12$GmqwmnUr/zI7I2RvVHUoKOoKfVE.8iUULucq2djeaKmka/CeksC/6', NULL, '2026-07-21 10:44:11', '2026-07-21 10:44:11', 'siswa_smp');
INSERT INTO "users" ("id", "name", "email", "email_verified_at", "password", "remember_token", "created_at", "updated_at", "role") VALUES (78, 'Ibu Sari Rahmawati', 'sari.rohmah@email.com', NULL, '$2y$12$AJN7/eap2E0RMjXE/gJpv.ALWhP/rvOnPGsa9p9kFSa746Bl8AO3O', NULL, '2026-07-21 10:44:13', '2026-07-21 10:44:13', 'orang_tua');
INSERT INTO "users" ("id", "name", "email", "email_verified_at", "password", "remember_token", "created_at", "updated_at", "role") VALUES (79, 'Admin Sekolah', 'admin@alazharjayaindonesia.sch.id', NULL, '$2y$12$XvdnTBK7yxPoCPlKITLYu.onhLlVnVwbZZOEH2qLYD0E6aeWsf73G', NULL, '2026-07-21 10:44:13', '2026-07-21 10:44:13', 'admin');
INSERT INTO "users" ("id", "name", "email", "email_verified_at", "password", "remember_token", "created_at", "updated_at", "role") VALUES (80, 'Kepala Sekolah', 'kepala@alazharjayaindonesia.sch.id', NULL, '$2y$12$G8HqchIv3hmNvnIOhqwW6uHjULQRhcmLWAslHeLAWwy529Ibf/Mxm', NULL, '2026-07-21 10:44:13', '2026-07-21 10:44:13', 'kepala_sekolah');

DROP TABLE IF EXISTS "workbook_jawabans";
CREATE TABLE "workbook_jawabans" ("id" integer primary key autoincrement not null, "workbook_soal_id" integer not null, "siswa_id" integer not null, "jawaban" text, "nilai" numeric, "created_at" datetime, "updated_at" datetime, foreign key("workbook_soal_id") references "workbook_soals"("id") on delete cascade, foreign key("siswa_id") references "siswa"("id"));

DROP TABLE IF EXISTS "workbook_soals";
CREATE TABLE "workbook_soals" ("id" integer primary key autoincrement not null, "workbook_id" integer not null, "nomor" integer not null, "soal" text not null, "tipe" varchar check ("tipe" in ('pg', 'essay')) not null default 'pg', "pilihan_a" text, "pilihan_b" text, "pilihan_c" text, "pilihan_d" text, "jawaban_benar" varchar, "bobot" integer not null default '1', "created_at" datetime, "updated_at" datetime, foreign key("workbook_id") references "workbooks"("id") on delete cascade);
INSERT INTO "workbook_soals" ("id", "workbook_id", "nomor", "soal", "tipe", "pilihan_a", "pilihan_b", "pilihan_c", "pilihan_d", "jawaban_benar", "bobot", "created_at", "updated_at") VALUES (1, 1, 1, 'Berapakah hasil dari 25 × 4?', 'pg', '80', '100', '120', '90', 'b', 1, '2026-07-21 10:44:15', '2026-07-21 10:44:15');
INSERT INTO "workbook_soals" ("id", "workbook_id", "nomor", "soal", "tipe", "pilihan_a", "pilihan_b", "pilihan_c", "pilihan_d", "jawaban_benar", "bobot", "created_at", "updated_at") VALUES (2, 1, 2, 'Sebutkan rumus luas persegi panjang!', 'essay', NULL, NULL, NULL, NULL, NULL, 2, '2026-07-21 10:44:15', '2026-07-21 10:44:15');
INSERT INTO "workbook_soals" ("id", "workbook_id", "nomor", "soal", "tipe", "pilihan_a", "pilihan_b", "pilihan_c", "pilihan_d", "jawaban_benar", "bobot", "created_at", "updated_at") VALUES (3, 2, 1, 'Apa sinonim dari kata "rajin"?', 'pg', 'Malas', 'Tekun', 'Cepat', 'Lambat', 'b', 1, '2026-07-21 10:44:15', '2026-07-21 10:44:15');

DROP TABLE IF EXISTS "workbooks";
CREATE TABLE "workbooks" ("id" integer primary key autoincrement not null, "judul" varchar not null, "deskripsi" text, "mapel_id" integer not null, "kelas_id" integer, "guru_id" integer not null, "tipe" varchar check ("tipe" in ('tugas_pengganti', 'remedial', 'penugasan_di_rumah')) not null default 'penugasan_di_rumah', "created_at" datetime, "updated_at" datetime, foreign key("mapel_id") references "mapel"("id"), foreign key("kelas_id") references "kelas"("id"), foreign key("guru_id") references "guru"("id"));
INSERT INTO "workbooks" ("id", "judul", "deskripsi", "mapel_id", "kelas_id", "guru_id", "tipe", "created_at", "updated_at") VALUES (1, 'Latihan Soal Matematika Bab 5', NULL, 12, 3, 4, 'penugasan_di_rumah', '2026-07-21 10:44:15', '2026-07-21 10:44:15');
INSERT INTO "workbooks" ("id", "judul", "deskripsi", "mapel_id", "kelas_id", "guru_id", "tipe", "created_at", "updated_at") VALUES (2, 'PR Bahasa Indonesia', NULL, 40, 2, 10, 'tugas_pengganti', '2026-07-21 10:44:15', '2026-07-21 10:44:15');

DELETE FROM "sqlite_sequence";
INSERT INTO "sqlite_sequence" ("name", "seq") VALUES ('badges', 4);
INSERT INTO "sqlite_sequence" ("name", "seq") VALUES ('catatan_wali', 10);
INSERT INTO "sqlite_sequence" ("name", "seq") VALUES ('guru', 11);
INSERT INTO "sqlite_sequence" ("name", "seq") VALUES ('jadwal', 350);
INSERT INTO "sqlite_sequence" ("name", "seq") VALUES ('kehadiran', 70);
INSERT INTO "sqlite_sequence" ("name", "seq") VALUES ('kelas', 5);
INSERT INTO "sqlite_sequence" ("name", "seq") VALUES ('kelas_quran', 6);
INSERT INTO "sqlite_sequence" ("name", "seq") VALUES ('laporan_mengajars', 0);
INSERT INTO "sqlite_sequence" ("name", "seq") VALUES ('log_aktivitas', 1);
INSERT INTO "sqlite_sequence" ("name", "seq") VALUES ('mapel', 41);
INSERT INTO "sqlite_sequence" ("name", "seq") VALUES ('migrations', 59);
INSERT INTO "sqlite_sequence" ("name", "seq") VALUES ('nilai', 330);
INSERT INTO "sqlite_sequence" ("name", "seq") VALUES ('orang_tua', 1);
INSERT INTO "sqlite_sequence" ("name", "seq") VALUES ('pembayarans', 18);
INSERT INTO "sqlite_sequence" ("name", "seq") VALUES ('pengaturan', 5);
INSERT INTO "sqlite_sequence" ("name", "seq") VALUES ('pengumuman', 2);
INSERT INTO "sqlite_sequence" ("name", "seq") VALUES ('pesan', 1);
INSERT INTO "sqlite_sequence" ("name", "seq") VALUES ('settings', 5);
INSERT INTO "sqlite_sequence" ("name", "seq") VALUES ('siswa', 66);
INSERT INTO "sqlite_sequence" ("name", "seq") VALUES ('siswa_badge', 5);
INSERT INTO "sqlite_sequence" ("name", "seq") VALUES ('spps', 21);
INSERT INTO "sqlite_sequence" ("name", "seq") VALUES ('tahfidz_setoran', 30);
INSERT INTO "sqlite_sequence" ("name", "seq") VALUES ('tugas', 8);
INSERT INTO "sqlite_sequence" ("name", "seq") VALUES ('users', 80);
INSERT INTO "sqlite_sequence" ("name", "seq") VALUES ('workbook_soals', 3);
INSERT INTO "sqlite_sequence" ("name", "seq") VALUES ('workbooks', 2);

CREATE INDEX "cache_expiration_index" on "cache" ("expiration");

CREATE INDEX "cache_locks_expiration_index" on "cache_locks" ("expiration");

CREATE UNIQUE INDEX "cbt_jawabans_cbt_soal_id_siswa_id_unique" on "cbt_jawabans" ("cbt_soal_id", "siswa_id");

CREATE INDEX "failed_jobs_connection_queue_failed_at_index" on "failed_jobs" ("connection", "queue", "failed_at");

CREATE UNIQUE INDEX "failed_jobs_uuid_unique" on "failed_jobs" ("uuid");

CREATE UNIQUE INDEX "guru_nip_unique" on "guru" ("nip");

CREATE INDEX "jobs_queue_index" on "jobs" ("queue");

CREATE UNIQUE INDEX "kehadiran_gurus_guru_id_tanggal_unique" on "kehadiran_gurus" ("guru_id", "tanggal");

CREATE UNIQUE INDEX "kehadiran_siswa_id_tanggal_unique" on "kehadiran" ("siswa_id", "tanggal");

CREATE UNIQUE INDEX "nilai_ktis_siswa_id_unique" on "nilai_ktis" ("siswa_id");

CREATE UNIQUE INDEX "olympiad_jawabans_olympiad_soal_id_siswa_id_unique" on "olympiad_jawabans" ("olympiad_soal_id", "siswa_id");

CREATE UNIQUE INDEX "pengaturan_key_unique" on "pengaturan" ("key");

CREATE UNIQUE INDEX "pengumpulan_tugas_tugas_id_siswa_id_unique" on "pengumpulan_tugas" ("tugas_id", "siswa_id");

CREATE INDEX "sessions_last_activity_index" on "sessions" ("last_activity");

CREATE INDEX "sessions_user_id_index" on "sessions" ("user_id");

CREATE UNIQUE INDEX "settings_key_unique" on "settings" ("key");

CREATE UNIQUE INDEX "siswa_badge_siswa_id_badge_id_unique" on "siswa_badge" ("siswa_id", "badge_id");

CREATE UNIQUE INDEX "siswa_nis_unique" on "siswa" ("nis");

CREATE UNIQUE INDEX "siswa_tanggal_unique" on "kondisi_kelas" ("siswa_id", "tanggal");

CREATE UNIQUE INDEX "spps_siswa_id_bulan_tahun_unique" on "spps" ("siswa_id", "bulan", "tahun");

CREATE UNIQUE INDEX "tahfidz_ayat_nilai_unique" on "tahfidz_ayat_nilai" ("tahfidz_setoran_id", "guru_id", "nomor_ayat");

CREATE INDEX "tahfidz_progress_kelas_id_progress_percent_index" on "tahfidz_progress" ("kelas_id", "progress_percent");

CREATE INDEX "tahfidz_progress_kelas_quran_id_progress_percent_index" on "tahfidz_progress" ("kelas_quran_id", "progress_percent");

CREATE UNIQUE INDEX "tahfidz_progress_siswa_id_unique" on "tahfidz_progress" ("siswa_id");

CREATE UNIQUE INDEX "users_email_unique" on "users" ("email");

CREATE UNIQUE INDEX "workbook_jawabans_workbook_soal_id_siswa_id_unique" on "workbook_jawabans" ("workbook_soal_id", "siswa_id");

COMMIT;
